INFO  2026-07-15T01:49:48 +2968ms service=default version=v1.4.17 args=["serve","--port","5000","--hostname","0.0.0.0","--cors","https://sourcecraft.dev"] opencode
INFO  2026-07-15T01:49:48 +1ms service=db path=/root/.local/share/opencode/opencode.db opening database
INFO  2026-07-15T01:49:48 +94ms service=db count=10 mode=bundled applying migrations
INFO  2026-07-15T01:49:48 +44ms service=json-migration storage directory does not exist, skipping migration
INFO  2026-07-15T01:49:48 +31ms service=config path=/root/.config/opencode/config.json loading
INFO  2026-07-15T01:49:48 +3ms service=config path=/root/.config/opencode/opencode.json loading
INFO  2026-07-15T01:49:48 +7ms service=config path=/root/.config/opencode/opencode.jsonc loading
INFO  2026-07-15T01:51:34 +105795ms service=server method=GET path=/session request
INFO  2026-07-15T01:51:34 +1ms service=server status=started method=GET path=/session request
INFO  2026-07-15T01:51:34 +6ms service=default directory=/home/sourcecraft-ci-runner/sourcecraft/workspace creating instance
INFO  2026-07-15T01:51:34 +5ms service=project directory=/home/sourcecraft-ci-runner/sourcecraft/workspace fromDirectory
INFO  2026-07-15T01:51:34 +50ms service=default directory=/home/sourcecraft-ci-runner/sourcecraft/workspace bootstrapping
INFO  2026-07-15T01:51:34 +17ms service=config path=/home/sourcecraft-ci-runner/sourcecraft/workspace/opencode.json loading
INFO  2026-07-15T01:51:34 +21ms service=config path=/home/sourcecraft-ci-runner/sourcecraft/workspace/.opencode/opencode.json loading
INFO  2026-07-15T01:51:34 +0ms service=config path=/home/sourcecraft-ci-runner/sourcecraft/workspace/.opencode/opencode.jsonc loading
INFO  2026-07-15T01:51:34 +2ms service=npm dir=/root/.config/opencode checking dependencies
INFO  2026-07-15T01:51:34 +0ms service=npm node_modules missing, reifying
INFO  2026-07-15T01:51:34 +18ms service=config path=/root/.config/sourcecraft/opencode/opencode.json loading
INFO  2026-07-15T01:51:34 +13ms service=config path=/root/.config/sourcecraft/opencode/opencode.jsonc loading
INFO  2026-07-15T01:51:34 +26ms service=npm dir=/home/sourcecraft-ci-runner/sourcecraft/workspace/.opencode checking dependencies
INFO  2026-07-15T01:51:34 +0ms service=npm node_modules missing, reifying
INFO  2026-07-15T01:51:34 +67ms service=plugin name=CodexAuthPlugin loading internal plugin
INFO  2026-07-15T01:51:34 +1ms service=plugin name=CopilotAuthPlugin loading internal plugin
INFO  2026-07-15T01:51:34 +1ms service=plugin name=gitlabAuthPlugin loading internal plugin
INFO  2026-07-15T01:51:34 +0ms service=plugin name=PoeAuthPlugin loading internal plugin
INFO  2026-07-15T01:51:34 +0ms service=plugin name=CloudflareWorkersAuthPlugin loading internal plugin
INFO  2026-07-15T01:51:34 +0ms service=plugin name=CloudflareAIGatewayAuthPlugin loading internal plugin
INFO  2026-07-15T01:51:34 +1ms service=plugin name=MemoryCraft loading internal plugin
INFO  2026-07-15T01:51:34 +1ms service=bus type=* subscribing
INFO  2026-07-15T01:51:34 +18ms service=bus type=session.updated subscribing
INFO  2026-07-15T01:51:34 +0ms service=bus type=message.updated subscribing
INFO  2026-07-15T01:51:34 +0ms service=bus type=message.part.updated subscribing
INFO  2026-07-15T01:51:34 +1ms service=bus type=session.diff subscribing
INFO  2026-07-15T01:51:34 +6ms service=format init
INFO  2026-07-15T01:51:34 +6ms service=lsp serverIds=deno, typescript, vue, eslint, oxlint, biome, gopls, ruby-lsp, pyright, elixir-ls, zls, csharp, fsharp, sourcekit-lsp, rust, clangd, svelte, astro, jdtls, kotlin-ls, yaml-ls, lua-ls, php intelephense, prisma, dart, ocaml-lsp, bash, terraform, texlab, dockerfile, gleam, clojure-lsp, nixd, tinymist, haskell-language-server, julials enabled LSP servers
INFO  2026-07-15T01:51:34 +2ms service=file init
INFO  2026-07-15T01:51:34 +14ms service=file.watcher directory=/home/sourcecraft-ci-runner/sourcecraft/workspace init
INFO  2026-07-15T01:51:34 +9ms service=file.watcher directory=/home/sourcecraft-ci-runner/sourcecraft/workspace platform=linux backend=inotify watcher backend
INFO  2026-07-15T01:51:34 +14ms service=bus type=command.executed subscribing
INFO  2026-07-15T01:51:34 +45ms service=server status=completed duration=344 method=GET path=/session request
INFO  2026-07-15T01:51:34 +28ms service=npm dir=/root/.config/sourcecraft/opencode checking dependencies
INFO  2026-07-15T01:51:34 +0ms service=npm node_modules missing, reifying
INFO  2026-07-15T01:51:34 +46ms service=vcs branch=main default_branch=main initialized
INFO  2026-07-15T01:51:34 +0ms service=bus type=file.watcher.updated subscribing
INFO  2026-07-15T01:51:34 +15ms service=server method=GET path=/provider request
INFO  2026-07-15T01:51:34 +0ms service=server status=started method=GET path=/provider request
INFO  2026-07-15T01:51:34 +3ms service=server method=GET path=/agent request
INFO  2026-07-15T01:51:34 +0ms service=server status=started method=GET path=/agent request
INFO  2026-07-15T01:51:34 +46ms service=provider status=started state
INFO  2026-07-15T01:51:34 +58ms service=provider init
INFO  2026-07-15T01:51:34 +75ms service=skill count=7 init
INFO  2026-07-15T01:51:34 +4ms service=server status=completed duration=183 method=GET path=/agent request
INFO  2026-07-15T01:51:34 +4ms service=provider providerID=opencode found
INFO  2026-07-15T01:51:34 +0ms service=provider providerID=sourcecraft-responses found
INFO  2026-07-15T01:51:34 +0ms service=provider providerID=sourcecraft found
INFO  2026-07-15T01:51:34 +1ms service=provider status=completed duration=142 state
INFO  2026-07-15T01:51:34 +118ms service=server status=completed duration=309 method=GET path=/provider request
INFO  2026-07-15T01:51:35 +321ms service=server method=GET path=/vcs request
INFO  2026-07-15T01:51:35 +0ms service=server status=started method=GET path=/vcs request
INFO  2026-07-15T01:51:35 +4ms service=server status=completed duration=4 method=GET path=/vcs request
INFO  2026-07-15T01:51:35 +61ms service=server method=GET path=/mcp request
INFO  2026-07-15T01:51:35 +0ms service=server status=started method=GET path=/mcp request
INFO  2026-07-15T01:51:35 +7ms service=server status=completed duration=7 method=GET path=/mcp request
INFO  2026-07-15T01:51:35 +3ms service=server method=GET path=/lsp request
INFO  2026-07-15T01:51:35 +0ms service=server status=started method=GET path=/lsp request
INFO  2026-07-15T01:51:35 +2ms service=server status=completed duration=2 method=GET path=/lsp request
INFO  2026-07-15T01:51:35 +46ms service=server method=POST path=/session request
INFO  2026-07-15T01:51:35 +0ms service=server status=started method=POST path=/session request
INFO  2026-07-15T01:51:35 +7ms service=session id=ses_09c871a9cffeIYUzD5fMl7XFBK slug=proud-nebula version=v1.4.17 projectID=d5f82bf4c15299500c398fd016ff6068cdd7781b directory=/home/sourcecraft-ci-runner/sourcecraft/workspace title=New session - 2026-07-15T01:51:35.267Z time={"created":1784080295267,"updated":1784080295267} created
INFO  2026-07-15T01:51:35 +4ms service=bus type=session.created publishing
INFO  2026-07-15T01:51:35 +1ms service=bus type=session.updated publishing
INFO  2026-07-15T01:51:35 +4ms service=server status=completed duration=16 method=POST path=/session request
INFO  2026-07-15T01:51:35 +82ms service=server method=GET path=/event request
INFO  2026-07-15T01:51:35 +0ms service=server status=started method=GET path=/event request
INFO  2026-07-15T01:51:35 +2ms service=server event connected
INFO  2026-07-15T01:51:35 +7ms service=bus type=* subscribing
INFO  2026-07-15T01:51:35 +4ms service=server status=completed duration=13 method=GET path=/event request
INFO  2026-07-15T02:42:29 +3053953ms service=server method=POST path=/session request
INFO  2026-07-15T02:42:29 +1ms service=server status=started method=POST path=/session request
INFO  2026-07-15T02:42:29 +4ms service=session id=ses_09c5880aeffe7gUJBWRjvSwHuh slug=swift-orchid version=v1.4.17 projectID=d5f82bf4c15299500c398fd016ff6068cdd7781b directory=/home/sourcecraft-ci-runner/sourcecraft/workspace title=Добавить декларацию типов для js-yaml time={"created":1784083349329,"updated":1784083349329} created
INFO  2026-07-15T02:42:29 +3ms service=bus type=session.created publishing
INFO  2026-07-15T02:42:29 +1ms service=bus type=session.updated publishing
INFO  2026-07-15T02:42:29 +3ms service=server status=completed duration=11 method=POST path=/session request
INFO  2026-07-15T02:42:29 +164ms service=server method=GET path=/session/ses_09c5880aeffe7gUJBWRjvSwHuh/todo request
INFO  2026-07-15T02:42:29 +1ms service=server status=started method=GET path=/session/ses_09c5880aeffe7gUJBWRjvSwHuh/todo request
INFO  2026-07-15T02:42:29 +5ms service=server status=completed duration=5 method=GET path=/session/ses_09c5880aeffe7gUJBWRjvSwHuh/todo request
INFO  2026-07-15T02:42:31 +2069ms service=bus type=file.watcher.updated publishing
INFO  2026-07-15T02:42:31 +53ms service=bus type=file.watcher.updated publishing
INFO  2026-07-15T02:42:36 +5106ms service=server method=GET path=/config request
INFO  2026-07-15T02:42:36 +0ms service=server status=started method=GET path=/config request
INFO  2026-07-15T02:42:36 +3ms service=server status=completed duration=2 method=GET path=/config request
INFO  2026-07-15T02:42:36 +15ms service=server method=GET path=/event request
INFO  2026-07-15T02:42:36 +0ms service=server status=started method=GET path=/event request
INFO  2026-07-15T02:42:36 +1ms service=server event connected
INFO  2026-07-15T02:42:36 +1ms service=bus type=* subscribing
INFO  2026-07-15T02:42:36 +3ms service=server status=completed duration=4 method=GET path=/event request
INFO  2026-07-15T02:42:36 +0ms service=server method=POST path=/session/ses_09c5880aeffe7gUJBWRjvSwHuh/message request
INFO  2026-07-15T02:42:36 +0ms service=server status=started method=POST path=/session/ses_09c5880aeffe7gUJBWRjvSwHuh/message request
INFO  2026-07-15T02:42:36 +21ms service=server status=completed duration=21 method=POST path=/session/ses_09c5880aeffe7gUJBWRjvSwHuh/message request
INFO  2026-07-15T02:42:36 +75ms service=bus type=message.updated publishing
INFO  2026-07-15T02:42:36 +4ms service=bus type=message.part.updated publishing
INFO  2026-07-15T02:42:36 +5ms service=bus type=session.updated publishing
INFO  2026-07-15T02:42:36 +28ms service=bus type=session.status publishing
INFO  2026-07-15T02:42:36 +0ms service=session.prompt step=0 sessionID=ses_09c5880aeffe7gUJBWRjvSwHuh loop
INFO  2026-07-15T02:42:36 +7ms service=bus type=message.updated publishing
INFO  2026-07-15T02:42:36 +73ms service=snapshot initialized
INFO  2026-07-15T02:42:37 +112ms service=snapshot hash=6e222c712b58fa1b302207b8fc53373cd12ff066 cwd=/home/sourcecraft-ci-runner/sourcecraft/workspace git=/root/.local/share/opencode/snapshot/d5f82bf4c15299500c398fd016ff6068cdd7781b/e180c03326a9b59cd97a62a55fc9e715cbda7426 tracking
INFO  2026-07-15T02:42:37 +3ms service=session.prompt status=started resolveTools
INFO  2026-07-15T02:42:37 +10ms service=bash-tool shell=/bin/bash bash tool using shell
INFO  2026-07-15T02:42:37 +3ms service=tool.registry status=started invalid
INFO  2026-07-15T02:42:37 +1ms service=tool.registry status=completed duration=1 invalid
INFO  2026-07-15T02:42:37 +0ms service=tool.registry status=started question
INFO  2026-07-15T02:42:37 +0ms service=tool.registry status=completed duration=0 question
INFO  2026-07-15T02:42:37 +0ms service=tool.registry status=started bash
INFO  2026-07-15T02:42:37 +0ms service=tool.registry status=completed duration=0 bash
INFO  2026-07-15T02:42:37 +0ms service=tool.registry status=started read
INFO  2026-07-15T02:42:37 +0ms service=tool.registry status=completed duration=0 read
INFO  2026-07-15T02:42:37 +0ms service=tool.registry status=started glob
INFO  2026-07-15T02:42:37 +0ms service=tool.registry status=completed duration=0 glob
INFO  2026-07-15T02:42:37 +0ms service=tool.registry status=started grep
INFO  2026-07-15T02:42:37 +0ms service=tool.registry status=completed duration=0 grep
INFO  2026-07-15T02:42:37 +0ms service=tool.registry status=started edit
INFO  2026-07-15T02:42:37 +0ms service=tool.registry status=completed duration=0 edit
INFO  2026-07-15T02:42:37 +0ms service=tool.registry status=started write
INFO  2026-07-15T02:42:37 +0ms service=tool.registry status=completed duration=0 write
INFO  2026-07-15T02:42:37 +0ms service=tool.registry status=started task
INFO  2026-07-15T02:42:37 +1ms service=tool.registry status=started webfetch
INFO  2026-07-15T02:42:37 +0ms service=tool.registry status=completed duration=0 webfetch
INFO  2026-07-15T02:42:37 +0ms service=tool.registry status=started todowrite
INFO  2026-07-15T02:42:37 +0ms service=tool.registry status=completed duration=0 todowrite
INFO  2026-07-15T02:42:37 +0ms service=tool.registry status=started skill
INFO  2026-07-15T02:42:37 +1ms service=permission permission=skill pattern=asset-workflow ruleset=[{"permission":"*","action":"allow","pattern":"*"},{"permission":"doom_loop","action":"ask","pattern":"*"},{"permission":"external_directory","pattern":"*","action":"ask"},{"permission":"external_directory","pattern":"/root/.local/share/opencode/tool-output/*","action":"allow"},{"permission":"external_directory","pattern":"/home/sourcecraft-ci-runner/sourcecraft/workspace/.opencode/skills/asset-workflow/*","action":"allow"},{"permission":"external_directory","pattern":"/home/sourcecraft-ci-runner/sourcecraft/workspace/.opencode/skills/dynamodb-crud-resource/*","action":"allow"},{"permission":"external_directory","pattern":"/home/sourcecraft-ci-runner/sourcecraft/workspace/.opencode/skills/playwright-cli/*","action":"allow"},{"permission":"external_directory","pattern":"/home/sourcecraft-ci-runner/sourcecraft/workspace/.opencode/skills/shadcn/*","action":"allow"},{"permission":"external_directory","pattern":"/root/.config/sourcecraft/opencode/skills/src-cli/*","action":"allow"},{"permission":"external_directory","pattern":"/root/.config/sourcecraft/opencode/skills/pr-description/*","action":"allow"},{"permission":"external_directory","pattern":"/root/.config/sourcecraft/opencode/skills/codereview/*","action":"allow"},{"permission":"question","action":"deny","pattern":"*"},{"permission":"plan_enter","action":"deny","pattern":"*"},{"permission":"plan_exit","action":"deny","pattern":"*"},{"permission":"read","pattern":"*","action":"allow"},{"permission":"read","pattern":"*.env","action":"ask"},{"permission":"read","pattern":"*.env.*","action":"ask"},{"permission":"read","pattern":"*.env.example","action":"allow"},{"permission":"question","action":"allow","pattern":"*"},{"permission":"plan_enter","action":"allow","pattern":"*"},{"permission":"question","action":"deny","pattern":"*"},{"permission":"external_directory","pattern":"/root/.local/share/opencode/tool-output/*","action":"allow"}] evaluate
INFO  2026-07-15T02:42:37 +0ms service=permission permission=skill pattern=codereview ruleset=[{"permission":"*","action":"allow","pattern":"*"},{"permission":"doom_loop","action":"ask","pattern":"*"},{"permission":"external_directory","pattern":"*","action":"ask"},{"permission":"external_directory","pattern":"/root/.local/share/opencode/tool-output/*","action":"allow"},{"permission":"external_directory","pattern":"/home/sourcecraft-ci-runner/sourcecraft/workspace/.opencode/skills/asset-workflow/*","action":"allow"},{"permission":"external_directory","pattern":"/home/sourcecraft-ci-runner/sourcecraft/workspace/.opencode/skills/dynamodb-crud-resource/*","action":"allow"},{"permission":"external_directory","pattern":"/home/sourcecraft-ci-runner/sourcecraft/workspace/.opencode/skills/playwright-cli/*","action":"allow"},{"permission":"external_directory","pattern":"/home/sourcecraft-ci-runner/sourcecraft/workspace/.opencode/skills/shadcn/*","action":"allow"},{"permission":"external_directory","pattern":"/root/.config/sourcecraft/opencode/skills/src-cli/*","action":"allow"},{"permission":"external_directory","pattern":"/root/.config/sourcecraft/opencode/skills/pr-description/*","action":"allow"},{"permission":"external_directory","pattern":"/root/.config/sourcecraft/opencode/skills/codereview/*","action":"allow"},{"permission":"question","action":"deny","pattern":"*"},{"permission":"plan_enter","action":"deny","pattern":"*"},{"permission":"plan_exit","action":"deny","pattern":"*"},{"permission":"read","pattern":"*","action":"allow"},{"permission":"read","pattern":"*.env","action":"ask"},{"permission":"read","pattern":"*.env.*","action":"ask"},{"permission":"read","pattern":"*.env.example","action":"allow"},{"permission":"question","action":"allow","pattern":"*"},{"permission":"plan_enter","action":"allow","pattern":"*"},{"permission":"question","action":"deny","pattern":"*"},{"permission":"external_directory","pattern":"/root/.local/share/opencode/tool-output/*","action":"allow"}] evaluate
INFO  2026-07-15T02:42:37 +1ms service=permission permission=skill pattern=dynamodb-crud-resource ruleset=[{"permission":"*","action":"allow","pattern":"*"},{"permission":"doom_loop","action":"ask","pattern":"*"},{"permission":"external_directory","pattern":"*","action":"ask"},{"permission":"external_directory","pattern":"/root/.local/share/opencode/tool-output/*","action":"allow"},{"permission":"external_directory","pattern":"/home/sourcecraft-ci-runner/sourcecraft/workspace/.opencode/skills/asset-workflow/*","action":"allow"},{"permission":"external_directory","pattern":"/home/sourcecraft-ci-runner/sourcecraft/workspace/.opencode/skills/dynamodb-crud-resource/*","action":"allow"},{"permission":"external_directory","pattern":"/home/sourcecraft-ci-runner/sourcecraft/workspace/.opencode/skills/playwright-cli/*","action":"allow"},{"permission":"external_directory","pattern":"/home/sourcecraft-ci-runner/sourcecraft/workspace/.opencode/skills/shadcn/*","action":"allow"},{"permission":"external_directory","pattern":"/root/.config/sourcecraft/opencode/skills/src-cli/*","action":"allow"},{"permission":"external_directory","pattern":"/root/.config/sourcecraft/opencode/skills/pr-description/*","action":"allow"},{"permission":"external_directory","pattern":"/root/.config/sourcecraft/opencode/skills/codereview/*","action":"allow"},{"permission":"question","action":"deny","pattern":"*"},{"permission":"plan_enter","action":"deny","pattern":"*"},{"permission":"plan_exit","action":"deny","pattern":"*"},{"permission":"read","pattern":"*","action":"allow"},{"permission":"read","pattern":"*.env","action":"ask"},{"permission":"read","pattern":"*.env.*","action":"ask"},{"permission":"read","pattern":"*.env.example","action":"allow"},{"permission":"question","action":"allow","pattern":"*"},{"permission":"plan_enter","action":"allow","pattern":"*"},{"permission":"question","action":"deny","pattern":"*"},{"permission":"external_directory","pattern":"/root/.local/share/opencode/tool-output/*","action":"allow"}] evaluate
INFO  2026-07-15T02:42:37 +0ms service=permission permission=skill pattern=playwright-cli ruleset=[{"permission":"*","action":"allow","pattern":"*"},{"permission":"doom_loop","action":"ask","pattern":"*"},{"permission":"external_directory","pattern":"*","action":"ask"},{"permission":"external_directory","pattern":"/root/.local/share/opencode/tool-output/*","action":"allow"},{"permission":"external_directory","pattern":"/home/sourcecraft-ci-runner/sourcecraft/workspace/.opencode/skills/asset-workflow/*","action":"allow"},{"permission":"external_directory","pattern":"/home/sourcecraft-ci-runner/sourcecraft/workspace/.opencode/skills/dynamodb-crud-resource/*","action":"allow"},{"permission":"external_directory","pattern":"/home/sourcecraft-ci-runner/sourcecraft/workspace/.opencode/skills/playwright-cli/*","action":"allow"},{"permission":"external_directory","pattern":"/home/sourcecraft-ci-runner/sourcecraft/workspace/.opencode/skills/shadcn/*","action":"allow"},{"permission":"external_directory","pattern":"/root/.config/sourcecraft/opencode/skills/src-cli/*","action":"allow"},{"permission":"external_directory","pattern":"/root/.config/sourcecraft/opencode/skills/pr-description/*","action":"allow"},{"permission":"external_directory","pattern":"/root/.config/sourcecraft/opencode/skills/codereview/*","action":"allow"},{"permission":"question","action":"deny","pattern":"*"},{"permission":"plan_enter","action":"deny","pattern":"*"},{"permission":"plan_exit","action":"deny","pattern":"*"},{"permission":"read","pattern":"*","action":"allow"},{"permission":"read","pattern":"*.env","action":"ask"},{"permission":"read","pattern":"*.env.*","action":"ask"},{"permission":"read","pattern":"*.env.example","action":"allow"},{"permission":"question","action":"allow","pattern":"*"},{"permission":"plan_enter","action":"allow","pattern":"*"},{"permission":"question","action":"deny","pattern":"*"},{"permission":"external_directory","pattern":"/root/.local/share/opencode/tool-output/*","action":"allow"}] evaluate
INFO  2026-07-15T02:42:37 +0ms service=permission permission=skill pattern=pr-description ruleset=[{"permission":"*","action":"allow","pattern":"*"},{"permission":"doom_loop","action":"ask","pattern":"*"},{"permission":"external_directory","pattern":"*","action":"ask"},{"permission":"external_directory","pattern":"/root/.local/share/opencode/tool-output/*","action":"allow"},{"permission":"external_directory","pattern":"/home/sourcecraft-ci-runner/sourcecraft/workspace/.opencode/skills/asset-workflow/*","action":"allow"},{"permission":"external_directory","pattern":"/home/sourcecraft-ci-runner/sourcecraft/workspace/.opencode/skills/dynamodb-crud-resource/*","action":"allow"},{"permission":"external_directory","pattern":"/home/sourcecraft-ci-runner/sourcecraft/workspace/.opencode/skills/playwright-cli/*","action":"allow"},{"permission":"external_directory","pattern":"/home/sourcecraft-ci-runner/sourcecraft/workspace/.opencode/skills/shadcn/*","action":"allow"},{"permission":"external_directory","pattern":"/root/.config/sourcecraft/opencode/skills/src-cli/*","action":"allow"},{"permission":"external_directory","pattern":"/root/.config/sourcecraft/opencode/skills/pr-description/*","action":"allow"},{"permission":"external_directory","pattern":"/root/.config/sourcecraft/opencode/skills/codereview/*","action":"allow"},{"permission":"question","action":"deny","pattern":"*"},{"permission":"plan_enter","action":"deny","pattern":"*"},{"permission":"plan_exit","action":"deny","pattern":"*"},{"permission":"read","pattern":"*","action":"allow"},{"permission":"read","pattern":"*.env","action":"ask"},{"permission":"read","pattern":"*.env.*","action":"ask"},{"permission":"read","pattern":"*.env.example","action":"allow"},{"permission":"question","action":"allow","pattern":"*"},{"permission":"plan_enter","action":"allow","pattern":"*"},{"permission":"question","action":"deny","pattern":"*"},{"permission":"external_directory","pattern":"/root/.local/share/opencode/tool-output/*","action":"allow"}] evaluate
INFO  2026-07-15T02:42:37 +0ms service=permission permission=skill pattern=shadcn ruleset=[{"permission":"*","action":"allow","pattern":"*"},{"permission":"doom_loop","action":"ask","pattern":"*"},{"permission":"external_directory","pattern":"*","action":"ask"},{"permission":"external_directory","pattern":"/root/.local/share/opencode/tool-output/*","action":"allow"},{"permission":"external_directory","pattern":"/home/sourcecraft-ci-runner/sourcecraft/workspace/.opencode/skills/asset-workflow/*","action":"allow"},{"permission":"external_directory","pattern":"/home/sourcecraft-ci-runner/sourcecraft/workspace/.opencode/skills/dynamodb-crud-resource/*","action":"allow"},{"permission":"external_directory","pattern":"/home/sourcecraft-ci-runner/sourcecraft/workspace/.opencode/skills/playwright-cli/*","action":"allow"},{"permission":"external_directory","pattern":"/home/sourcecraft-ci-runner/sourcecraft/workspace/.opencode/skills/shadcn/*","action":"allow"},{"permission":"external_directory","pattern":"/root/.config/sourcecraft/opencode/skills/src-cli/*","action":"allow"},{"permission":"external_directory","pattern":"/root/.config/sourcecraft/opencode/skills/pr-description/*","action":"allow"},{"permission":"external_directory","pattern":"/root/.config/sourcecraft/opencode/skills/codereview/*","action":"allow"},{"permission":"question","action":"deny","pattern":"*"},{"permission":"plan_enter","action":"deny","pattern":"*"},{"permission":"plan_exit","action":"deny","pattern":"*"},{"permission":"read","pattern":"*","action":"allow"},{"permission":"read","pattern":"*.env","action":"ask"},{"permission":"read","pattern":"*.env.*","action":"ask"},{"permission":"read","pattern":"*.env.example","action":"allow"},{"permission":"question","action":"allow","pattern":"*"},{"permission":"plan_enter","action":"allow","pattern":"*"},{"permission":"question","action":"deny","pattern":"*"},{"permission":"external_directory","pattern":"/root/.local/share/opencode/tool-output/*","action":"allow"}] evaluate
INFO  2026-07-15T02:42:37 +0ms service=permission permission=skill pattern=src-cli ruleset=[{"permission":"*","action":"allow","pattern":"*"},{"permission":"doom_loop","action":"ask","pattern":"*"},{"permission":"external_directory","pattern":"*","action":"ask"},{"permission":"external_directory","pattern":"/root/.local/share/opencode/tool-output/*","action":"allow"},{"permission":"external_directory","pattern":"/home/sourcecraft-ci-runner/sourcecraft/workspace/.opencode/skills/asset-workflow/*","action":"allow"},{"permission":"external_directory","pattern":"/home/sourcecraft-ci-runner/sourcecraft/workspace/.opencode/skills/dynamodb-crud-resource/*","action":"allow"},{"permission":"external_directory","pattern":"/home/sourcecraft-ci-runner/sourcecraft/workspace/.opencode/skills/playwright-cli/*","action":"allow"},{"permission":"external_directory","pattern":"/home/sourcecraft-ci-runner/sourcecraft/workspace/.opencode/skills/shadcn/*","action":"allow"},{"permission":"external_directory","pattern":"/root/.config/sourcecraft/opencode/skills/src-cli/*","action":"allow"},{"permission":"external_directory","pattern":"/root/.config/sourcecraft/opencode/skills/pr-description/*","action":"allow"},{"permission":"external_directory","pattern":"/root/.config/sourcecraft/opencode/skills/codereview/*","action":"allow"},{"permission":"question","action":"deny","pattern":"*"},{"permission":"plan_enter","action":"deny","pattern":"*"},{"permission":"plan_exit","action":"deny","pattern":"*"},{"permission":"read","pattern":"*","action":"allow"},{"permission":"read","pattern":"*.env","action":"ask"},{"permission":"read","pattern":"*.env.*","action":"ask"},{"permission":"read","pattern":"*.env.example","action":"allow"},{"permission":"question","action":"allow","pattern":"*"},{"permission":"plan_enter","action":"allow","pattern":"*"},{"permission":"question","action":"deny","pattern":"*"},{"permission":"external_directory","pattern":"/root/.local/share/opencode/tool-output/*","action":"allow"}] evaluate
INFO  2026-07-15T02:42:37 +0ms service=tool.registry status=completed duration=2 skill
INFO  2026-07-15T02:42:37 +0ms service=permission permission=task pattern=explore ruleset=[{"permission":"*","action":"allow","pattern":"*"},{"permission":"doom_loop","action":"ask","pattern":"*"},{"permission":"external_directory","pattern":"*","action":"ask"},{"permission":"external_directory","pattern":"/root/.local/share/opencode/tool-output/*","action":"allow"},{"permission":"external_directory","pattern":"/home/sourcecraft-ci-runner/sourcecraft/workspace/.opencode/skills/asset-workflow/*","action":"allow"},{"permission":"external_directory","pattern":"/home/sourcecraft-ci-runner/sourcecraft/workspace/.opencode/skills/dynamodb-crud-resource/*","action":"allow"},{"permission":"external_directory","pattern":"/home/sourcecraft-ci-runner/sourcecraft/workspace/.opencode/skills/playwright-cli/*","action":"allow"},{"permission":"external_directory","pattern":"/home/sourcecraft-ci-runner/sourcecraft/workspace/.opencode/skills/shadcn/*","action":"allow"},{"permission":"external_directory","pattern":"/root/.config/sourcecraft/opencode/skills/src-cli/*","action":"allow"},{"permission":"external_directory","pattern":"/root/.config/sourcecraft/opencode/skills/pr-description/*","action":"allow"},{"permission":"external_directory","pattern":"/root/.config/sourcecraft/opencode/skills/codereview/*","action":"allow"},{"permission":"question","action":"deny","pattern":"*"},{"permission":"plan_enter","action":"deny","pattern":"*"},{"permission":"plan_exit","action":"deny","pattern":"*"},{"permission":"read","pattern":"*","action":"allow"},{"permission":"read","pattern":"*.env","action":"ask"},{"permission":"read","pattern":"*.env.*","action":"ask"},{"permission":"read","pattern":"*.env.example","action":"allow"},{"permission":"question","action":"allow","pattern":"*"},{"permission":"plan_enter","action":"allow","pattern":"*"},{"permission":"question","action":"deny","pattern":"*"},{"permission":"external_directory","pattern":"/root/.local/share/opencode/tool-output/*","action":"allow"}] evaluate
INFO  2026-07-15T02:42:37 +0ms service=permission permission=task pattern=general ruleset=[{"permission":"*","action":"allow","pattern":"*"},{"permission":"doom_loop","action":"ask","pattern":"*"},{"permission":"external_directory","pattern":"*","action":"ask"},{"permission":"external_directory","pattern":"/root/.local/share/opencode/tool-output/*","action":"allow"},{"permission":"external_directory","pattern":"/home/sourcecraft-ci-runner/sourcecraft/workspace/.opencode/skills/asset-workflow/*","action":"allow"},{"permission":"external_directory","pattern":"/home/sourcecraft-ci-runner/sourcecraft/workspace/.opencode/skills/dynamodb-crud-resource/*","action":"allow"},{"permission":"external_directory","pattern":"/home/sourcecraft-ci-runner/sourcecraft/workspace/.opencode/skills/playwright-cli/*","action":"allow"},{"permission":"external_directory","pattern":"/home/sourcecraft-ci-runner/sourcecraft/workspace/.opencode/skills/shadcn/*","action":"allow"},{"permission":"external_directory","pattern":"/root/.config/sourcecraft/opencode/skills/src-cli/*","action":"allow"},{"permission":"external_directory","pattern":"/root/.config/sourcecraft/opencode/skills/pr-description/*","action":"allow"},{"permission":"external_directory","pattern":"/root/.config/sourcecraft/opencode/skills/codereview/*","action":"allow"},{"permission":"question","action":"deny","pattern":"*"},{"permission":"plan_enter","action":"deny","pattern":"*"},{"permission":"plan_exit","action":"deny","pattern":"*"},{"permission":"read","pattern":"*","action":"allow"},{"permission":"read","pattern":"*.env","action":"ask"},{"permission":"read","pattern":"*.env.*","action":"ask"},{"permission":"read","pattern":"*.env.example","action":"allow"},{"permission":"question","action":"allow","pattern":"*"},{"permission":"plan_enter","action":"allow","pattern":"*"},{"permission":"question","action":"deny","pattern":"*"},{"permission":"external_directory","pattern":"/root/.local/share/opencode/tool-output/*","action":"allow"}] evaluate
INFO  2026-07-15T02:42:37 +1ms service=tool.registry status=completed duration=4 task
INFO  2026-07-15T02:42:37 +6ms service=session.prompt status=completed duration=24 resolveTools
INFO  2026-07-15T02:42:37 +6ms service=bus type=session.updated publishing
INFO  2026-07-15T02:42:37 +4ms service=permission permission=skill pattern=asset-workflow ruleset=[{"permission":"*","action":"allow","pattern":"*"},{"permission":"doom_loop","action":"ask","pattern":"*"},{"permission":"external_directory","pattern":"*","action":"ask"},{"permission":"external_directory","pattern":"/root/.local/share/opencode/tool-output/*","action":"allow"},{"permission":"external_directory","pattern":"/home/sourcecraft-ci-runner/sourcecraft/workspace/.opencode/skills/asset-workflow/*","action":"allow"},{"permission":"external_directory","pattern":"/home/sourcecraft-ci-runner/sourcecraft/workspace/.opencode/skills/dynamodb-crud-resource/*","action":"allow"},{"permission":"external_directory","pattern":"/home/sourcecraft-ci-runner/sourcecraft/workspace/.opencode/skills/playwright-cli/*","action":"allow"},{"permission":"external_directory","pattern":"/home/sourcecraft-ci-runner/sourcecraft/workspace/.opencode/skills/shadcn/*","action":"allow"},{"permission":"external_directory","pattern":"/root/.config/sourcecraft/opencode/skills/src-cli/*","action":"allow"},{"permission":"external_directory","pattern":"/root/.config/sourcecraft/opencode/skills/pr-description/*","action":"allow"},{"permission":"external_directory","pattern":"/root/.config/sourcecraft/opencode/skills/codereview/*","action":"allow"},{"permission":"question","action":"deny","pattern":"*"},{"permission":"plan_enter","action":"deny","pattern":"*"},{"permission":"plan_exit","action":"deny","pattern":"*"},{"permission":"read","pattern":"*","action":"allow"},{"permission":"read","pattern":"*.env","action":"ask"},{"permission":"read","pattern":"*.env.*","action":"ask"},{"permission":"read","pattern":"*.env.example","action":"allow"},{"permission":"question","action":"allow","pattern":"*"},{"permission":"plan_enter","action":"allow","pattern":"*"},{"permission":"question","action":"deny","pattern":"*"},{"permission":"external_directory","pattern":"/root/.local/share/opencode/tool-output/*","action":"allow"}] evaluate
INFO  2026-07-15T02:42:37 +0ms service=permission permission=skill pattern=codereview ruleset=[{"permission":"*","action":"allow","pattern":"*"},{"permission":"doom_loop","action":"ask","pattern":"*"},{"permission":"external_directory","pattern":"*","action":"ask"},{"permission":"external_directory","pattern":"/root/.local/share/opencode/tool-output/*","action":"allow"},{"permission":"external_directory","pattern":"/home/sourcecraft-ci-runner/sourcecraft/workspace/.opencode/skills/asset-workflow/*","action":"allow"},{"permission":"external_directory","pattern":"/home/sourcecraft-ci-runner/sourcecraft/workspace/.opencode/skills/dynamodb-crud-resource/*","action":"allow"},{"permission":"external_directory","pattern":"/home/sourcecraft-ci-runner/sourcecraft/workspace/.opencode/skills/playwright-cli/*","action":"allow"},{"permission":"external_directory","pattern":"/home/sourcecraft-ci-runner/sourcecraft/workspace/.opencode/skills/shadcn/*","action":"allow"},{"permission":"external_directory","pattern":"/root/.config/sourcecraft/opencode/skills/src-cli/*","action":"allow"},{"permission":"external_directory","pattern":"/root/.config/sourcecraft/opencode/skills/pr-description/*","action":"allow"},{"permission":"external_directory","pattern":"/root/.config/sourcecraft/opencode/skills/codereview/*","action":"allow"},{"permission":"question","action":"deny","pattern":"*"},{"permission":"plan_enter","action":"deny","pattern":"*"},{"permission":"plan_exit","action":"deny","pattern":"*"},{"permission":"read","pattern":"*","action":"allow"},{"permission":"read","pattern":"*.env","action":"ask"},{"permission":"read","pattern":"*.env.*","action":"ask"},{"permission":"read","pattern":"*.env.example","action":"allow"},{"permission":"question","action":"allow","pattern":"*"},{"permission":"plan_enter","action":"allow","pattern":"*"},{"permission":"question","action":"deny","pattern":"*"},{"permission":"external_directory","pattern":"/root/.local/share/opencode/tool-output/*","action":"allow"}] evaluate
INFO  2026-07-15T02:42:37 +0ms service=permission permission=skill pattern=dynamodb-crud-resource ruleset=[{"permission":"*","action":"allow","pattern":"*"},{"permission":"doom_loop","action":"ask","pattern":"*"},{"permission":"external_directory","pattern":"*","action":"ask"},{"permission":"external_directory","pattern":"/root/.local/share/opencode/tool-output/*","action":"allow"},{"permission":"external_directory","pattern":"/home/sourcecraft-ci-runner/sourcecraft/workspace/.opencode/skills/asset-workflow/*","action":"allow"},{"permission":"external_directory","pattern":"/home/sourcecraft-ci-runner/sourcecraft/workspace/.opencode/skills/dynamodb-crud-resource/*","action":"allow"},{"permission":"external_directory","pattern":"/home/sourcecraft-ci-runner/sourcecraft/workspace/.opencode/skills/playwright-cli/*","action":"allow"},{"permission":"external_directory","pattern":"/home/sourcecraft-ci-runner/sourcecraft/workspace/.opencode/skills/shadcn/*","action":"allow"},{"permission":"external_directory","pattern":"/root/.config/sourcecraft/opencode/skills/src-cli/*","action":"allow"},{"permission":"external_directory","pattern":"/root/.config/sourcecraft/opencode/skills/pr-description/*","action":"allow"},{"permission":"external_directory","pattern":"/root/.config/sourcecraft/opencode/skills/codereview/*","action":"allow"},{"permission":"question","action":"deny","pattern":"*"},{"permission":"plan_enter","action":"deny","pattern":"*"},{"permission":"plan_exit","action":"deny","pattern":"*"},{"permission":"read","pattern":"*","action":"allow"},{"permission":"read","pattern":"*.env","action":"ask"},{"permission":"read","pattern":"*.env.*","action":"ask"},{"permission":"read","pattern":"*.env.example","action":"allow"},{"permission":"question","action":"allow","pattern":"*"},{"permission":"plan_enter","action":"allow","pattern":"*"},{"permission":"question","action":"deny","pattern":"*"},{"permission":"external_directory","pattern":"/root/.local/share/opencode/tool-output/*","action":"allow"}] evaluate
INFO  2026-07-15T02:42:37 +0ms service=permission permission=skill pattern=playwright-cli ruleset=[{"permission":"*","action":"allow","pattern":"*"},{"permission":"doom_loop","action":"ask","pattern":"*"},{"permission":"external_directory","pattern":"*","action":"ask"},{"permission":"external_directory","pattern":"/root/.local/share/opencode/tool-output/*","action":"allow"},{"permission":"external_directory","pattern":"/home/sourcecraft-ci-runner/sourcecraft/workspace/.opencode/skills/asset-workflow/*","action":"allow"},{"permission":"external_directory","pattern":"/home/sourcecraft-ci-runner/sourcecraft/workspace/.opencode/skills/dynamodb-crud-resource/*","action":"allow"},{"permission":"external_directory","pattern":"/home/sourcecraft-ci-runner/sourcecraft/workspace/.opencode/skills/playwright-cli/*","action":"allow"},{"permission":"external_directory","pattern":"/home/sourcecraft-ci-runner/sourcecraft/workspace/.opencode/skills/shadcn/*","action":"allow"},{"permission":"external_directory","pattern":"/root/.config/sourcecraft/opencode/skills/src-cli/*","action":"allow"},{"permission":"external_directory","pattern":"/root/.config/sourcecraft/opencode/skills/pr-description/*","action":"allow"},{"permission":"external_directory","pattern":"/root/.config/sourcecraft/opencode/skills/codereview/*","action":"allow"},{"permission":"question","action":"deny","pattern":"*"},{"permission":"plan_enter","action":"deny","pattern":"*"},{"permission":"plan_exit","action":"deny","pattern":"*"},{"permission":"read","pattern":"*","action":"allow"},{"permission":"read","pattern":"*.env","action":"ask"},{"permission":"read","pattern":"*.env.*","action":"ask"},{"permission":"read","pattern":"*.env.example","action":"allow"},{"permission":"question","action":"allow","pattern":"*"},{"permission":"plan_enter","action":"allow","pattern":"*"},{"permission":"question","action":"deny","pattern":"*"},{"permission":"external_directory","pattern":"/root/.local/share/opencode/tool-output/*","action":"allow"}] evaluate
INFO  2026-07-15T02:42:37 +0ms service=permission permission=skill pattern=pr-description ruleset=[{"permission":"*","action":"allow","pattern":"*"},{"permission":"doom_loop","action":"ask","pattern":"*"},{"permission":"external_directory","pattern":"*","action":"ask"},{"permission":"external_directory","pattern":"/root/.local/share/opencode/tool-output/*","action":"allow"},{"permission":"external_directory","pattern":"/home/sourcecraft-ci-runner/sourcecraft/workspace/.opencode/skills/asset-workflow/*","action":"allow"},{"permission":"external_directory","pattern":"/home/sourcecraft-ci-runner/sourcecraft/workspace/.opencode/skills/dynamodb-crud-resource/*","action":"allow"},{"permission":"external_directory","pattern":"/home/sourcecraft-ci-runner/sourcecraft/workspace/.opencode/skills/playwright-cli/*","action":"allow"},{"permission":"external_directory","pattern":"/home/sourcecraft-ci-runner/sourcecraft/workspace/.opencode/skills/shadcn/*","action":"allow"},{"permission":"external_directory","pattern":"/root/.config/sourcecraft/opencode/skills/src-cli/*","action":"allow"},{"permission":"external_directory","pattern":"/root/.config/sourcecraft/opencode/skills/pr-description/*","action":"allow"},{"permission":"external_directory","pattern":"/root/.config/sourcecraft/opencode/skills/codereview/*","action":"allow"},{"permission":"question","action":"deny","pattern":"*"},{"permission":"plan_enter","action":"deny","pattern":"*"},{"permission":"plan_exit","action":"deny","pattern":"*"},{"permission":"read","pattern":"*","action":"allow"},{"permission":"read","pattern":"*.env","action":"ask"},{"permission":"read","pattern":"*.env.*","action":"ask"},{"permission":"read","pattern":"*.env.example","action":"allow"},{"permission":"question","action":"allow","pattern":"*"},{"permission":"plan_enter","action":"allow","pattern":"*"},{"permission":"question","action":"deny","pattern":"*"},{"permission":"external_directory","pattern":"/root/.local/share/opencode/tool-output/*","action":"allow"}] evaluate
INFO  2026-07-15T02:42:37 +0ms service=permission permission=skill pattern=shadcn ruleset=[{"permission":"*","action":"allow","pattern":"*"},{"permission":"doom_loop","action":"ask","pattern":"*"},{"permission":"external_directory","pattern":"*","action":"ask"},{"permission":"external_directory","pattern":"/root/.local/share/opencode/tool-output/*","action":"allow"},{"permission":"external_directory","pattern":"/home/sourcecraft-ci-runner/sourcecraft/workspace/.opencode/skills/asset-workflow/*","action":"allow"},{"permission":"external_directory","pattern":"/home/sourcecraft-ci-runner/sourcecraft/workspace/.opencode/skills/dynamodb-crud-resource/*","action":"allow"},{"permission":"external_directory","pattern":"/home/sourcecraft-ci-runner/sourcecraft/workspace/.opencode/skills/playwright-cli/*","action":"allow"},{"permission":"external_directory","pattern":"/home/sourcecraft-ci-runner/sourcecraft/workspace/.opencode/skills/shadcn/*","action":"allow"},{"permission":"external_directory","pattern":"/root/.config/sourcecraft/opencode/skills/src-cli/*","action":"allow"},{"permission":"external_directory","pattern":"/root/.config/sourcecraft/opencode/skills/pr-description/*","action":"allow"},{"permission":"external_directory","pattern":"/root/.config/sourcecraft/opencode/skills/codereview/*","action":"allow"},{"permission":"question","action":"deny","pattern":"*"},{"permission":"plan_enter","action":"deny","pattern":"*"},{"permission":"plan_exit","action":"deny","pattern":"*"},{"permission":"read","pattern":"*","action":"allow"},{"permission":"read","pattern":"*.env","action":"ask"},{"permission":"read","pattern":"*.env.*","action":"ask"},{"permission":"read","pattern":"*.env.example","action":"allow"},{"permission":"question","action":"allow","pattern":"*"},{"permission":"plan_enter","action":"allow","pattern":"*"},{"permission":"question","action":"deny","pattern":"*"},{"permission":"external_directory","pattern":"/root/.local/share/opencode/tool-output/*","action":"allow"}] evaluate
INFO  2026-07-15T02:42:37 +0ms service=permission permission=skill pattern=src-cli ruleset=[{"permission":"*","action":"allow","pattern":"*"},{"permission":"doom_loop","action":"ask","pattern":"*"},{"permission":"external_directory","pattern":"*","action":"ask"},{"permission":"external_directory","pattern":"/root/.local/share/opencode/tool-output/*","action":"allow"},{"permission":"external_directory","pattern":"/home/sourcecraft-ci-runner/sourcecraft/workspace/.opencode/skills/asset-workflow/*","action":"allow"},{"permission":"external_directory","pattern":"/home/sourcecraft-ci-runner/sourcecraft/workspace/.opencode/skills/dynamodb-crud-resource/*","action":"allow"},{"permission":"external_directory","pattern":"/home/sourcecraft-ci-runner/sourcecraft/workspace/.opencode/skills/playwright-cli/*","action":"allow"},{"permission":"external_directory","pattern":"/home/sourcecraft-ci-runner/sourcecraft/workspace/.opencode/skills/shadcn/*","action":"allow"},{"permission":"external_directory","pattern":"/root/.config/sourcecraft/opencode/skills/src-cli/*","action":"allow"},{"permission":"external_directory","pattern":"/root/.config/sourcecraft/opencode/skills/pr-description/*","action":"allow"},{"permission":"external_directory","pattern":"/root/.config/sourcecraft/opencode/skills/codereview/*","action":"allow"},{"permission":"question","action":"deny","pattern":"*"},{"permission":"plan_enter","action":"deny","pattern":"*"},{"permission":"plan_exit","action":"deny","pattern":"*"},{"permission":"read","pattern":"*","action":"allow"},{"permission":"read","pattern":"*.env","action":"ask"},{"permission":"read","pattern":"*.env.*","action":"ask"},{"permission":"read","pattern":"*.env.example","action":"allow"},{"permission":"question","action":"allow","pattern":"*"},{"permission":"plan_enter","action":"allow","pattern":"*"},{"permission":"question","action":"deny","pattern":"*"},{"permission":"external_directory","pattern":"/root/.local/share/opencode/tool-output/*","action":"allow"}] evaluate
INFO  2026-07-15T02:42:37 +3ms service=storage index=0 running migration
INFO  2026-07-15T02:42:37 +5ms service=storage index=1 running migration
INFO  2026-07-15T02:42:37 +5ms service=session.processor process
INFO  2026-07-15T02:42:37 +3ms service=llm providerID=sourcecraft modelID=default sessionID=ses_09c5880aeffe7gUJBWRjvSwHuh small=false agent=build mode=primary stream
INFO  2026-07-15T02:42:37 +2ms service=provider status=started providerID=sourcecraft getSDK
INFO  2026-07-15T02:42:37 +0ms service=provider providerID=sourcecraft pkg=@ai-sdk/openai-compatible using bundled provider
INFO  2026-07-15T02:42:37 +0ms service=provider status=completed duration=0 providerID=sourcecraft getSDK
INFO  2026-07-15T02:42:37 +9ms service=bus type=context.usage.updated publishing
INFO  2026-07-15T02:42:37 +13ms service=bus type=session.status publishing
INFO  2026-07-15T02:42:37 +24ms service=bus type=session.diff publishing
INFO  2026-07-15T02:42:37 +3ms service=bus type=message.updated publishing
INFO  2026-07-15T02:42:37 +736ms service=bus type=message.part.updated publishing
INFO  2026-07-15T02:42:37 +2ms service=bus type=message.part.updated publishing
INFO  2026-07-15T02:42:37 +1ms service=bus type=message.part.delta publishing
INFO  2026-07-15T02:42:37 +11ms service=bus type=message.part.delta publishing
INFO  2026-07-15T02:42:37 +3ms service=bus type=message.part.delta publishing
INFO  2026-07-15T02:42:37 +12ms service=bus type=message.part.delta publishing
INFO  2026-07-15T02:42:37 +15ms service=bus type=message.part.delta publishing
INFO  2026-07-15T02:42:37 +7ms service=bus type=message.part.delta publishing
INFO  2026-07-15T02:42:37 +11ms service=bus type=message.part.delta publishing
INFO  2026-07-15T02:42:37 +13ms service=bus type=message.part.delta publishing
INFO  2026-07-15T02:42:38 +10ms service=bus type=message.part.delta publishing
INFO  2026-07-15T02:42:38 +10ms service=bus type=message.part.delta publishing
INFO  2026-07-15T02:42:38 +13ms service=bus type=message.part.delta publishing
INFO  2026-07-15T02:42:38 +9ms service=bus type=message.part.delta publishing
INFO  2026-07-15T02:42:38 +11ms service=bus type=message.part.delta publishing
INFO  2026-07-15T02:42:38 +14ms service=bus type=message.part.delta publishing
INFO  2026-07-15T02:42:38 +8ms service=bus type=message.part.delta publishing
INFO  2026-07-15T02:42:38 +11ms service=bus type=message.part.delta publishing
INFO  2026-07-15T02:42:38 +14ms service=bus type=message.part.delta publishing
INFO  2026-07-15T02:42:38 +8ms service=bus type=message.part.delta publishing
INFO  2026-07-15T02:42:38 +11ms service=bus type=message.part.delta publishing
INFO  2026-07-15T02:42:38 +14ms service=bus type=message.part.delta publishing
INFO  2026-07-15T02:42:38 +7ms service=bus type=message.part.delta publishing
INFO  2026-07-15T02:42:38 +12ms service=bus type=message.part.delta publishing
INFO  2026-07-15T02:42:38 +13ms service=bus type=message.part.delta publishing
INFO  2026-07-15T02:42:38 +9ms service=bus type=message.part.delta publishing
INFO  2026-07-15T02:42:38 +9ms service=bus type=message.part.delta publishing
INFO  2026-07-15T02:42:38 +15ms service=bus type=message.part.delta publishing
INFO  2026-07-15T02:42:38 +7ms service=bus type=message.part.delta publishing
INFO  2026-07-15T02:42:38 +13ms service=bus type=message.part.delta publishing
INFO  2026-07-15T02:42:38 +12ms service=bus type=message.part.delta publishing
INFO  2026-07-15T02:42:38 +9ms service=bus type=message.part.delta publishing
INFO  2026-07-15T02:42:38 +12ms service=bus type=message.part.delta publishing
INFO  2026-07-15T02:42:38 +11ms service=bus type=message.part.delta publishing
INFO  2026-07-15T02:42:38 +11ms service=bus type=message.part.delta publishing
INFO  2026-07-15T02:42:38 +11ms service=bus type=message.part.delta publishing
INFO  2026-07-15T02:42:38 +11ms service=bus type=message.part.delta publishing
INFO  2026-07-15T02:42:38 +10ms service=bus type=message.part.delta publishing
INFO  2026-07-15T02:42:38 +12ms service=bus type=message.part.delta publishing
INFO  2026-07-15T02:42:38 +10ms service=bus type=message.part.delta publishing
INFO  2026-07-15T02:42:38 +10ms service=bus type=message.part.delta publishing
INFO  2026-07-15T02:42:38 +11ms service=bus type=message.part.delta publishing
INFO  2026-07-15T02:42:38 +11ms service=bus type=message.part.delta publishing
INFO  2026-07-15T02:42:38 +12ms service=bus type=message.part.delta publishing
INFO  2026-07-15T02:42:38 +10ms service=bus type=message.part.delta publishing
INFO  2026-07-15T02:42:38 +13ms service=bus type=message.part.delta publishing
INFO  2026-07-15T02:42:38 +11ms service=bus type=message.part.delta publishing
INFO  2026-07-15T02:42:38 +9ms service=bus type=message.part.delta publishing
INFO  2026-07-15T02:42:38 +12ms service=bus type=message.part.delta publishing
INFO  2026-07-15T02:42:38 +11ms service=bus type=message.part.delta publishing
INFO  2026-07-15T02:42:38 +14ms service=bus type=message.part.delta publishing
INFO  2026-07-15T02:42:38 +8ms service=bus type=message.part.delta publishing
INFO  2026-07-15T02:42:38 +10ms service=bus type=message.part.delta publishing
INFO  2026-07-15T02:42:38 +11ms service=bus type=message.part.delta publishing
INFO  2026-07-15T02:42:38 +11ms service=bus type=message.part.delta publishing
INFO  2026-07-15T02:42:38 +16ms service=bus type=message.part.delta publishing
INFO  2026-07-15T02:42:38 +6ms service=bus type=message.part.delta publishing
INFO  2026-07-15T02:42:38 +11ms service=bus type=message.part.delta publishing
INFO  2026-07-15T02:42:38 +16ms service=bus type=message.part.delta publishing
INFO  2026-07-15T02:42:38 +6ms service=bus type=message.part.delta publishing
INFO  2026-07-15T02:42:38 +11ms service=bus type=message.part.delta publishing
INFO  2026-07-15T02:42:38 +14ms service=bus type=message.part.delta publishing
INFO  2026-07-15T02:42:38 +7ms service=bus type=message.part.delta publishing
INFO  2026-07-15T02:42:38 +13ms service=bus type=message.part.delta publishing
INFO  2026-07-15T02:42:38 +12ms service=bus type=message.part.delta publishing
INFO  2026-07-15T02:42:38 +9ms service=bus type=message.part.delta publishing
INFO  2026-07-15T02:42:38 +10ms service=bus type=message.part.delta publishing
INFO  2026-07-15T02:42:38 +24ms service=bus type=message.part.delta publishing
INFO  2026-07-15T02:42:38 +16ms service=bus type=message.part.delta publishing
INFO  2026-07-15T02:42:38 +1ms service=bus type=message.part.delta publishing
INFO  2026-07-15T02:42:38 +12ms service=bus type=message.part.delta publishing
INFO  2026-07-15T02:42:38 +3ms service=bus type=message.part.delta publishing
INFO  2026-07-15T02:42:38 +16ms service=bus type=message.part.delta publishing
INFO  2026-07-15T02:42:38 +25ms service=bus type=message.part.updated publishing
INFO  2026-07-15T02:42:38 +4ms service=bus type=message.part.updated publishing
INFO  2026-07-15T02:42:38 +0ms service=bus type=message.part.delta publishing
INFO  2026-07-15T02:42:40 +1921ms service=bus type=message.part.updated publishing
INFO  2026-07-15T02:42:40 +17ms service=bus type=message.part.updated publishing
INFO  2026-07-15T02:42:40 +3ms service=bus type=message.part.updated publishing
INFO  2026-07-15T02:42:40 +7ms service=bus type=message.part.updated publishing
INFO  2026-07-15T02:42:40 +2ms service=bus type=message.part.updated publishing
INFO  2026-07-15T02:42:40 +5ms service=permission permission=grep pattern=js-yaml ruleset=[{"permission":"*","action":"allow","pattern":"*"},{"permission":"doom_loop","action":"ask","pattern":"*"},{"permission":"external_directory","pattern":"*","action":"ask"},{"permission":"external_directory","pattern":"/root/.local/share/opencode/tool-output/*","action":"allow"},{"permission":"external_directory","pattern":"/home/sourcecraft-ci-runner/sourcecraft/workspace/.opencode/skills/asset-workflow/*","action":"allow"},{"permission":"external_directory","pattern":"/home/sourcecraft-ci-runner/sourcecraft/workspace/.opencode/skills/dynamodb-crud-resource/*","action":"allow"},{"permission":"external_directory","pattern":"/home/sourcecraft-ci-runner/sourcecraft/workspace/.opencode/skills/playwright-cli/*","action":"allow"},{"permission":"external_directory","pattern":"/home/sourcecraft-ci-runner/sourcecraft/workspace/.opencode/skills/shadcn/*","action":"allow"},{"permission":"external_directory","pattern":"/root/.config/sourcecraft/opencode/skills/src-cli/*","action":"allow"},{"permission":"external_directory","pattern":"/root/.config/sourcecraft/opencode/skills/pr-description/*","action":"allow"},{"permission":"external_directory","pattern":"/root/.config/sourcecraft/opencode/skills/codereview/*","action":"allow"},{"permission":"question","action":"deny","pattern":"*"},{"permission":"plan_enter","action":"deny","pattern":"*"},{"permission":"plan_exit","action":"deny","pattern":"*"},{"permission":"read","pattern":"*","action":"allow"},{"permission":"read","pattern":"*.env","action":"ask"},{"permission":"read","pattern":"*.env.*","action":"ask"},{"permission":"read","pattern":"*.env.example","action":"allow"},{"permission":"question","action":"allow","pattern":"*"},{"permission":"plan_enter","action":"allow","pattern":"*"},{"permission":"question","action":"deny","pattern":"*"},{"permission":"external_directory","pattern":"/root/.local/share/opencode/tool-output/*","action":"allow"}] evaluate
INFO  2026-07-15T02:42:40 +0ms service=permission permission=grep pattern=js-yaml action={"permission":"*","action":"allow","pattern":"*"} evaluated
INFO  2026-07-15T02:42:40 +4ms service=bus type=message.part.updated publishing
INFO  2026-07-15T02:42:40 +3ms service=permission permission=read pattern=/home/sourcecraft-ci-runner/sourcecraft/workspace/.vibecraft/docs/backlog.yaml ruleset=[{"permission":"*","action":"allow","pattern":"*"},{"permission":"doom_loop","action":"ask","pattern":"*"},{"permission":"external_directory","pattern":"*","action":"ask"},{"permission":"external_directory","pattern":"/root/.local/share/opencode/tool-output/*","action":"allow"},{"permission":"external_directory","pattern":"/home/sourcecraft-ci-runner/sourcecraft/workspace/.opencode/skills/asset-workflow/*","action":"allow"},{"permission":"external_directory","pattern":"/home/sourcecraft-ci-runner/sourcecraft/workspace/.opencode/skills/dynamodb-crud-resource/*","action":"allow"},{"permission":"external_directory","pattern":"/home/sourcecraft-ci-runner/sourcecraft/workspace/.opencode/skills/playwright-cli/*","action":"allow"},{"permission":"external_directory","pattern":"/home/sourcecraft-ci-runner/sourcecraft/workspace/.opencode/skills/shadcn/*","action":"allow"},{"permission":"external_directory","pattern":"/root/.config/sourcecraft/opencode/skills/src-cli/*","action":"allow"},{"permission":"external_directory","pattern":"/root/.config/sourcecraft/opencode/skills/pr-description/*","action":"allow"},{"permission":"external_directory","pattern":"/root/.config/sourcecraft/opencode/skills/codereview/*","action":"allow"},{"permission":"question","action":"deny","pattern":"*"},{"permission":"plan_enter","action":"deny","pattern":"*"},{"permission":"plan_exit","action":"deny","pattern":"*"},{"permission":"read","pattern":"*","action":"allow"},{"permission":"read","pattern":"*.env","action":"ask"},{"permission":"read","pattern":"*.env.*","action":"ask"},{"permission":"read","pattern":"*.env.example","action":"allow"},{"permission":"question","action":"allow","pattern":"*"},{"permission":"plan_enter","action":"allow","pattern":"*"},{"permission":"question","action":"deny","pattern":"*"},{"permission":"external_directory","pattern":"/root/.local/share/opencode/tool-output/*","action":"allow"}] evaluate
INFO  2026-07-15T02:42:40 +0ms service=permission permission=read pattern=/home/sourcecraft-ci-runner/sourcecraft/workspace/.vibecraft/docs/backlog.yaml action={"permission":"read","pattern":"*","action":"allow"} evaluated
INFO  2026-07-15T02:42:40 +69ms service=bus type=message.part.updated publishing
INFO  2026-07-15T02:42:40 +76ms service=bus type=message.part.updated publishing
INFO  2026-07-15T02:42:40 +47ms service=permission permission=bash pattern=ls types 2>/dev/null ruleset=[{"permission":"*","action":"allow","pattern":"*"},{"permission":"doom_loop","action":"ask","pattern":"*"},{"permission":"external_directory","pattern":"*","action":"ask"},{"permission":"external_directory","pattern":"/root/.local/share/opencode/tool-output/*","action":"allow"},{"permission":"external_directory","pattern":"/home/sourcecraft-ci-runner/sourcecraft/workspace/.opencode/skills/asset-workflow/*","action":"allow"},{"permission":"external_directory","pattern":"/home/sourcecraft-ci-runner/sourcecraft/workspace/.opencode/skills/dynamodb-crud-resource/*","action":"allow"},{"permission":"external_directory","pattern":"/home/sourcecraft-ci-runner/sourcecraft/workspace/.opencode/skills/playwright-cli/*","action":"allow"},{"permission":"external_directory","pattern":"/home/sourcecraft-ci-runner/sourcecraft/workspace/.opencode/skills/shadcn/*","action":"allow"},{"permission":"external_directory","pattern":"/root/.config/sourcecraft/opencode/skills/src-cli/*","action":"allow"},{"permission":"external_directory","pattern":"/root/.config/sourcecraft/opencode/skills/pr-description/*","action":"allow"},{"permission":"external_directory","pattern":"/root/.config/sourcecraft/opencode/skills/codereview/*","action":"allow"},{"permission":"question","action":"deny","pattern":"*"},{"permission":"plan_enter","action":"deny","pattern":"*"},{"permission":"plan_exit","action":"deny","pattern":"*"},{"permission":"read","pattern":"*","action":"allow"},{"permission":"read","pattern":"*.env","action":"ask"},{"permission":"read","pattern":"*.env.*","action":"ask"},{"permission":"read","pattern":"*.env.example","action":"allow"},{"permission":"question","action":"allow","pattern":"*"},{"permission":"plan_enter","action":"allow","pattern":"*"},{"permission":"question","action":"deny","pattern":"*"},{"permission":"external_directory","pattern":"/root/.local/share/opencode/tool-output/*","action":"allow"}] evaluate
INFO  2026-07-15T02:42:40 +2ms service=permission permission=bash pattern=ls types 2>/dev/null action={"permission":"*","action":"allow","pattern":"*"} evaluated
INFO  2026-07-15T02:42:40 +0ms service=permission permission=bash pattern=echo "NO_TYPES_DIR" ruleset=[{"permission":"*","action":"allow","pattern":"*"},{"permission":"doom_loop","action":"ask","pattern":"*"},{"permission":"external_directory","pattern":"*","action":"ask"},{"permission":"external_directory","pattern":"/root/.local/share/opencode/tool-output/*","action":"allow"},{"permission":"external_directory","pattern":"/home/sourcecraft-ci-runner/sourcecraft/workspace/.opencode/skills/asset-workflow/*","action":"allow"},{"permission":"external_directory","pattern":"/home/sourcecraft-ci-runner/sourcecraft/workspace/.opencode/skills/dynamodb-crud-resource/*","action":"allow"},{"permission":"external_directory","pattern":"/home/sourcecraft-ci-runner/sourcecraft/workspace/.opencode/skills/playwright-cli/*","action":"allow"},{"permission":"external_directory","pattern":"/home/sourcecraft-ci-runner/sourcecraft/workspace/.opencode/skills/shadcn/*","action":"allow"},{"permission":"external_directory","pattern":"/root/.config/sourcecraft/opencode/skills/src-cli/*","action":"allow"},{"permission":"external_directory","pattern":"/root/.config/sourcecraft/opencode/skills/pr-description/*","action":"allow"},{"permission":"external_directory","pattern":"/root/.config/sourcecraft/opencode/skills/codereview/*","action":"allow"},{"permission":"question","action":"deny","pattern":"*"},{"permission":"plan_enter","action":"deny","pattern":"*"},{"permission":"plan_exit","action":"deny","pattern":"*"},{"permission":"read","pattern":"*","action":"allow"},{"permission":"read","pattern":"*.env","action":"ask"},{"permission":"read","pattern":"*.env.*","action":"ask"},{"permission":"read","pattern":"*.env.example","action":"allow"},{"permission":"question","action":"allow","pattern":"*"},{"permission":"plan_enter","action":"allow","pattern":"*"},{"permission":"question","action":"deny","pattern":"*"},{"permission":"external_directory","pattern":"/root/.local/share/opencode/tool-output/*","action":"allow"}] evaluate
INFO  2026-07-15T02:42:40 +0ms service=permission permission=bash pattern=echo "NO_TYPES_DIR" action={"permission":"*","action":"allow","pattern":"*"} evaluated
INFO  2026-07-15T02:42:40 +16ms service=bus type=message.part.updated publishing
INFO  2026-07-15T02:42:40 +38ms service=file.time sessionID=ses_09c5880aeffe7gUJBWRjvSwHuh file=/home/sourcecraft-ci-runner/sourcecraft/workspace/.vibecraft/docs/backlog.yaml read
INFO  2026-07-15T02:42:40 +12ms service=bus type=message.part.updated publishing
INFO  2026-07-15T02:42:40 +12ms service=lsp file=/home/sourcecraft-ci-runner/sourcecraft/workspace/.vibecraft/docs/backlog.yaml touching file
INFO  2026-07-15T02:42:40 +16ms service=bus type=message.part.updated publishing
INFO  2026-07-15T02:42:40 +20ms service=bus type=message.part.updated publishing
INFO  2026-07-15T02:42:41 +42ms service=npm pkg=yaml-language-server installing package
INFO  2026-07-15T02:42:41 +28ms service=snapshot hash=6e222c712b58fa1b302207b8fc53373cd12ff066 cwd=/home/sourcecraft-ci-runner/sourcecraft/workspace git=/root/.local/share/opencode/snapshot/d5f82bf4c15299500c398fd016ff6068cdd7781b/e180c03326a9b59cd97a62a55fc9e715cbda7426 tracking
INFO  2026-07-15T02:42:41 +2ms service=bus type=message.part.updated publishing
INFO  2026-07-15T02:42:41 +2ms service=bus type=message.updated publishing
INFO  2026-07-15T02:42:41 +53ms service=bus type=message.updated publishing
INFO  2026-07-15T02:42:41 +0ms service=bus type=session.status publishing
INFO  2026-07-15T02:42:41 +0ms service=session.prompt step=1 sessionID=ses_09c5880aeffe7gUJBWRjvSwHuh loop
INFO  2026-07-15T02:42:41 +3ms service=bus type=message.updated publishing
INFO  2026-07-15T02:42:41 +11ms service=bus type=session.updated publishing
INFO  2026-07-15T02:42:41 +2ms service=bus type=session.diff publishing
INFO  2026-07-15T02:42:41 +19ms service=bus type=message.updated publishing
INFO  2026-07-15T02:42:41 +32ms service=snapshot hash=6e222c712b58fa1b302207b8fc53373cd12ff066 cwd=/home/sourcecraft-ci-runner/sourcecraft/workspace git=/root/.local/share/opencode/snapshot/d5f82bf4c15299500c398fd016ff6068cdd7781b/e180c03326a9b59cd97a62a55fc9e715cbda7426 tracking
INFO  2026-07-15T02:42:41 +0ms service=session.prompt status=started resolveTools
INFO  2026-07-15T02:42:41 +1ms service=tool.registry status=started invalid
INFO  2026-07-15T02:42:41 +0ms service=tool.registry status=completed duration=0 invalid
INFO  2026-07-15T02:42:41 +0ms service=tool.registry status=started question
INFO  2026-07-15T02:42:41 +0ms service=tool.registry status=completed duration=0 question
INFO  2026-07-15T02:42:41 +0ms service=tool.registry status=started bash
INFO  2026-07-15T02:42:41 +0ms service=tool.registry status=completed duration=0 bash
INFO  2026-07-15T02:42:41 +0ms service=tool.registry status=started read
INFO  2026-07-15T02:42:41 +0ms service=tool.registry status=completed duration=0 read
INFO  2026-07-15T02:42:41 +0ms service=tool.registry status=started glob
INFO  2026-07-15T02:42:41 +0ms service=tool.registry status=completed duration=0 glob
INFO  2026-07-15T02:42:41 +0ms service=tool.registry status=started grep
INFO  2026-07-15T02:42:41 +1ms service=tool.registry status=completed duration=1 grep
INFO  2026-07-15T02:42:41 +0ms service=tool.registry status=started edit
INFO  2026-07-15T02:42:41 +0ms service=tool.registry status=completed duration=0 edit
INFO  2026-07-15T02:42:41 +0ms service=tool.registry status=started write
INFO  2026-07-15T02:42:41 +0ms service=tool.registry status=completed duration=0 write
INFO  2026-07-15T02:42:41 +0ms service=tool.registry status=started task
INFO  2026-07-15T02:42:41 +0ms service=tool.registry status=started webfetch
INFO  2026-07-15T02:42:41 +0ms service=tool.registry status=completed duration=0 webfetch
INFO  2026-07-15T02:42:41 +1ms service=tool.registry status=started todowrite
INFO  2026-07-15T02:42:41 +0ms service=tool.registry status=completed duration=0 todowrite
INFO  2026-07-15T02:42:41 +0ms service=tool.registry status=started skill
INFO  2026-07-15T02:42:41 +0ms service=permission permission=skill pattern=asset-workflow ruleset=[{"permission":"*","action":"allow","pattern":"*"},{"permission":"doom_loop","action":"ask","pattern":"*"},{"permission":"external_directory","pattern":"*","action":"ask"},{"permission":"external_directory","pattern":"/root/.local/share/opencode/tool-output/*","action":"allow"},{"permission":"external_directory","pattern":"/home/sourcecraft-ci-runner/sourcecraft/workspace/.opencode/skills/asset-workflow/*","action":"allow"},{"permission":"external_directory","pattern":"/home/sourcecraft-ci-runner/sourcecraft/workspace/.opencode/skills/dynamodb-crud-resource/*","action":"allow"},{"permission":"external_directory","pattern":"/home/sourcecraft-ci-runner/sourcecraft/workspace/.opencode/skills/playwright-cli/*","action":"allow"},{"permission":"external_directory","pattern":"/home/sourcecraft-ci-runner/sourcecraft/workspace/.opencode/skills/shadcn/*","action":"allow"},{"permission":"external_directory","pattern":"/root/.config/sourcecraft/opencode/skills/src-cli/*","action":"allow"},{"permission":"external_directory","pattern":"/root/.config/sourcecraft/opencode/skills/pr-description/*","action":"allow"},{"permission":"external_directory","pattern":"/root/.config/sourcecraft/opencode/skills/codereview/*","action":"allow"},{"permission":"question","action":"deny","pattern":"*"},{"permission":"plan_enter","action":"deny","pattern":"*"},{"permission":"plan_exit","action":"deny","pattern":"*"},{"permission":"read","pattern":"*","action":"allow"},{"permission":"read","pattern":"*.env","action":"ask"},{"permission":"read","pattern":"*.env.*","action":"ask"},{"permission":"read","pattern":"*.env.example","action":"allow"},{"permission":"question","action":"allow","pattern":"*"},{"permission":"plan_enter","action":"allow","pattern":"*"},{"permission":"question","action":"deny","pattern":"*"},{"permission":"external_directory","pattern":"/root/.local/share/opencode/tool-output/*","action":"allow"}] evaluate
INFO  2026-07-15T02:42:41 +0ms service=permission permission=skill pattern=codereview ruleset=[{"permission":"*","action":"allow","pattern":"*"},{"permission":"doom_loop","action":"ask","pattern":"*"},{"permission":"external_directory","pattern":"*","action":"ask"},{"permission":"external_directory","pattern":"/root/.local/share/opencode/tool-output/*","action":"allow"},{"permission":"external_directory","pattern":"/home/sourcecraft-ci-runner/sourcecraft/workspace/.opencode/skills/asset-workflow/*","action":"allow"},{"permission":"external_directory","pattern":"/home/sourcecraft-ci-runner/sourcecraft/workspace/.opencode/skills/dynamodb-crud-resource/*","action":"allow"},{"permission":"external_directory","pattern":"/home/sourcecraft-ci-runner/sourcecraft/workspace/.opencode/skills/playwright-cli/*","action":"allow"},{"permission":"external_directory","pattern":"/home/sourcecraft-ci-runner/sourcecraft/workspace/.opencode/skills/shadcn/*","action":"allow"},{"permission":"external_directory","pattern":"/root/.config/sourcecraft/opencode/skills/src-cli/*","action":"allow"},{"permission":"external_directory","pattern":"/root/.config/sourcecraft/opencode/skills/pr-description/*","action":"allow"},{"permission":"external_directory","pattern":"/root/.config/sourcecraft/opencode/skills/codereview/*","action":"allow"},{"permission":"question","action":"deny","pattern":"*"},{"permission":"plan_enter","action":"deny","pattern":"*"},{"permission":"plan_exit","action":"deny","pattern":"*"},{"permission":"read","pattern":"*","action":"allow"},{"permission":"read","pattern":"*.env","action":"ask"},{"permission":"read","pattern":"*.env.*","action":"ask"},{"permission":"read","pattern":"*.env.example","action":"allow"},{"permission":"question","action":"allow","pattern":"*"},{"permission":"plan_enter","action":"allow","pattern":"*"},{"permission":"question","action":"deny","pattern":"*"},{"permission":"external_directory","pattern":"/root/.local/share/opencode/tool-output/*","action":"allow"}] evaluate
INFO  2026-07-15T02:42:41 +0ms service=permission permission=skill pattern=dynamodb-crud-resource ruleset=[{"permission":"*","action":"allow","pattern":"*"},{"permission":"doom_loop","action":"ask","pattern":"*"},{"permission":"external_directory","pattern":"*","action":"ask"},{"permission":"external_directory","pattern":"/root/.local/share/opencode/tool-output/*","action":"allow"},{"permission":"external_directory","pattern":"/home/sourcecraft-ci-runner/sourcecraft/workspace/.opencode/skills/asset-workflow/*","action":"allow"},{"permission":"external_directory","pattern":"/home/sourcecraft-ci-runner/sourcecraft/workspace/.opencode/skills/dynamodb-crud-resource/*","action":"allow"},{"permission":"external_directory","pattern":"/home/sourcecraft-ci-runner/sourcecraft/workspace/.opencode/skills/playwright-cli/*","action":"allow"},{"permission":"external_directory","pattern":"/home/sourcecraft-ci-runner/sourcecraft/workspace/.opencode/skills/shadcn/*","action":"allow"},{"permission":"external_directory","pattern":"/root/.config/sourcecraft/opencode/skills/src-cli/*","action":"allow"},{"permission":"external_directory","pattern":"/root/.config/sourcecraft/opencode/skills/pr-description/*","action":"allow"},{"permission":"external_directory","pattern":"/root/.config/sourcecraft/opencode/skills/codereview/*","action":"allow"},{"permission":"question","action":"deny","pattern":"*"},{"permission":"plan_enter","action":"deny","pattern":"*"},{"permission":"plan_exit","action":"deny","pattern":"*"},{"permission":"read","pattern":"*","action":"allow"},{"permission":"read","pattern":"*.env","action":"ask"},{"permission":"read","pattern":"*.env.*","action":"ask"},{"permission":"read","pattern":"*.env.example","action":"allow"},{"permission":"question","action":"allow","pattern":"*"},{"permission":"plan_enter","action":"allow","pattern":"*"},{"permission":"question","action":"deny","pattern":"*"},{"permission":"external_directory","pattern":"/root/.local/share/opencode/tool-output/*","action":"allow"}] evaluate
INFO  2026-07-15T02:42:41 +0ms service=permission permission=skill pattern=playwright-cli ruleset=[{"permission":"*","action":"allow","pattern":"*"},{"permission":"doom_loop","action":"ask","pattern":"*"},{"permission":"external_directory","pattern":"*","action":"ask"},{"permission":"external_directory","pattern":"/root/.local/share/opencode/tool-output/*","action":"allow"},{"permission":"external_directory","pattern":"/home/sourcecraft-ci-runner/sourcecraft/workspace/.opencode/skills/asset-workflow/*","action":"allow"},{"permission":"external_directory","pattern":"/home/sourcecraft-ci-runner/sourcecraft/workspace/.opencode/skills/dynamodb-crud-resource/*","action":"allow"},{"permission":"external_directory","pattern":"/home/sourcecraft-ci-runner/sourcecraft/workspace/.opencode/skills/playwright-cli/*","action":"allow"},{"permission":"external_directory","pattern":"/home/sourcecraft-ci-runner/sourcecraft/workspace/.opencode/skills/shadcn/*","action":"allow"},{"permission":"external_directory","pattern":"/root/.config/sourcecraft/opencode/skills/src-cli/*","action":"allow"},{"permission":"external_directory","pattern":"/root/.config/sourcecraft/opencode/skills/pr-description/*","action":"allow"},{"permission":"external_directory","pattern":"/root/.config/sourcecraft/opencode/skills/codereview/*","action":"allow"},{"permission":"question","action":"deny","pattern":"*"},{"permission":"plan_enter","action":"deny","pattern":"*"},{"permission":"plan_exit","action":"deny","pattern":"*"},{"permission":"read","pattern":"*","action":"allow"},{"permission":"read","pattern":"*.env","action":"ask"},{"permission":"read","pattern":"*.env.*","action":"ask"},{"permission":"read","pattern":"*.env.example","action":"allow"},{"permission":"question","action":"allow","pattern":"*"},{"permission":"plan_enter","action":"allow","pattern":"*"},{"permission":"question","action":"deny","pattern":"*"},{"permission":"external_directory","pattern":"/root/.local/share/opencode/tool-output/*","action":"allow"}] evaluate
INFO  2026-07-15T02:42:41 +0ms service=permission permission=skill pattern=pr-description ruleset=[{"permission":"*","action":"allow","pattern":"*"},{"permission":"doom_loop","action":"ask","pattern":"*"},{"permission":"external_directory","pattern":"*","action":"ask"},{"permission":"external_directory","pattern":"/root/.local/share/opencode/tool-output/*","action":"allow"},{"permission":"external_directory","pattern":"/home/sourcecraft-ci-runner/sourcecraft/workspace/.opencode/skills/asset-workflow/*","action":"allow"},{"permission":"external_directory","pattern":"/home/sourcecraft-ci-runner/sourcecraft/workspace/.opencode/skills/dynamodb-crud-resource/*","action":"allow"},{"permission":"external_directory","pattern":"/home/sourcecraft-ci-runner/sourcecraft/workspace/.opencode/skills/playwright-cli/*","action":"allow"},{"permission":"external_directory","pattern":"/home/sourcecraft-ci-runner/sourcecraft/workspace/.opencode/skills/shadcn/*","action":"allow"},{"permission":"external_directory","pattern":"/root/.config/sourcecraft/opencode/skills/src-cli/*","action":"allow"},{"permission":"external_directory","pattern":"/root/.config/sourcecraft/opencode/skills/pr-description/*","action":"allow"},{"permission":"external_directory","pattern":"/root/.config/sourcecraft/opencode/skills/codereview/*","action":"allow"},{"permission":"question","action":"deny","pattern":"*"},{"permission":"plan_enter","action":"deny","pattern":"*"},{"permission":"plan_exit","action":"deny","pattern":"*"},{"permission":"read","pattern":"*","action":"allow"},{"permission":"read","pattern":"*.env","action":"ask"},{"permission":"read","pattern":"*.env.*","action":"ask"},{"permission":"read","pattern":"*.env.example","action":"allow"},{"permission":"question","action":"allow","pattern":"*"},{"permission":"plan_enter","action":"allow","pattern":"*"},{"permission":"question","action":"deny","pattern":"*"},{"permission":"external_directory","pattern":"/root/.local/share/opencode/tool-output/*","action":"allow"}] evaluate
INFO  2026-07-15T02:42:41 +0ms service=permission permission=skill pattern=shadcn ruleset=[{"permission":"*","action":"allow","pattern":"*"},{"permission":"doom_loop","action":"ask","pattern":"*"},{"permission":"external_directory","pattern":"*","action":"ask"},{"permission":"external_directory","pattern":"/root/.local/share/opencode/tool-output/*","action":"allow"},{"permission":"external_directory","pattern":"/home/sourcecraft-ci-runner/sourcecraft/workspace/.opencode/skills/asset-workflow/*","action":"allow"},{"permission":"external_directory","pattern":"/home/sourcecraft-ci-runner/sourcecraft/workspace/.opencode/skills/dynamodb-crud-resource/*","action":"allow"},{"permission":"external_directory","pattern":"/home/sourcecraft-ci-runner/sourcecraft/workspace/.opencode/skills/playwright-cli/*","action":"allow"},{"permission":"external_directory","pattern":"/home/sourcecraft-ci-runner/sourcecraft/workspace/.opencode/skills/shadcn/*","action":"allow"},{"permission":"external_directory","pattern":"/root/.config/sourcecraft/opencode/skills/src-cli/*","action":"allow"},{"permission":"external_directory","pattern":"/root/.config/sourcecraft/opencode/skills/pr-description/*","action":"allow"},{"permission":"external_directory","pattern":"/root/.config/sourcecraft/opencode/skills/codereview/*","action":"allow"},{"permission":"question","action":"deny","pattern":"*"},{"permission":"plan_enter","action":"deny","pattern":"*"},{"permission":"plan_exit","action":"deny","pattern":"*"},{"permission":"read","pattern":"*","action":"allow"},{"permission":"read","pattern":"*.env","action":"ask"},{"permission":"read","pattern":"*.env.*","action":"ask"},{"permission":"read","pattern":"*.env.example","action":"allow"},{"permission":"question","action":"allow","pattern":"*"},{"permission":"plan_enter","action":"allow","pattern":"*"},{"permission":"question","action":"deny","pattern":"*"},{"permission":"external_directory","pattern":"/root/.local/share/opencode/tool-output/*","action":"allow"}] evaluate
INFO  2026-07-15T02:42:41 +0ms service=permission permission=skill pattern=src-cli ruleset=[{"permission":"*","action":"allow","pattern":"*"},{"permission":"doom_loop","action":"ask","pattern":"*"},{"permission":"external_directory","pattern":"*","action":"ask"},{"permission":"external_directory","pattern":"/root/.local/share/opencode/tool-output/*","action":"allow"},{"permission":"external_directory","pattern":"/home/sourcecraft-ci-runner/sourcecraft/workspace/.opencode/skills/asset-workflow/*","action":"allow"},{"permission":"external_directory","pattern":"/home/sourcecraft-ci-runner/sourcecraft/workspace/.opencode/skills/dynamodb-crud-resource/*","action":"allow"},{"permission":"external_directory","pattern":"/home/sourcecraft-ci-runner/sourcecraft/workspace/.opencode/skills/playwright-cli/*","action":"allow"},{"permission":"external_directory","pattern":"/home/sourcecraft-ci-runner/sourcecraft/workspace/.opencode/skills/shadcn/*","action":"allow"},{"permission":"external_directory","pattern":"/root/.config/sourcecraft/opencode/skills/src-cli/*","action":"allow"},{"permission":"external_directory","pattern":"/root/.config/sourcecraft/opencode/skills/pr-description/*","action":"allow"},{"permission":"external_directory","pattern":"/root/.config/sourcecraft/opencode/skills/codereview/*","action":"allow"},{"permission":"question","action":"deny","pattern":"*"},{"permission":"plan_enter","action":"deny","pattern":"*"},{"permission":"plan_exit","action":"deny","pattern":"*"},{"permission":"read","pattern":"*","action":"allow"},{"permission":"read","pattern":"*.env","action":"ask"},{"permission":"read","pattern":"*.env.*","action":"ask"},{"permission":"read","pattern":"*.env.example","action":"allow"},{"permission":"question","action":"allow","pattern":"*"},{"permission":"plan_enter","action":"allow","pattern":"*"},{"permission":"question","action":"deny","pattern":"*"},{"permission":"external_directory","pattern":"/root/.local/share/opencode/tool-output/*","action":"allow"}] evaluate
INFO  2026-07-15T02:42:41 +0ms service=tool.registry status=completed duration=0 skill
INFO  2026-07-15T02:42:41 +0ms service=permission permission=task pattern=explore ruleset=[{"permission":"*","action":"allow","pattern":"*"},{"permission":"doom_loop","action":"ask","pattern":"*"},{"permission":"external_directory","pattern":"*","action":"ask"},{"permission":"external_directory","pattern":"/root/.local/share/opencode/tool-output/*","action":"allow"},{"permission":"external_directory","pattern":"/home/sourcecraft-ci-runner/sourcecraft/workspace/.opencode/skills/asset-workflow/*","action":"allow"},{"permission":"external_directory","pattern":"/home/sourcecraft-ci-runner/sourcecraft/workspace/.opencode/skills/dynamodb-crud-resource/*","action":"allow"},{"permission":"external_directory","pattern":"/home/sourcecraft-ci-runner/sourcecraft/workspace/.opencode/skills/playwright-cli/*","action":"allow"},{"permission":"external_directory","pattern":"/home/sourcecraft-ci-runner/sourcecraft/workspace/.opencode/skills/shadcn/*","action":"allow"},{"permission":"external_directory","pattern":"/root/.config/sourcecraft/opencode/skills/src-cli/*","action":"allow"},{"permission":"external_directory","pattern":"/root/.config/sourcecraft/opencode/skills/pr-description/*","action":"allow"},{"permission":"external_directory","pattern":"/root/.config/sourcecraft/opencode/skills/codereview/*","action":"allow"},{"permission":"question","action":"deny","pattern":"*"},{"permission":"plan_enter","action":"deny","pattern":"*"},{"permission":"plan_exit","action":"deny","pattern":"*"},{"permission":"read","pattern":"*","action":"allow"},{"permission":"read","pattern":"*.env","action":"ask"},{"permission":"read","pattern":"*.env.*","action":"ask"},{"permission":"read","pattern":"*.env.example","action":"allow"},{"permission":"question","action":"allow","pattern":"*"},{"permission":"plan_enter","action":"allow","pattern":"*"},{"permission":"question","action":"deny","pattern":"*"},{"permission":"external_directory","pattern":"/root/.local/share/opencode/tool-output/*","action":"allow"}] evaluate
INFO  2026-07-15T02:42:41 +0ms service=permission permission=task pattern=general ruleset=[{"permission":"*","action":"allow","pattern":"*"},{"permission":"doom_loop","action":"ask","pattern":"*"},{"permission":"external_directory","pattern":"*","action":"ask"},{"permission":"external_directory","pattern":"/root/.local/share/opencode/tool-output/*","action":"allow"},{"permission":"external_directory","pattern":"/home/sourcecraft-ci-runner/sourcecraft/workspace/.opencode/skills/asset-workflow/*","action":"allow"},{"permission":"external_directory","pattern":"/home/sourcecraft-ci-runner/sourcecraft/workspace/.opencode/skills/dynamodb-crud-resource/*","action":"allow"},{"permission":"external_directory","pattern":"/home/sourcecraft-ci-runner/sourcecraft/workspace/.opencode/skills/playwright-cli/*","action":"allow"},{"permission":"external_directory","pattern":"/home/sourcecraft-ci-runner/sourcecraft/workspace/.opencode/skills/shadcn/*","action":"allow"},{"permission":"external_directory","pattern":"/root/.config/sourcecraft/opencode/skills/src-cli/*","action":"allow"},{"permission":"external_directory","pattern":"/root/.config/sourcecraft/opencode/skills/pr-description/*","action":"allow"},{"permission":"external_directory","pattern":"/root/.config/sourcecraft/opencode/skills/codereview/*","action":"allow"},{"permission":"question","action":"deny","pattern":"*"},{"permission":"plan_enter","action":"deny","pattern":"*"},{"permission":"plan_exit","action":"deny","pattern":"*"},{"permission":"read","pattern":"*","action":"allow"},{"permission":"read","pattern":"*.env","action":"ask"},{"permission":"read","pattern":"*.env.*","action":"ask"},{"permission":"read","pattern":"*.env.example","action":"allow"},{"permission":"question","action":"allow","pattern":"*"},{"permission":"plan_enter","action":"allow","pattern":"*"},{"permission":"question","action":"deny","pattern":"*"},{"permission":"external_directory","pattern":"/root/.local/share/opencode/tool-output/*","action":"allow"}] evaluate
INFO  2026-07-15T02:42:41 +0ms service=tool.registry status=completed duration=1 task
INFO  2026-07-15T02:42:41 +2ms service=session.prompt status=completed duration=5 resolveTools
INFO  2026-07-15T02:42:41 +1ms service=permission permission=skill pattern=asset-workflow ruleset=[{"permission":"*","action":"allow","pattern":"*"},{"permission":"doom_loop","action":"ask","pattern":"*"},{"permission":"external_directory","pattern":"*","action":"ask"},{"permission":"external_directory","pattern":"/root/.local/share/opencode/tool-output/*","action":"allow"},{"permission":"external_directory","pattern":"/home/sourcecraft-ci-runner/sourcecraft/workspace/.opencode/skills/asset-workflow/*","action":"allow"},{"permission":"external_directory","pattern":"/home/sourcecraft-ci-runner/sourcecraft/workspace/.opencode/skills/dynamodb-crud-resource/*","action":"allow"},{"permission":"external_directory","pattern":"/home/sourcecraft-ci-runner/sourcecraft/workspace/.opencode/skills/playwright-cli/*","action":"allow"},{"permission":"external_directory","pattern":"/home/sourcecraft-ci-runner/sourcecraft/workspace/.opencode/skills/shadcn/*","action":"allow"},{"permission":"external_directory","pattern":"/root/.config/sourcecraft/opencode/skills/src-cli/*","action":"allow"},{"permission":"external_directory","pattern":"/root/.config/sourcecraft/opencode/skills/pr-description/*","action":"allow"},{"permission":"external_directory","pattern":"/root/.config/sourcecraft/opencode/skills/codereview/*","action":"allow"},{"permission":"question","action":"deny","pattern":"*"},{"permission":"plan_enter","action":"deny","pattern":"*"},{"permission":"plan_exit","action":"deny","pattern":"*"},{"permission":"read","pattern":"*","action":"allow"},{"permission":"read","pattern":"*.env","action":"ask"},{"permission":"read","pattern":"*.env.*","action":"ask"},{"permission":"read","pattern":"*.env.example","action":"allow"},{"permission":"question","action":"allow","pattern":"*"},{"permission":"plan_enter","action":"allow","pattern":"*"},{"permission":"question","action":"deny","pattern":"*"},{"permission":"external_directory","pattern":"/root/.local/share/opencode/tool-output/*","action":"allow"}] evaluate
INFO  2026-07-15T02:42:41 +0ms service=permission permission=skill pattern=codereview ruleset=[{"permission":"*","action":"allow","pattern":"*"},{"permission":"doom_loop","action":"ask","pattern":"*"},{"permission":"external_directory","pattern":"*","action":"ask"},{"permission":"external_directory","pattern":"/root/.local/share/opencode/tool-output/*","action":"allow"},{"permission":"external_directory","pattern":"/home/sourcecraft-ci-runner/sourcecraft/workspace/.opencode/skills/asset-workflow/*","action":"allow"},{"permission":"external_directory","pattern":"/home/sourcecraft-ci-runner/sourcecraft/workspace/.opencode/skills/dynamodb-crud-resource/*","action":"allow"},{"permission":"external_directory","pattern":"/home/sourcecraft-ci-runner/sourcecraft/workspace/.opencode/skills/playwright-cli/*","action":"allow"},{"permission":"external_directory","pattern":"/home/sourcecraft-ci-runner/sourcecraft/workspace/.opencode/skills/shadcn/*","action":"allow"},{"permission":"external_directory","pattern":"/root/.config/sourcecraft/opencode/skills/src-cli/*","action":"allow"},{"permission":"external_directory","pattern":"/root/.config/sourcecraft/opencode/skills/pr-description/*","action":"allow"},{"permission":"external_directory","pattern":"/root/.config/sourcecraft/opencode/skills/codereview/*","action":"allow"},{"permission":"question","action":"deny","pattern":"*"},{"permission":"plan_enter","action":"deny","pattern":"*"},{"permission":"plan_exit","action":"deny","pattern":"*"},{"permission":"read","pattern":"*","action":"allow"},{"permission":"read","pattern":"*.env","action":"ask"},{"permission":"read","pattern":"*.env.*","action":"ask"},{"permission":"read","pattern":"*.env.example","action":"allow"},{"permission":"question","action":"allow","pattern":"*"},{"permission":"plan_enter","action":"allow","pattern":"*"},{"permission":"question","action":"deny","pattern":"*"},{"permission":"external_directory","pattern":"/root/.local/share/opencode/tool-output/*","action":"allow"}] evaluate
INFO  2026-07-15T02:42:41 +0ms service=permission permission=skill pattern=dynamodb-crud-resource ruleset=[{"permission":"*","action":"allow","pattern":"*"},{"permission":"doom_loop","action":"ask","pattern":"*"},{"permission":"external_directory","pattern":"*","action":"ask"},{"permission":"external_directory","pattern":"/root/.local/share/opencode/tool-output/*","action":"allow"},{"permission":"external_directory","pattern":"/home/sourcecraft-ci-runner/sourcecraft/workspace/.opencode/skills/asset-workflow/*","action":"allow"},{"permission":"external_directory","pattern":"/home/sourcecraft-ci-runner/sourcecraft/workspace/.opencode/skills/dynamodb-crud-resource/*","action":"allow"},{"permission":"external_directory","pattern":"/home/sourcecraft-ci-runner/sourcecraft/workspace/.opencode/skills/playwright-cli/*","action":"allow"},{"permission":"external_directory","pattern":"/home/sourcecraft-ci-runner/sourcecraft/workspace/.opencode/skills/shadcn/*","action":"allow"},{"permission":"external_directory","pattern":"/root/.config/sourcecraft/opencode/skills/src-cli/*","action":"allow"},{"permission":"external_directory","pattern":"/root/.config/sourcecraft/opencode/skills/pr-description/*","action":"allow"},{"permission":"external_directory","pattern":"/root/.config/sourcecraft/opencode/skills/codereview/*","action":"allow"},{"permission":"question","action":"deny","pattern":"*"},{"permission":"plan_enter","action":"deny","pattern":"*"},{"permission":"plan_exit","action":"deny","pattern":"*"},{"permission":"read","pattern":"*","action":"allow"},{"permission":"read","pattern":"*.env","action":"ask"},{"permission":"read","pattern":"*.env.*","action":"ask"},{"permission":"read","pattern":"*.env.example","action":"allow"},{"permission":"question","action":"allow","pattern":"*"},{"permission":"plan_enter","action":"allow","pattern":"*"},{"permission":"question","action":"deny","pattern":"*"},{"permission":"external_directory","pattern":"/root/.local/share/opencode/tool-output/*","action":"allow"}] evaluate
INFO  2026-07-15T02:42:41 +0ms service=permission permission=skill pattern=playwright-cli ruleset=[{"permission":"*","action":"allow","pattern":"*"},{"permission":"doom_loop","action":"ask","pattern":"*"},{"permission":"external_directory","pattern":"*","action":"ask"},{"permission":"external_directory","pattern":"/root/.local/share/opencode/tool-output/*","action":"allow"},{"permission":"external_directory","pattern":"/home/sourcecraft-ci-runner/sourcecraft/workspace/.opencode/skills/asset-workflow/*","action":"allow"},{"permission":"external_directory","pattern":"/home/sourcecraft-ci-runner/sourcecraft/workspace/.opencode/skills/dynamodb-crud-resource/*","action":"allow"},{"permission":"external_directory","pattern":"/home/sourcecraft-ci-runner/sourcecraft/workspace/.opencode/skills/playwright-cli/*","action":"allow"},{"permission":"external_directory","pattern":"/home/sourcecraft-ci-runner/sourcecraft/workspace/.opencode/skills/shadcn/*","action":"allow"},{"permission":"external_directory","pattern":"/root/.config/sourcecraft/opencode/skills/src-cli/*","action":"allow"},{"permission":"external_directory","pattern":"/root/.config/sourcecraft/opencode/skills/pr-description/*","action":"allow"},{"permission":"external_directory","pattern":"/root/.config/sourcecraft/opencode/skills/codereview/*","action":"allow"},{"permission":"question","action":"deny","pattern":"*"},{"permission":"plan_enter","action":"deny","pattern":"*"},{"permission":"plan_exit","action":"deny","pattern":"*"},{"permission":"read","pattern":"*","action":"allow"},{"permission":"read","pattern":"*.env","action":"ask"},{"permission":"read","pattern":"*.env.*","action":"ask"},{"permission":"read","pattern":"*.env.example","action":"allow"},{"permission":"question","action":"allow","pattern":"*"},{"permission":"plan_enter","action":"allow","pattern":"*"},{"permission":"question","action":"deny","pattern":"*"},{"permission":"external_directory","pattern":"/root/.local/share/opencode/tool-output/*","action":"allow"}] evaluate
INFO  2026-07-15T02:42:41 +1ms service=permission permission=skill pattern=pr-description ruleset=[{"permission":"*","action":"allow","pattern":"*"},{"permission":"doom_loop","action":"ask","pattern":"*"},{"permission":"external_directory","pattern":"*","action":"ask"},{"permission":"external_directory","pattern":"/root/.local/share/opencode/tool-output/*","action":"allow"},{"permission":"external_directory","pattern":"/home/sourcecraft-ci-runner/sourcecraft/workspace/.opencode/skills/asset-workflow/*","action":"allow"},{"permission":"external_directory","pattern":"/home/sourcecraft-ci-runner/sourcecraft/workspace/.opencode/skills/dynamodb-crud-resource/*","action":"allow"},{"permission":"external_directory","pattern":"/home/sourcecraft-ci-runner/sourcecraft/workspace/.opencode/skills/playwright-cli/*","action":"allow"},{"permission":"external_directory","pattern":"/home/sourcecraft-ci-runner/sourcecraft/workspace/.opencode/skills/shadcn/*","action":"allow"},{"permission":"external_directory","pattern":"/root/.config/sourcecraft/opencode/skills/src-cli/*","action":"allow"},{"permission":"external_directory","pattern":"/root/.config/sourcecraft/opencode/skills/pr-description/*","action":"allow"},{"permission":"external_directory","pattern":"/root/.config/sourcecraft/opencode/skills/codereview/*","action":"allow"},{"permission":"question","action":"deny","pattern":"*"},{"permission":"plan_enter","action":"deny","pattern":"*"},{"permission":"plan_exit","action":"deny","pattern":"*"},{"permission":"read","pattern":"*","action":"allow"},{"permission":"read","pattern":"*.env","action":"ask"},{"permission":"read","pattern":"*.env.*","action":"ask"},{"permission":"read","pattern":"*.env.example","action":"allow"},{"permission":"question","action":"allow","pattern":"*"},{"permission":"plan_enter","action":"allow","pattern":"*"},{"permission":"question","action":"deny","pattern":"*"},{"permission":"external_directory","pattern":"/root/.local/share/opencode/tool-output/*","action":"allow"}] evaluate
INFO  2026-07-15T02:42:41 +0ms service=permission permission=skill pattern=shadcn ruleset=[{"permission":"*","action":"allow","pattern":"*"},{"permission":"doom_loop","action":"ask","pattern":"*"},{"permission":"external_directory","pattern":"*","action":"ask"},{"permission":"external_directory","pattern":"/root/.local/share/opencode/tool-output/*","action":"allow"},{"permission":"external_directory","pattern":"/home/sourcecraft-ci-runner/sourcecraft/workspace/.opencode/skills/asset-workflow/*","action":"allow"},{"permission":"external_directory","pattern":"/home/sourcecraft-ci-runner/sourcecraft/workspace/.opencode/skills/dynamodb-crud-resource/*","action":"allow"},{"permission":"external_directory","pattern":"/home/sourcecraft-ci-runner/sourcecraft/workspace/.opencode/skills/playwright-cli/*","action":"allow"},{"permission":"external_directory","pattern":"/home/sourcecraft-ci-runner/sourcecraft/workspace/.opencode/skills/shadcn/*","action":"allow"},{"permission":"external_directory","pattern":"/root/.config/sourcecraft/opencode/skills/src-cli/*","action":"allow"},{"permission":"external_directory","pattern":"/root/.config/sourcecraft/opencode/skills/pr-description/*","action":"allow"},{"permission":"external_directory","pattern":"/root/.config/sourcecraft/opencode/skills/codereview/*","action":"allow"},{"permission":"question","action":"deny","pattern":"*"},{"permission":"plan_enter","action":"deny","pattern":"*"},{"permission":"plan_exit","action":"deny","pattern":"*"},{"permission":"read","pattern":"*","action":"allow"},{"permission":"read","pattern":"*.env","action":"ask"},{"permission":"read","pattern":"*.env.*","action":"ask"},{"permission":"read","pattern":"*.env.example","action":"allow"},{"permission":"question","action":"allow","pattern":"*"},{"permission":"plan_enter","action":"allow","pattern":"*"},{"permission":"question","action":"deny","pattern":"*"},{"permission":"external_directory","pattern":"/root/.local/share/opencode/tool-output/*","action":"allow"}] evaluate
INFO  2026-07-15T02:42:41 +0ms service=permission permission=skill pattern=src-cli ruleset=[{"permission":"*","action":"allow","pattern":"*"},{"permission":"doom_loop","action":"ask","pattern":"*"},{"permission":"external_directory","pattern":"*","action":"ask"},{"permission":"external_directory","pattern":"/root/.local/share/opencode/tool-output/*","action":"allow"},{"permission":"external_directory","pattern":"/home/sourcecraft-ci-runner/sourcecraft/workspace/.opencode/skills/asset-workflow/*","action":"allow"},{"permission":"external_directory","pattern":"/home/sourcecraft-ci-runner/sourcecraft/workspace/.opencode/skills/dynamodb-crud-resource/*","action":"allow"},{"permission":"external_directory","pattern":"/home/sourcecraft-ci-runner/sourcecraft/workspace/.opencode/skills/playwright-cli/*","action":"allow"},{"permission":"external_directory","pattern":"/home/sourcecraft-ci-runner/sourcecraft/workspace/.opencode/skills/shadcn/*","action":"allow"},{"permission":"external_directory","pattern":"/root/.config/sourcecraft/opencode/skills/src-cli/*","action":"allow"},{"permission":"external_directory","pattern":"/root/.config/sourcecraft/opencode/skills/pr-description/*","action":"allow"},{"permission":"external_directory","pattern":"/root/.config/sourcecraft/opencode/skills/codereview/*","action":"allow"},{"permission":"question","action":"deny","pattern":"*"},{"permission":"plan_enter","action":"deny","pattern":"*"},{"permission":"plan_exit","action":"deny","pattern":"*"},{"permission":"read","pattern":"*","action":"allow"},{"permission":"read","pattern":"*.env","action":"ask"},{"permission":"read","pattern":"*.env.*","action":"ask"},{"permission":"read","pattern":"*.env.example","action":"allow"},{"permission":"question","action":"allow","pattern":"*"},{"permission":"plan_enter","action":"allow","pattern":"*"},{"permission":"question","action":"deny","pattern":"*"},{"permission":"external_directory","pattern":"/root/.local/share/opencode/tool-output/*","action":"allow"}] evaluate
INFO  2026-07-15T02:42:41 +4ms service=session.processor process
INFO  2026-07-15T02:42:41 +1ms service=llm providerID=sourcecraft modelID=default sessionID=ses_09c5880aeffe7gUJBWRjvSwHuh small=false agent=build mode=primary stream
INFO  2026-07-15T02:42:41 +3ms service=bus type=context.usage.updated publishing
INFO  2026-07-15T02:42:41 +6ms service=bus type=session.status publishing
INFO  2026-07-15T02:42:41 +715ms service=bus type=message.part.updated publishing
INFO  2026-07-15T02:42:41 +2ms service=bus type=message.part.updated publishing
INFO  2026-07-15T02:42:41 +0ms service=bus type=message.part.delta publishing
INFO  2026-07-15T02:42:41 +13ms service=bus type=message.part.delta publishing
INFO  2026-07-15T02:42:41 +4ms service=bus type=message.part.delta publishing
INFO  2026-07-15T02:42:41 +13ms service=bus type=message.part.delta publishing
INFO  2026-07-15T02:42:41 +5ms service=bus type=message.part.delta publishing
INFO  2026-07-15T02:42:41 +10ms service=bus type=message.part.delta publishing
INFO  2026-07-15T02:42:41 +19ms service=bus type=message.part.delta publishing
INFO  2026-07-15T02:42:41 +1ms service=bus type=message.part.delta publishing
INFO  2026-07-15T02:42:41 +12ms service=bus type=message.part.delta publishing
INFO  2026-07-15T02:42:42 +7ms service=bus type=message.part.delta publishing
INFO  2026-07-15T02:42:42 +11ms service=bus type=message.part.delta publishing
INFO  2026-07-15T02:42:42 +10ms service=bus type=message.part.delta publishing
INFO  2026-07-15T02:42:42 +10ms service=bus type=message.part.delta publishing
INFO  2026-07-15T02:42:42 +12ms service=bus type=message.part.delta publishing
INFO  2026-07-15T02:42:42 +7ms service=bus type=message.part.delta publishing
INFO  2026-07-15T02:42:42 +10ms service=bus type=message.part.delta publishing
INFO  2026-07-15T02:42:42 +10ms service=bus type=message.part.delta publishing
INFO  2026-07-15T02:42:42 +10ms service=bus type=message.part.delta publishing
INFO  2026-07-15T02:42:42 +11ms service=bus type=message.part.delta publishing
INFO  2026-07-15T02:42:42 +9ms service=bus type=message.part.delta publishing
INFO  2026-07-15T02:42:42 +9ms service=bus type=message.part.delta publishing
INFO  2026-07-15T02:42:42 +10ms service=bus type=message.part.delta publishing
INFO  2026-07-15T02:42:42 +10ms service=bus type=message.part.delta publishing
INFO  2026-07-15T02:42:42 +12ms service=bus type=message.part.delta publishing
INFO  2026-07-15T02:42:42 +9ms service=bus type=message.part.delta publishing
INFO  2026-07-15T02:42:42 +8ms service=bus type=message.part.delta publishing
INFO  2026-07-15T02:42:42 +11ms service=bus type=message.part.delta publishing
INFO  2026-07-15T02:42:42 +12ms service=bus type=message.part.delta publishing
INFO  2026-07-15T02:42:42 +10ms service=bus type=message.part.delta publishing
INFO  2026-07-15T02:42:42 +8ms service=bus type=message.part.delta publishing
INFO  2026-07-15T02:42:42 +9ms service=bus type=message.part.delta publishing
INFO  2026-07-15T02:42:42 +10ms service=bus type=message.part.delta publishing
INFO  2026-07-15T02:42:42 +10ms service=bus type=message.part.delta publishing
INFO  2026-07-15T02:42:42 +12ms service=bus type=message.part.delta publishing
INFO  2026-07-15T02:42:42 +7ms service=bus type=message.part.delta publishing
INFO  2026-07-15T02:42:42 +10ms service=bus type=message.part.delta publishing
INFO  2026-07-15T02:42:42 +10ms service=bus type=message.part.delta publishing
INFO  2026-07-15T02:42:42 +12ms service=bus type=message.part.delta publishing
INFO  2026-07-15T02:42:42 +14ms service=bus type=message.part.delta publishing
INFO  2026-07-15T02:42:42 +4ms service=bus type=message.part.delta publishing
INFO  2026-07-15T02:42:42 +10ms service=bus type=message.part.delta publishing
INFO  2026-07-15T02:42:42 +9ms service=bus type=message.part.delta publishing
INFO  2026-07-15T02:42:42 +11ms service=bus type=message.part.delta publishing
INFO  2026-07-15T02:42:42 +12ms service=bus type=message.part.delta publishing
INFO  2026-07-15T02:42:42 +7ms service=bus type=message.part.delta publishing
INFO  2026-07-15T02:42:42 +10ms service=bus type=message.part.delta publishing
INFO  2026-07-15T02:42:42 +9ms service=bus type=message.part.delta publishing
INFO  2026-07-15T02:42:42 +11ms service=bus type=message.part.delta publishing
INFO  2026-07-15T02:42:42 +13ms service=bus type=message.part.delta publishing
INFO  2026-07-15T02:42:42 +6ms service=bus type=message.part.delta publishing
INFO  2026-07-15T02:42:42 +10ms service=bus type=message.part.delta publishing
INFO  2026-07-15T02:42:42 +10ms service=bus type=message.part.delta publishing
INFO  2026-07-15T02:42:42 +9ms service=bus type=message.part.delta publishing
INFO  2026-07-15T02:42:42 +14ms service=bus type=message.part.delta publishing
INFO  2026-07-15T02:42:42 +6ms service=bus type=message.part.delta publishing
INFO  2026-07-15T02:42:42 +10ms service=bus type=message.part.delta publishing
INFO  2026-07-15T02:42:42 +10ms service=bus type=message.part.delta publishing
INFO  2026-07-15T02:42:42 +10ms service=bus type=message.part.delta publishing
INFO  2026-07-15T02:42:42 +13ms service=bus type=message.part.delta publishing
INFO  2026-07-15T02:42:42 +6ms service=bus type=message.part.delta publishing
INFO  2026-07-15T02:42:42 +16ms service=bus type=message.part.delta publishing
INFO  2026-07-15T02:42:42 +4ms service=bus type=message.part.delta publishing
INFO  2026-07-15T02:42:42 +11ms service=bus type=message.part.delta publishing
INFO  2026-07-15T02:42:42 +13ms service=bus type=message.part.delta publishing
INFO  2026-07-15T02:42:42 +6ms service=bus type=message.part.delta publishing
INFO  2026-07-15T02:42:42 +13ms service=bus type=message.part.delta publishing
INFO  2026-07-15T02:42:42 +6ms service=bus type=message.part.delta publishing
INFO  2026-07-15T02:42:42 +10ms service=bus type=message.part.delta publishing
INFO  2026-07-15T02:42:42 +13ms service=bus type=message.part.delta publishing
INFO  2026-07-15T02:42:42 +7ms service=bus type=message.part.delta publishing
INFO  2026-07-15T02:42:42 +10ms service=bus type=message.part.delta publishing
INFO  2026-07-15T02:42:42 +15ms service=bus type=message.part.delta publishing
INFO  2026-07-15T02:42:42 +5ms service=bus type=message.part.delta publishing
INFO  2026-07-15T02:42:42 +12ms service=bus type=message.part.delta publishing
INFO  2026-07-15T02:42:42 +7ms service=bus type=message.part.delta publishing
INFO  2026-07-15T02:42:42 +24ms service=bus type=message.part.updated publishing
INFO  2026-07-15T02:42:42 +3ms service=bus type=message.part.updated publishing
INFO  2026-07-15T02:42:42 +1ms service=bus type=message.part.delta publishing
INFO  2026-07-15T02:42:43 +578ms service=bus type=message.part.updated publishing
INFO  2026-07-15T02:42:43 +4ms service=bus type=message.part.updated publishing
INFO  2026-07-15T02:42:43 +3ms service=permission permission=read pattern=/home/sourcecraft-ci-runner/sourcecraft/workspace/tsconfig.json ruleset=[{"permission":"*","action":"allow","pattern":"*"},{"permission":"doom_loop","action":"ask","pattern":"*"},{"permission":"external_directory","pattern":"*","action":"ask"},{"permission":"external_directory","pattern":"/root/.local/share/opencode/tool-output/*","action":"allow"},{"permission":"external_directory","pattern":"/home/sourcecraft-ci-runner/sourcecraft/workspace/.opencode/skills/asset-workflow/*","action":"allow"},{"permission":"external_directory","pattern":"/home/sourcecraft-ci-runner/sourcecraft/workspace/.opencode/skills/dynamodb-crud-resource/*","action":"allow"},{"permission":"external_directory","pattern":"/home/sourcecraft-ci-runner/sourcecraft/workspace/.opencode/skills/playwright-cli/*","action":"allow"},{"permission":"external_directory","pattern":"/home/sourcecraft-ci-runner/sourcecraft/workspace/.opencode/skills/shadcn/*","action":"allow"},{"permission":"external_directory","pattern":"/root/.config/sourcecraft/opencode/skills/src-cli/*","action":"allow"},{"permission":"external_directory","pattern":"/root/.config/sourcecraft/opencode/skills/pr-description/*","action":"allow"},{"permission":"external_directory","pattern":"/root/.config/sourcecraft/opencode/skills/codereview/*","action":"allow"},{"permission":"question","action":"deny","pattern":"*"},{"permission":"plan_enter","action":"deny","pattern":"*"},{"permission":"plan_exit","action":"deny","pattern":"*"},{"permission":"read","pattern":"*","action":"allow"},{"permission":"read","pattern":"*.env","action":"ask"},{"permission":"read","pattern":"*.env.*","action":"ask"},{"permission":"read","pattern":"*.env.example","action":"allow"},{"permission":"question","action":"allow","pattern":"*"},{"permission":"plan_enter","action":"allow","pattern":"*"},{"permission":"question","action":"deny","pattern":"*"},{"permission":"external_directory","pattern":"/root/.local/share/opencode/tool-output/*","action":"allow"}] evaluate
INFO  2026-07-15T02:42:43 +0ms service=permission permission=read pattern=/home/sourcecraft-ci-runner/sourcecraft/workspace/tsconfig.json action={"permission":"read","pattern":"*","action":"allow"} evaluated
INFO  2026-07-15T02:42:43 +15ms service=file.time sessionID=ses_09c5880aeffe7gUJBWRjvSwHuh file=/home/sourcecraft-ci-runner/sourcecraft/workspace/tsconfig.json read
INFO  2026-07-15T02:42:43 +3ms service=bus type=message.part.updated publishing
INFO  2026-07-15T02:42:43 +3ms service=lsp file=/home/sourcecraft-ci-runner/sourcecraft/workspace/tsconfig.json touching file
INFO  2026-07-15T02:42:43 +76ms service=bus type=message.part.updated publishing
INFO  2026-07-15T02:42:43 +31ms service=snapshot hash=6e222c712b58fa1b302207b8fc53373cd12ff066 cwd=/home/sourcecraft-ci-runner/sourcecraft/workspace git=/root/.local/share/opencode/snapshot/d5f82bf4c15299500c398fd016ff6068cdd7781b/e180c03326a9b59cd97a62a55fc9e715cbda7426 tracking
INFO  2026-07-15T02:42:43 +1ms service=bus type=message.part.updated publishing
INFO  2026-07-15T02:42:43 +2ms service=bus type=message.updated publishing
INFO  2026-07-15T02:42:43 +27ms service=bus type=message.updated publishing
INFO  2026-07-15T02:42:43 +1ms service=bus type=session.status publishing
INFO  2026-07-15T02:42:43 +0ms service=session.prompt step=2 sessionID=ses_09c5880aeffe7gUJBWRjvSwHuh loop
INFO  2026-07-15T02:42:43 +3ms service=bus type=message.updated publishing
INFO  2026-07-15T02:42:43 +21ms service=bus type=session.updated publishing
INFO  2026-07-15T02:42:43 +1ms service=bus type=session.diff publishing
INFO  2026-07-15T02:42:43 +15ms service=bus type=message.updated publishing
INFO  2026-07-15T02:42:43 +44ms service=snapshot hash=6e222c712b58fa1b302207b8fc53373cd12ff066 cwd=/home/sourcecraft-ci-runner/sourcecraft/workspace git=/root/.local/share/opencode/snapshot/d5f82bf4c15299500c398fd016ff6068cdd7781b/e180c03326a9b59cd97a62a55fc9e715cbda7426 tracking
INFO  2026-07-15T02:42:43 +0ms service=session.prompt status=started resolveTools
INFO  2026-07-15T02:42:43 +0ms service=tool.registry status=started invalid
INFO  2026-07-15T02:42:43 +1ms service=tool.registry status=completed duration=1 invalid
INFO  2026-07-15T02:42:43 +0ms service=tool.registry status=started question
INFO  2026-07-15T02:42:43 +0ms service=tool.registry status=completed duration=0 question
INFO  2026-07-15T02:42:43 +0ms service=tool.registry status=started bash
INFO  2026-07-15T02:42:43 +0ms service=tool.registry status=completed duration=0 bash
INFO  2026-07-15T02:42:43 +0ms service=tool.registry status=started read
INFO  2026-07-15T02:42:43 +0ms service=tool.registry status=completed duration=0 read
INFO  2026-07-15T02:42:43 +0ms service=tool.registry status=started glob
INFO  2026-07-15T02:42:43 +0ms service=tool.registry status=completed duration=0 glob
INFO  2026-07-15T02:42:43 +0ms service=tool.registry status=started grep
INFO  2026-07-15T02:42:43 +0ms service=tool.registry status=completed duration=0 grep
INFO  2026-07-15T02:42:43 +0ms service=tool.registry status=started edit
INFO  2026-07-15T02:42:43 +0ms service=tool.registry status=completed duration=0 edit
INFO  2026-07-15T02:42:43 +0ms service=tool.registry status=started write
INFO  2026-07-15T02:42:43 +0ms service=tool.registry status=completed duration=0 write
INFO  2026-07-15T02:42:43 +0ms service=tool.registry status=started task
INFO  2026-07-15T02:42:43 +1ms service=tool.registry status=started webfetch
INFO  2026-07-15T02:42:43 +0ms service=tool.registry status=completed duration=0 webfetch
INFO  2026-07-15T02:42:43 +0ms service=tool.registry status=started todowrite
INFO  2026-07-15T02:42:43 +0ms service=tool.registry status=completed duration=0 todowrite
INFO  2026-07-15T02:42:43 +0ms service=tool.registry status=started skill
INFO  2026-07-15T02:42:43 +0ms service=permission permission=skill pattern=asset-workflow ruleset=[{"permission":"*","action":"allow","pattern":"*"},{"permission":"doom_loop","action":"ask","pattern":"*"},{"permission":"external_directory","pattern":"*","action":"ask"},{"permission":"external_directory","pattern":"/root/.local/share/opencode/tool-output/*","action":"allow"},{"permission":"external_directory","pattern":"/home/sourcecraft-ci-runner/sourcecraft/workspace/.opencode/skills/asset-workflow/*","action":"allow"},{"permission":"external_directory","pattern":"/home/sourcecraft-ci-runner/sourcecraft/workspace/.opencode/skills/dynamodb-crud-resource/*","action":"allow"},{"permission":"external_directory","pattern":"/home/sourcecraft-ci-runner/sourcecraft/workspace/.opencode/skills/playwright-cli/*","action":"allow"},{"permission":"external_directory","pattern":"/home/sourcecraft-ci-runner/sourcecraft/workspace/.opencode/skills/shadcn/*","action":"allow"},{"permission":"external_directory","pattern":"/root/.config/sourcecraft/opencode/skills/src-cli/*","action":"allow"},{"permission":"external_directory","pattern":"/root/.config/sourcecraft/opencode/skills/pr-description/*","action":"allow"},{"permission":"external_directory","pattern":"/root/.config/sourcecraft/opencode/skills/codereview/*","action":"allow"},{"permission":"question","action":"deny","pattern":"*"},{"permission":"plan_enter","action":"deny","pattern":"*"},{"permission":"plan_exit","action":"deny","pattern":"*"},{"permission":"read","pattern":"*","action":"allow"},{"permission":"read","pattern":"*.env","action":"ask"},{"permission":"read","pattern":"*.env.*","action":"ask"},{"permission":"read","pattern":"*.env.example","action":"allow"},{"permission":"question","action":"allow","pattern":"*"},{"permission":"plan_enter","action":"allow","pattern":"*"},{"permission":"question","action":"deny","pattern":"*"},{"permission":"external_directory","pattern":"/root/.local/share/opencode/tool-output/*","action":"allow"}] evaluate
INFO  2026-07-15T02:42:43 +1ms service=permission permission=skill pattern=codereview ruleset=[{"permission":"*","action":"allow","pattern":"*"},{"permission":"doom_loop","action":"ask","pattern":"*"},{"permission":"external_directory","pattern":"*","action":"ask"},{"permission":"external_directory","pattern":"/root/.local/share/opencode/tool-output/*","action":"allow"},{"permission":"external_directory","pattern":"/home/sourcecraft-ci-runner/sourcecraft/workspace/.opencode/skills/asset-workflow/*","action":"allow"},{"permission":"external_directory","pattern":"/home/sourcecraft-ci-runner/sourcecraft/workspace/.opencode/skills/dynamodb-crud-resource/*","action":"allow"},{"permission":"external_directory","pattern":"/home/sourcecraft-ci-runner/sourcecraft/workspace/.opencode/skills/playwright-cli/*","action":"allow"},{"permission":"external_directory","pattern":"/home/sourcecraft-ci-runner/sourcecraft/workspace/.opencode/skills/shadcn/*","action":"allow"},{"permission":"external_directory","pattern":"/root/.config/sourcecraft/opencode/skills/src-cli/*","action":"allow"},{"permission":"external_directory","pattern":"/root/.config/sourcecraft/opencode/skills/pr-description/*","action":"allow"},{"permission":"external_directory","pattern":"/root/.config/sourcecraft/opencode/skills/codereview/*","action":"allow"},{"permission":"question","action":"deny","pattern":"*"},{"permission":"plan_enter","action":"deny","pattern":"*"},{"permission":"plan_exit","action":"deny","pattern":"*"},{"permission":"read","pattern":"*","action":"allow"},{"permission":"read","pattern":"*.env","action":"ask"},{"permission":"read","pattern":"*.env.*","action":"ask"},{"permission":"read","pattern":"*.env.example","action":"allow"},{"permission":"question","action":"allow","pattern":"*"},{"permission":"plan_enter","action":"allow","pattern":"*"},{"permission":"question","action":"deny","pattern":"*"},{"permission":"external_directory","pattern":"/root/.local/share/opencode/tool-output/*","action":"allow"}] evaluate
INFO  2026-07-15T02:42:43 +0ms service=permission permission=skill pattern=dynamodb-crud-resource ruleset=[{"permission":"*","action":"allow","pattern":"*"},{"permission":"doom_loop","action":"ask","pattern":"*"},{"permission":"external_directory","pattern":"*","action":"ask"},{"permission":"external_directory","pattern":"/root/.local/share/opencode/tool-output/*","action":"allow"},{"permission":"external_directory","pattern":"/home/sourcecraft-ci-runner/sourcecraft/workspace/.opencode/skills/asset-workflow/*","action":"allow"},{"permission":"external_directory","pattern":"/home/sourcecraft-ci-runner/sourcecraft/workspace/.opencode/skills/dynamodb-crud-resource/*","action":"allow"},{"permission":"external_directory","pattern":"/home/sourcecraft-ci-runner/sourcecraft/workspace/.opencode/skills/playwright-cli/*","action":"allow"},{"permission":"external_directory","pattern":"/home/sourcecraft-ci-runner/sourcecraft/workspace/.opencode/skills/shadcn/*","action":"allow"},{"permission":"external_directory","pattern":"/root/.config/sourcecraft/opencode/skills/src-cli/*","action":"allow"},{"permission":"external_directory","pattern":"/root/.config/sourcecraft/opencode/skills/pr-description/*","action":"allow"},{"permission":"external_directory","pattern":"/root/.config/sourcecraft/opencode/skills/codereview/*","action":"allow"},{"permission":"question","action":"deny","pattern":"*"},{"permission":"plan_enter","action":"deny","pattern":"*"},{"permission":"plan_exit","action":"deny","pattern":"*"},{"permission":"read","pattern":"*","action":"allow"},{"permission":"read","pattern":"*.env","action":"ask"},{"permission":"read","pattern":"*.env.*","action":"ask"},{"permission":"read","pattern":"*.env.example","action":"allow"},{"permission":"question","action":"allow","pattern":"*"},{"permission":"plan_enter","action":"allow","pattern":"*"},{"permission":"question","action":"deny","pattern":"*"},{"permission":"external_directory","pattern":"/root/.local/share/opencode/tool-output/*","action":"allow"}] evaluate
INFO  2026-07-15T02:42:43 +0ms service=permission permission=skill pattern=playwright-cli ruleset=[{"permission":"*","action":"allow","pattern":"*"},{"permission":"doom_loop","action":"ask","pattern":"*"},{"permission":"external_directory","pattern":"*","action":"ask"},{"permission":"external_directory","pattern":"/root/.local/share/opencode/tool-output/*","action":"allow"},{"permission":"external_directory","pattern":"/home/sourcecraft-ci-runner/sourcecraft/workspace/.opencode/skills/asset-workflow/*","action":"allow"},{"permission":"external_directory","pattern":"/home/sourcecraft-ci-runner/sourcecraft/workspace/.opencode/skills/dynamodb-crud-resource/*","action":"allow"},{"permission":"external_directory","pattern":"/home/sourcecraft-ci-runner/sourcecraft/workspace/.opencode/skills/playwright-cli/*","action":"allow"},{"permission":"external_directory","pattern":"/home/sourcecraft-ci-runner/sourcecraft/workspace/.opencode/skills/shadcn/*","action":"allow"},{"permission":"external_directory","pattern":"/root/.config/sourcecraft/opencode/skills/src-cli/*","action":"allow"},{"permission":"external_directory","pattern":"/root/.config/sourcecraft/opencode/skills/pr-description/*","action":"allow"},{"permission":"external_directory","pattern":"/root/.config/sourcecraft/opencode/skills/codereview/*","action":"allow"},{"permission":"question","action":"deny","pattern":"*"},{"permission":"plan_enter","action":"deny","pattern":"*"},{"permission":"plan_exit","action":"deny","pattern":"*"},{"permission":"read","pattern":"*","action":"allow"},{"permission":"read","pattern":"*.env","action":"ask"},{"permission":"read","pattern":"*.env.*","action":"ask"},{"permission":"read","pattern":"*.env.example","action":"allow"},{"permission":"question","action":"allow","pattern":"*"},{"permission":"plan_enter","action":"allow","pattern":"*"},{"permission":"question","action":"deny","pattern":"*"},{"permission":"external_directory","pattern":"/root/.local/share/opencode/tool-output/*","action":"allow"}] evaluate
INFO  2026-07-15T02:42:43 +0ms service=permission permission=skill pattern=pr-description ruleset=[{"permission":"*","action":"allow","pattern":"*"},{"permission":"doom_loop","action":"ask","pattern":"*"},{"permission":"external_directory","pattern":"*","action":"ask"},{"permission":"external_directory","pattern":"/root/.local/share/opencode/tool-output/*","action":"allow"},{"permission":"external_directory","pattern":"/home/sourcecraft-ci-runner/sourcecraft/workspace/.opencode/skills/asset-workflow/*","action":"allow"},{"permission":"external_directory","pattern":"/home/sourcecraft-ci-runner/sourcecraft/workspace/.opencode/skills/dynamodb-crud-resource/*","action":"allow"},{"permission":"external_directory","pattern":"/home/sourcecraft-ci-runner/sourcecraft/workspace/.opencode/skills/playwright-cli/*","action":"allow"},{"permission":"external_directory","pattern":"/home/sourcecraft-ci-runner/sourcecraft/workspace/.opencode/skills/shadcn/*","action":"allow"},{"permission":"external_directory","pattern":"/root/.config/sourcecraft/opencode/skills/src-cli/*","action":"allow"},{"permission":"external_directory","pattern":"/root/.config/sourcecraft/opencode/skills/pr-description/*","action":"allow"},{"permission":"external_directory","pattern":"/root/.config/sourcecraft/opencode/skills/codereview/*","action":"allow"},{"permission":"question","action":"deny","pattern":"*"},{"permission":"plan_enter","action":"deny","pattern":"*"},{"permission":"plan_exit","action":"deny","pattern":"*"},{"permission":"read","pattern":"*","action":"allow"},{"permission":"read","pattern":"*.env","action":"ask"},{"permission":"read","pattern":"*.env.*","action":"ask"},{"permission":"read","pattern":"*.env.example","action":"allow"},{"permission":"question","action":"allow","pattern":"*"},{"permission":"plan_enter","action":"allow","pattern":"*"},{"permission":"question","action":"deny","pattern":"*"},{"permission":"external_directory","pattern":"/root/.local/share/opencode/tool-output/*","action":"allow"}] evaluate
INFO  2026-07-15T02:42:43 +0ms service=permission permission=skill pattern=shadcn ruleset=[{"permission":"*","action":"allow","pattern":"*"},{"permission":"doom_loop","action":"ask","pattern":"*"},{"permission":"external_directory","pattern":"*","action":"ask"},{"permission":"external_directory","pattern":"/root/.local/share/opencode/tool-output/*","action":"allow"},{"permission":"external_directory","pattern":"/home/sourcecraft-ci-runner/sourcecraft/workspace/.opencode/skills/asset-workflow/*","action":"allow"},{"permission":"external_directory","pattern":"/home/sourcecraft-ci-runner/sourcecraft/workspace/.opencode/skills/dynamodb-crud-resource/*","action":"allow"},{"permission":"external_directory","pattern":"/home/sourcecraft-ci-runner/sourcecraft/workspace/.opencode/skills/playwright-cli/*","action":"allow"},{"permission":"external_directory","pattern":"/home/sourcecraft-ci-runner/sourcecraft/workspace/.opencode/skills/shadcn/*","action":"allow"},{"permission":"external_directory","pattern":"/root/.config/sourcecraft/opencode/skills/src-cli/*","action":"allow"},{"permission":"external_directory","pattern":"/root/.config/sourcecraft/opencode/skills/pr-description/*","action":"allow"},{"permission":"external_directory","pattern":"/root/.config/sourcecraft/opencode/skills/codereview/*","action":"allow"},{"permission":"question","action":"deny","pattern":"*"},{"permission":"plan_enter","action":"deny","pattern":"*"},{"permission":"plan_exit","action":"deny","pattern":"*"},{"permission":"read","pattern":"*","action":"allow"},{"permission":"read","pattern":"*.env","action":"ask"},{"permission":"read","pattern":"*.env.*","action":"ask"},{"permission":"read","pattern":"*.env.example","action":"allow"},{"permission":"question","action":"allow","pattern":"*"},{"permission":"plan_enter","action":"allow","pattern":"*"},{"permission":"question","action":"deny","pattern":"*"},{"permission":"external_directory","pattern":"/root/.local/share/opencode/tool-output/*","action":"allow"}] evaluate
INFO  2026-07-15T02:42:43 +0ms service=permission permission=skill pattern=src-cli ruleset=[{"permission":"*","action":"allow","pattern":"*"},{"permission":"doom_loop","action":"ask","pattern":"*"},{"permission":"external_directory","pattern":"*","action":"ask"},{"permission":"external_directory","pattern":"/root/.local/share/opencode/tool-output/*","action":"allow"},{"permission":"external_directory","pattern":"/home/sourcecraft-ci-runner/sourcecraft/workspace/.opencode/skills/asset-workflow/*","action":"allow"},{"permission":"external_directory","pattern":"/home/sourcecraft-ci-runner/sourcecraft/workspace/.opencode/skills/dynamodb-crud-resource/*","action":"allow"},{"permission":"external_directory","pattern":"/home/sourcecraft-ci-runner/sourcecraft/workspace/.opencode/skills/playwright-cli/*","action":"allow"},{"permission":"external_directory","pattern":"/home/sourcecraft-ci-runner/sourcecraft/workspace/.opencode/skills/shadcn/*","action":"allow"},{"permission":"external_directory","pattern":"/root/.config/sourcecraft/opencode/skills/src-cli/*","action":"allow"},{"permission":"external_directory","pattern":"/root/.config/sourcecraft/opencode/skills/pr-description/*","action":"allow"},{"permission":"external_directory","pattern":"/root/.config/sourcecraft/opencode/skills/codereview/*","action":"allow"},{"permission":"question","action":"deny","pattern":"*"},{"permission":"plan_enter","action":"deny","pattern":"*"},{"permission":"plan_exit","action":"deny","pattern":"*"},{"permission":"read","pattern":"*","action":"allow"},{"permission":"read","pattern":"*.env","action":"ask"},{"permission":"read","pattern":"*.env.*","action":"ask"},{"permission":"read","pattern":"*.env.example","action":"allow"},{"permission":"question","action":"allow","pattern":"*"},{"permission":"plan_enter","action":"allow","pattern":"*"},{"permission":"question","action":"deny","pattern":"*"},{"permission":"external_directory","pattern":"/root/.local/share/opencode/tool-output/*","action":"allow"}] evaluate
INFO  2026-07-15T02:42:43 +0ms service=tool.registry status=completed duration=1 skill
INFO  2026-07-15T02:42:43 +0ms service=permission permission=task pattern=explore ruleset=[{"permission":"*","action":"allow","pattern":"*"},{"permission":"doom_loop","action":"ask","pattern":"*"},{"permission":"external_directory","pattern":"*","action":"ask"},{"permission":"external_directory","pattern":"/root/.local/share/opencode/tool-output/*","action":"allow"},{"permission":"external_directory","pattern":"/home/sourcecraft-ci-runner/sourcecraft/workspace/.opencode/skills/asset-workflow/*","action":"allow"},{"permission":"external_directory","pattern":"/home/sourcecraft-ci-runner/sourcecraft/workspace/.opencode/skills/dynamodb-crud-resource/*","action":"allow"},{"permission":"external_directory","pattern":"/home/sourcecraft-ci-runner/sourcecraft/workspace/.opencode/skills/playwright-cli/*","action":"allow"},{"permission":"external_directory","pattern":"/home/sourcecraft-ci-runner/sourcecraft/workspace/.opencode/skills/shadcn/*","action":"allow"},{"permission":"external_directory","pattern":"/root/.config/sourcecraft/opencode/skills/src-cli/*","action":"allow"},{"permission":"external_directory","pattern":"/root/.config/sourcecraft/opencode/skills/pr-description/*","action":"allow"},{"permission":"external_directory","pattern":"/root/.config/sourcecraft/opencode/skills/codereview/*","action":"allow"},{"permission":"question","action":"deny","pattern":"*"},{"permission":"plan_enter","action":"deny","pattern":"*"},{"permission":"plan_exit","action":"deny","pattern":"*"},{"permission":"read","pattern":"*","action":"allow"},{"permission":"read","pattern":"*.env","action":"ask"},{"permission":"read","pattern":"*.env.*","action":"ask"},{"permission":"read","pattern":"*.env.example","action":"allow"},{"permission":"question","action":"allow","pattern":"*"},{"permission":"plan_enter","action":"allow","pattern":"*"},{"permission":"question","action":"deny","pattern":"*"},{"permission":"external_directory","pattern":"/root/.local/share/opencode/tool-output/*","action":"allow"}] evaluate
INFO  2026-07-15T02:42:43 +4ms service=permission permission=task pattern=general ruleset=[{"permission":"*","action":"allow","pattern":"*"},{"permission":"doom_loop","action":"ask","pattern":"*"},{"permission":"external_directory","pattern":"*","action":"ask"},{"permission":"external_directory","pattern":"/root/.local/share/opencode/tool-output/*","action":"allow"},{"permission":"external_directory","pattern":"/home/sourcecraft-ci-runner/sourcecraft/workspace/.opencode/skills/asset-workflow/*","action":"allow"},{"permission":"external_directory","pattern":"/home/sourcecraft-ci-runner/sourcecraft/workspace/.opencode/skills/dynamodb-crud-resource/*","action":"allow"},{"permission":"external_directory","pattern":"/home/sourcecraft-ci-runner/sourcecraft/workspace/.opencode/skills/playwright-cli/*","action":"allow"},{"permission":"external_directory","pattern":"/home/sourcecraft-ci-runner/sourcecraft/workspace/.opencode/skills/shadcn/*","action":"allow"},{"permission":"external_directory","pattern":"/root/.config/sourcecraft/opencode/skills/src-cli/*","action":"allow"},{"permission":"external_directory","pattern":"/root/.config/sourcecraft/opencode/skills/pr-description/*","action":"allow"},{"permission":"external_directory","pattern":"/root/.config/sourcecraft/opencode/skills/codereview/*","action":"allow"},{"permission":"question","action":"deny","pattern":"*"},{"permission":"plan_enter","action":"deny","pattern":"*"},{"permission":"plan_exit","action":"deny","pattern":"*"},{"permission":"read","pattern":"*","action":"allow"},{"permission":"read","pattern":"*.env","action":"ask"},{"permission":"read","pattern":"*.env.*","action":"ask"},{"permission":"read","pattern":"*.env.example","action":"allow"},{"permission":"question","action":"allow","pattern":"*"},{"permission":"plan_enter","action":"allow","pattern":"*"},{"permission":"question","action":"deny","pattern":"*"},{"permission":"external_directory","pattern":"/root/.local/share/opencode/tool-output/*","action":"allow"}] evaluate
INFO  2026-07-15T02:42:43 +0ms service=tool.registry status=completed duration=6 task
INFO  2026-07-15T02:42:43 +1ms service=session.prompt status=completed duration=8 resolveTools
INFO  2026-07-15T02:42:43 +1ms service=permission permission=skill pattern=asset-workflow ruleset=[{"permission":"*","action":"allow","pattern":"*"},{"permission":"doom_loop","action":"ask","pattern":"*"},{"permission":"external_directory","pattern":"*","action":"ask"},{"permission":"external_directory","pattern":"/root/.local/share/opencode/tool-output/*","action":"allow"},{"permission":"external_directory","pattern":"/home/sourcecraft-ci-runner/sourcecraft/workspace/.opencode/skills/asset-workflow/*","action":"allow"},{"permission":"external_directory","pattern":"/home/sourcecraft-ci-runner/sourcecraft/workspace/.opencode/skills/dynamodb-crud-resource/*","action":"allow"},{"permission":"external_directory","pattern":"/home/sourcecraft-ci-runner/sourcecraft/workspace/.opencode/skills/playwright-cli/*","action":"allow"},{"permission":"external_directory","pattern":"/home/sourcecraft-ci-runner/sourcecraft/workspace/.opencode/skills/shadcn/*","action":"allow"},{"permission":"external_directory","pattern":"/root/.config/sourcecraft/opencode/skills/src-cli/*","action":"allow"},{"permission":"external_directory","pattern":"/root/.config/sourcecraft/opencode/skills/pr-description/*","action":"allow"},{"permission":"external_directory","pattern":"/root/.config/sourcecraft/opencode/skills/codereview/*","action":"allow"},{"permission":"question","action":"deny","pattern":"*"},{"permission":"plan_enter","action":"deny","pattern":"*"},{"permission":"plan_exit","action":"deny","pattern":"*"},{"permission":"read","pattern":"*","action":"allow"},{"permission":"read","pattern":"*.env","action":"ask"},{"permission":"read","pattern":"*.env.*","action":"ask"},{"permission":"read","pattern":"*.env.example","action":"allow"},{"permission":"question","action":"allow","pattern":"*"},{"permission":"plan_enter","action":"allow","pattern":"*"},{"permission":"question","action":"deny","pattern":"*"},{"permission":"external_directory","pattern":"/root/.local/share/opencode/tool-output/*","action":"allow"}] evaluate
INFO  2026-07-15T02:42:43 +0ms service=permission permission=skill pattern=codereview ruleset=[{"permission":"*","action":"allow","pattern":"*"},{"permission":"doom_loop","action":"ask","pattern":"*"},{"permission":"external_directory","pattern":"*","action":"ask"},{"permission":"external_directory","pattern":"/root/.local/share/opencode/tool-output/*","action":"allow"},{"permission":"external_directory","pattern":"/home/sourcecraft-ci-runner/sourcecraft/workspace/.opencode/skills/asset-workflow/*","action":"allow"},{"permission":"external_directory","pattern":"/home/sourcecraft-ci-runner/sourcecraft/workspace/.opencode/skills/dynamodb-crud-resource/*","action":"allow"},{"permission":"external_directory","pattern":"/home/sourcecraft-ci-runner/sourcecraft/workspace/.opencode/skills/playwright-cli/*","action":"allow"},{"permission":"external_directory","pattern":"/home/sourcecraft-ci-runner/sourcecraft/workspace/.opencode/skills/shadcn/*","action":"allow"},{"permission":"external_directory","pattern":"/root/.config/sourcecraft/opencode/skills/src-cli/*","action":"allow"},{"permission":"external_directory","pattern":"/root/.config/sourcecraft/opencode/skills/pr-description/*","action":"allow"},{"permission":"external_directory","pattern":"/root/.config/sourcecraft/opencode/skills/codereview/*","action":"allow"},{"permission":"question","action":"deny","pattern":"*"},{"permission":"plan_enter","action":"deny","pattern":"*"},{"permission":"plan_exit","action":"deny","pattern":"*"},{"permission":"read","pattern":"*","action":"allow"},{"permission":"read","pattern":"*.env","action":"ask"},{"permission":"read","pattern":"*.env.*","action":"ask"},{"permission":"read","pattern":"*.env.example","action":"allow"},{"permission":"question","action":"allow","pattern":"*"},{"permission":"plan_enter","action":"allow","pattern":"*"},{"permission":"question","action":"deny","pattern":"*"},{"permission":"external_directory","pattern":"/root/.local/share/opencode/tool-output/*","action":"allow"}] evaluate
INFO  2026-07-15T02:42:43 +0ms service=permission permission=skill pattern=dynamodb-crud-resource ruleset=[{"permission":"*","action":"allow","pattern":"*"},{"permission":"doom_loop","action":"ask","pattern":"*"},{"permission":"external_directory","pattern":"*","action":"ask"},{"permission":"external_directory","pattern":"/root/.local/share/opencode/tool-output/*","action":"allow"},{"permission":"external_directory","pattern":"/home/sourcecraft-ci-runner/sourcecraft/workspace/.opencode/skills/asset-workflow/*","action":"allow"},{"permission":"external_directory","pattern":"/home/sourcecraft-ci-runner/sourcecraft/workspace/.opencode/skills/dynamodb-crud-resource/*","action":"allow"},{"permission":"external_directory","pattern":"/home/sourcecraft-ci-runner/sourcecraft/workspace/.opencode/skills/playwright-cli/*","action":"allow"},{"permission":"external_directory","pattern":"/home/sourcecraft-ci-runner/sourcecraft/workspace/.opencode/skills/shadcn/*","action":"allow"},{"permission":"external_directory","pattern":"/root/.config/sourcecraft/opencode/skills/src-cli/*","action":"allow"},{"permission":"external_directory","pattern":"/root/.config/sourcecraft/opencode/skills/pr-description/*","action":"allow"},{"permission":"external_directory","pattern":"/root/.config/sourcecraft/opencode/skills/codereview/*","action":"allow"},{"permission":"question","action":"deny","pattern":"*"},{"permission":"plan_enter","action":"deny","pattern":"*"},{"permission":"plan_exit","action":"deny","pattern":"*"},{"permission":"read","pattern":"*","action":"allow"},{"permission":"read","pattern":"*.env","action":"ask"},{"permission":"read","pattern":"*.env.*","action":"ask"},{"permission":"read","pattern":"*.env.example","action":"allow"},{"permission":"question","action":"allow","pattern":"*"},{"permission":"plan_enter","action":"allow","pattern":"*"},{"permission":"question","action":"deny","pattern":"*"},{"permission":"external_directory","pattern":"/root/.local/share/opencode/tool-output/*","action":"allow"}] evaluate
INFO  2026-07-15T02:42:43 +0ms service=permission permission=skill pattern=playwright-cli ruleset=[{"permission":"*","action":"allow","pattern":"*"},{"permission":"doom_loop","action":"ask","pattern":"*"},{"permission":"external_directory","pattern":"*","action":"ask"},{"permission":"external_directory","pattern":"/root/.local/share/opencode/tool-output/*","action":"allow"},{"permission":"external_directory","pattern":"/home/sourcecraft-ci-runner/sourcecraft/workspace/.opencode/skills/asset-workflow/*","action":"allow"},{"permission":"external_directory","pattern":"/home/sourcecraft-ci-runner/sourcecraft/workspace/.opencode/skills/dynamodb-crud-resource/*","action":"allow"},{"permission":"external_directory","pattern":"/home/sourcecraft-ci-runner/sourcecraft/workspace/.opencode/skills/playwright-cli/*","action":"allow"},{"permission":"external_directory","pattern":"/home/sourcecraft-ci-runner/sourcecraft/workspace/.opencode/skills/shadcn/*","action":"allow"},{"permission":"external_directory","pattern":"/root/.config/sourcecraft/opencode/skills/src-cli/*","action":"allow"},{"permission":"external_directory","pattern":"/root/.config/sourcecraft/opencode/skills/pr-description/*","action":"allow"},{"permission":"external_directory","pattern":"/root/.config/sourcecraft/opencode/skills/codereview/*","action":"allow"},{"permission":"question","action":"deny","pattern":"*"},{"permission":"plan_enter","action":"deny","pattern":"*"},{"permission":"plan_exit","action":"deny","pattern":"*"},{"permission":"read","pattern":"*","action":"allow"},{"permission":"read","pattern":"*.env","action":"ask"},{"permission":"read","pattern":"*.env.*","action":"ask"},{"permission":"read","pattern":"*.env.example","action":"allow"},{"permission":"question","action":"allow","pattern":"*"},{"permission":"plan_enter","action":"allow","pattern":"*"},{"permission":"question","action":"deny","pattern":"*"},{"permission":"external_directory","pattern":"/root/.local/share/opencode/tool-output/*","action":"allow"}] evaluate
INFO  2026-07-15T02:42:43 +0ms service=permission permission=skill pattern=pr-description ruleset=[{"permission":"*","action":"allow","pattern":"*"},{"permission":"doom_loop","action":"ask","pattern":"*"},{"permission":"external_directory","pattern":"*","action":"ask"},{"permission":"external_directory","pattern":"/root/.local/share/opencode/tool-output/*","action":"allow"},{"permission":"external_directory","pattern":"/home/sourcecraft-ci-runner/sourcecraft/workspace/.opencode/skills/asset-workflow/*","action":"allow"},{"permission":"external_directory","pattern":"/home/sourcecraft-ci-runner/sourcecraft/workspace/.opencode/skills/dynamodb-crud-resource/*","action":"allow"},{"permission":"external_directory","pattern":"/home/sourcecraft-ci-runner/sourcecraft/workspace/.opencode/skills/playwright-cli/*","action":"allow"},{"permission":"external_directory","pattern":"/home/sourcecraft-ci-runner/sourcecraft/workspace/.opencode/skills/shadcn/*","action":"allow"},{"permission":"external_directory","pattern":"/root/.config/sourcecraft/opencode/skills/src-cli/*","action":"allow"},{"permission":"external_directory","pattern":"/root/.config/sourcecraft/opencode/skills/pr-description/*","action":"allow"},{"permission":"external_directory","pattern":"/root/.config/sourcecraft/opencode/skills/codereview/*","action":"allow"},{"permission":"question","action":"deny","pattern":"*"},{"permission":"plan_enter","action":"deny","pattern":"*"},{"permission":"plan_exit","action":"deny","pattern":"*"},{"permission":"read","pattern":"*","action":"allow"},{"permission":"read","pattern":"*.env","action":"ask"},{"permission":"read","pattern":"*.env.*","action":"ask"},{"permission":"read","pattern":"*.env.example","action":"allow"},{"permission":"question","action":"allow","pattern":"*"},{"permission":"plan_enter","action":"allow","pattern":"*"},{"permission":"question","action":"deny","pattern":"*"},{"permission":"external_directory","pattern":"/root/.local/share/opencode/tool-output/*","action":"allow"}] evaluate
INFO  2026-07-15T02:42:43 +0ms service=permission permission=skill pattern=shadcn ruleset=[{"permission":"*","action":"allow","pattern":"*"},{"permission":"doom_loop","action":"ask","pattern":"*"},{"permission":"external_directory","pattern":"*","action":"ask"},{"permission":"external_directory","pattern":"/root/.local/share/opencode/tool-output/*","action":"allow"},{"permission":"external_directory","pattern":"/home/sourcecraft-ci-runner/sourcecraft/workspace/.opencode/skills/asset-workflow/*","action":"allow"},{"permission":"external_directory","pattern":"/home/sourcecraft-ci-runner/sourcecraft/workspace/.opencode/skills/dynamodb-crud-resource/*","action":"allow"},{"permission":"external_directory","pattern":"/home/sourcecraft-ci-runner/sourcecraft/workspace/.opencode/skills/playwright-cli/*","action":"allow"},{"permission":"external_directory","pattern":"/home/sourcecraft-ci-runner/sourcecraft/workspace/.opencode/skills/shadcn/*","action":"allow"},{"permission":"external_directory","pattern":"/root/.config/sourcecraft/opencode/skills/src-cli/*","action":"allow"},{"permission":"external_directory","pattern":"/root/.config/sourcecraft/opencode/skills/pr-description/*","action":"allow"},{"permission":"external_directory","pattern":"/root/.config/sourcecraft/opencode/skills/codereview/*","action":"allow"},{"permission":"question","action":"deny","pattern":"*"},{"permission":"plan_enter","action":"deny","pattern":"*"},{"permission":"plan_exit","action":"deny","pattern":"*"},{"permission":"read","pattern":"*","action":"allow"},{"permission":"read","pattern":"*.env","action":"ask"},{"permission":"read","pattern":"*.env.*","action":"ask"},{"permission":"read","pattern":"*.env.example","action":"allow"},{"permission":"question","action":"allow","pattern":"*"},{"permission":"plan_enter","action":"allow","pattern":"*"},{"permission":"question","action":"deny","pattern":"*"},{"permission":"external_directory","pattern":"/root/.local/share/opencode/tool-output/*","action":"allow"}] evaluate
INFO  2026-07-15T02:42:43 +0ms service=permission permission=skill pattern=src-cli ruleset=[{"permission":"*","action":"allow","pattern":"*"},{"permission":"doom_loop","action":"ask","pattern":"*"},{"permission":"external_directory","pattern":"*","action":"ask"},{"permission":"external_directory","pattern":"/root/.local/share/opencode/tool-output/*","action":"allow"},{"permission":"external_directory","pattern":"/home/sourcecraft-ci-runner/sourcecraft/workspace/.opencode/skills/asset-workflow/*","action":"allow"},{"permission":"external_directory","pattern":"/home/sourcecraft-ci-runner/sourcecraft/workspace/.opencode/skills/dynamodb-crud-resource/*","action":"allow"},{"permission":"external_directory","pattern":"/home/sourcecraft-ci-runner/sourcecraft/workspace/.opencode/skills/playwright-cli/*","action":"allow"},{"permission":"external_directory","pattern":"/home/sourcecraft-ci-runner/sourcecraft/workspace/.opencode/skills/shadcn/*","action":"allow"},{"permission":"external_directory","pattern":"/root/.config/sourcecraft/opencode/skills/src-cli/*","action":"allow"},{"permission":"external_directory","pattern":"/root/.config/sourcecraft/opencode/skills/pr-description/*","action":"allow"},{"permission":"external_directory","pattern":"/root/.config/sourcecraft/opencode/skills/codereview/*","action":"allow"},{"permission":"question","action":"deny","pattern":"*"},{"permission":"plan_enter","action":"deny","pattern":"*"},{"permission":"plan_exit","action":"deny","pattern":"*"},{"permission":"read","pattern":"*","action":"allow"},{"permission":"read","pattern":"*.env","action":"ask"},{"permission":"read","pattern":"*.env.*","action":"ask"},{"permission":"read","pattern":"*.env.example","action":"allow"},{"permission":"question","action":"allow","pattern":"*"},{"permission":"plan_enter","action":"allow","pattern":"*"},{"permission":"question","action":"deny","pattern":"*"},{"permission":"external_directory","pattern":"/root/.local/share/opencode/tool-output/*","action":"allow"}] evaluate
INFO  2026-07-15T02:42:43 +9ms service=session.processor process
INFO  2026-07-15T02:42:43 +1ms service=llm providerID=sourcecraft modelID=default sessionID=ses_09c5880aeffe7gUJBWRjvSwHuh small=false agent=build mode=primary stream
INFO  2026-07-15T02:42:43 +3ms service=bus type=context.usage.updated publishing
INFO  2026-07-15T02:42:43 +3ms service=bus type=session.status publishing
INFO  2026-07-15T02:42:44 +702ms service=bus type=message.part.updated publishing
INFO  2026-07-15T02:42:44 +2ms service=bus type=message.part.updated publishing
INFO  2026-07-15T02:42:44 +0ms service=bus type=message.part.delta publishing
INFO  2026-07-15T02:42:44 +10ms service=bus type=message.part.delta publishing
INFO  2026-07-15T02:42:44 +2ms service=bus type=message.part.delta publishing
INFO  2026-07-15T02:42:44 +16ms service=bus type=message.part.delta publishing
INFO  2026-07-15T02:42:44 +6ms service=bus type=message.part.delta publishing
INFO  2026-07-15T02:42:44 +10ms service=bus type=message.part.delta publishing
INFO  2026-07-15T02:42:44 +16ms service=bus type=message.part.delta publishing
INFO  2026-07-15T02:42:44 +20ms service=bus type=message.part.delta publishing
INFO  2026-07-15T02:42:44 +1ms service=bus type=message.part.delta publishing
INFO  2026-07-15T02:42:44 +5ms service=bus type=message.part.delta publishing
INFO  2026-07-15T02:42:44 +10ms service=bus type=message.part.delta publishing
INFO  2026-07-15T02:42:44 +14ms service=bus type=message.part.delta publishing
INFO  2026-07-15T02:42:44 +9ms service=bus type=message.part.delta publishing
INFO  2026-07-15T02:42:44 +15ms service=bus type=message.part.delta publishing
INFO  2026-07-15T02:42:44 +3ms service=bus type=message.part.delta publishing
INFO  2026-07-15T02:42:44 +16ms service=bus type=message.part.delta publishing
INFO  2026-07-15T02:42:44 +7ms service=bus type=message.part.delta publishing
INFO  2026-07-15T02:42:44 +9ms service=bus type=message.part.delta publishing
INFO  2026-07-15T02:42:44 +10ms service=bus type=message.part.delta publishing
INFO  2026-07-15T02:42:44 +13ms service=bus type=message.part.delta publishing
INFO  2026-07-15T02:42:44 +16ms service=bus type=message.part.delta publishing
INFO  2026-07-15T02:42:44 +16ms service=bus type=message.part.delta publishing
INFO  2026-07-15T02:42:44 +2ms service=bus type=message.part.delta publishing
INFO  2026-07-15T02:42:44 +12ms service=bus type=message.part.delta publishing
INFO  2026-07-15T02:42:44 +4ms service=bus type=message.part.delta publishing
INFO  2026-07-15T02:42:44 +11ms service=bus type=message.part.delta publishing
INFO  2026-07-15T02:42:44 +16ms service=bus type=message.part.delta publishing
INFO  2026-07-15T02:42:44 +5ms service=bus type=message.part.delta publishing
INFO  2026-07-15T02:42:44 +12ms service=bus type=message.part.delta publishing
INFO  2026-07-15T02:42:44 +8ms service=bus type=message.part.delta publishing
INFO  2026-07-15T02:42:44 +11ms service=bus type=message.part.delta publishing
INFO  2026-07-15T02:42:44 +14ms service=bus type=message.part.delta publishing
INFO  2026-07-15T02:42:44 +9ms service=bus type=message.part.delta publishing
INFO  2026-07-15T02:42:44 +9ms service=bus type=message.part.delta publishing
INFO  2026-07-15T02:42:44 +14ms service=bus type=message.part.delta publishing
INFO  2026-07-15T02:42:44 +11ms service=bus type=message.part.delta publishing
INFO  2026-07-15T02:42:44 +7ms service=bus type=message.part.delta publishing
INFO  2026-07-15T02:42:44 +16ms service=bus type=message.part.delta publishing
INFO  2026-07-15T02:42:44 +7ms service=bus type=message.part.delta publishing
INFO  2026-07-15T02:42:44 +9ms service=bus type=message.part.delta publishing
INFO  2026-07-15T02:42:44 +9ms service=bus type=message.part.delta publishing
INFO  2026-07-15T02:42:44 +11ms service=bus type=message.part.delta publishing
INFO  2026-07-15T02:42:44 +23ms service=bus type=message.part.updated publishing
INFO  2026-07-15T02:42:44 +3ms service=bus type=message.part.updated publishing
INFO  2026-07-15T02:42:44 +1ms service=bus type=message.part.delta publishing
INFO  2026-07-15T02:42:45 +404ms service=lsp serverID=yaml-ls root=/home/sourcecraft-ci-runner/sourcecraft/workspace spawned lsp server
INFO  2026-07-15T02:42:45 +1ms service=lsp.client serverID=yaml-ls starting client
INFO  2026-07-15T02:42:45 +4ms service=lsp.client serverID=yaml-ls sending initialize
INFO  2026-07-15T02:42:45 +240ms service=bus type=message.part.updated publishing
INFO  2026-07-15T02:42:45 +3ms service=bash-tool arg=types resolved=/home/sourcecraft-ci-runner/sourcecraft/workspace/types resolved path
INFO  2026-07-15T02:42:45 +3ms service=bus type=message.part.updated publishing
INFO  2026-07-15T02:42:45 +1ms service=permission permission=bash pattern=mkdir -p types ruleset=[{"permission":"*","action":"allow","pattern":"*"},{"permission":"doom_loop","action":"ask","pattern":"*"},{"permission":"external_directory","pattern":"*","action":"ask"},{"permission":"external_directory","pattern":"/root/.local/share/opencode/tool-output/*","action":"allow"},{"permission":"external_directory","pattern":"/home/sourcecraft-ci-runner/sourcecraft/workspace/.opencode/skills/asset-workflow/*","action":"allow"},{"permission":"external_directory","pattern":"/home/sourcecraft-ci-runner/sourcecraft/workspace/.opencode/skills/dynamodb-crud-resource/*","action":"allow"},{"permission":"external_directory","pattern":"/home/sourcecraft-ci-runner/sourcecraft/workspace/.opencode/skills/playwright-cli/*","action":"allow"},{"permission":"external_directory","pattern":"/home/sourcecraft-ci-runner/sourcecraft/workspace/.opencode/skills/shadcn/*","action":"allow"},{"permission":"external_directory","pattern":"/root/.config/sourcecraft/opencode/skills/src-cli/*","action":"allow"},{"permission":"external_directory","pattern":"/root/.config/sourcecraft/opencode/skills/pr-description/*","action":"allow"},{"permission":"external_directory","pattern":"/root/.config/sourcecraft/opencode/skills/codereview/*","action":"allow"},{"permission":"question","action":"deny","pattern":"*"},{"permission":"plan_enter","action":"deny","pattern":"*"},{"permission":"plan_exit","action":"deny","pattern":"*"},{"permission":"read","pattern":"*","action":"allow"},{"permission":"read","pattern":"*.env","action":"ask"},{"permission":"read","pattern":"*.env.*","action":"ask"},{"permission":"read","pattern":"*.env.example","action":"allow"},{"permission":"question","action":"allow","pattern":"*"},{"permission":"plan_enter","action":"allow","pattern":"*"},{"permission":"question","action":"deny","pattern":"*"},{"permission":"external_directory","pattern":"/root/.local/share/opencode/tool-output/*","action":"allow"}] evaluate
INFO  2026-07-15T02:42:45 +0ms service=permission permission=bash pattern=mkdir -p types action={"permission":"*","action":"allow","pattern":"*"} evaluated
INFO  2026-07-15T02:42:45 +3ms service=bus type=message.part.updated publishing
INFO  2026-07-15T02:42:45 +14ms service=bus type=message.part.updated publishing
INFO  2026-07-15T02:42:45 +127ms service=bus type=message.part.updated publishing
INFO  2026-07-15T02:42:45 +82ms service=snapshot hash=6e222c712b58fa1b302207b8fc53373cd12ff066 cwd=/home/sourcecraft-ci-runner/sourcecraft/workspace git=/root/.local/share/opencode/snapshot/d5f82bf4c15299500c398fd016ff6068cdd7781b/e180c03326a9b59cd97a62a55fc9e715cbda7426 tracking
INFO  2026-07-15T02:42:45 +3ms service=bus type=message.part.updated publishing
INFO  2026-07-15T02:42:45 +1ms service=bus type=message.updated publishing
INFO  2026-07-15T02:42:45 +9ms service=lsp.client serverID=yaml-ls initialized
INFO  2026-07-15T02:42:45 +0ms service=bus type=lsp.updated publishing
INFO  2026-07-15T02:42:45 +1ms service=lsp.client serverID=yaml-ls path=/home/sourcecraft-ci-runner/sourcecraft/workspace/.vibecraft/docs/backlog.yaml workspace/didChangeWatchedFiles
INFO  2026-07-15T02:42:45 +1ms service=lsp.client serverID=yaml-ls path=/home/sourcecraft-ci-runner/sourcecraft/workspace/.vibecraft/docs/backlog.yaml textDocument/didOpen
INFO  2026-07-15T02:42:45 +24ms service=bus type=message.updated publishing
INFO  2026-07-15T02:42:45 +1ms service=bus type=session.status publishing
INFO  2026-07-15T02:42:45 +0ms service=session.prompt step=3 sessionID=ses_09c5880aeffe7gUJBWRjvSwHuh loop
INFO  2026-07-15T02:42:45 +7ms service=bus type=message.updated publishing
INFO  2026-07-15T02:42:45 +18ms service=bus type=session.updated publishing
INFO  2026-07-15T02:42:45 +2ms service=bus type=session.diff publishing
INFO  2026-07-15T02:42:45 +15ms service=bus type=message.updated publishing
INFO  2026-07-15T02:42:45 +27ms service=server method=GET path=/lsp request
INFO  2026-07-15T02:42:45 +0ms service=server status=started method=GET path=/lsp request
INFO  2026-07-15T02:42:45 +3ms service=server status=completed duration=3 method=GET path=/lsp request
INFO  2026-07-15T02:42:45 +4ms service=snapshot hash=6e222c712b58fa1b302207b8fc53373cd12ff066 cwd=/home/sourcecraft-ci-runner/sourcecraft/workspace git=/root/.local/share/opencode/snapshot/d5f82bf4c15299500c398fd016ff6068cdd7781b/e180c03326a9b59cd97a62a55fc9e715cbda7426 tracking
INFO  2026-07-15T02:42:45 +0ms service=session.prompt status=started resolveTools
INFO  2026-07-15T02:42:45 +1ms service=tool.registry status=started invalid
INFO  2026-07-15T02:42:45 +0ms service=tool.registry status=completed duration=0 invalid
INFO  2026-07-15T02:42:45 +0ms service=tool.registry status=started question
INFO  2026-07-15T02:42:45 +0ms service=tool.registry status=completed duration=0 question
INFO  2026-07-15T02:42:45 +0ms service=tool.registry status=started bash
INFO  2026-07-15T02:42:45 +0ms service=tool.registry status=completed duration=0 bash
INFO  2026-07-15T02:42:45 +0ms service=tool.registry status=started read
INFO  2026-07-15T02:42:45 +0ms service=tool.registry status=completed duration=0 read
INFO  2026-07-15T02:42:45 +0ms service=tool.registry status=started glob
INFO  2026-07-15T02:42:45 +0ms service=tool.registry status=completed duration=0 glob
INFO  2026-07-15T02:42:45 +0ms service=tool.registry status=started grep
INFO  2026-07-15T02:42:45 +0ms service=tool.registry status=completed duration=0 grep
INFO  2026-07-15T02:42:45 +0ms service=tool.registry status=started edit
INFO  2026-07-15T02:42:45 +0ms service=tool.registry status=completed duration=0 edit
INFO  2026-07-15T02:42:45 +0ms service=tool.registry status=started write
INFO  2026-07-15T02:42:45 +0ms service=tool.registry status=completed duration=0 write
INFO  2026-07-15T02:42:45 +0ms service=tool.registry status=started task
INFO  2026-07-15T02:42:45 +1ms service=tool.registry status=started webfetch
INFO  2026-07-15T02:42:45 +0ms service=tool.registry status=completed duration=0 webfetch
INFO  2026-07-15T02:42:45 +0ms service=tool.registry status=started todowrite
INFO  2026-07-15T02:42:45 +0ms service=tool.registry status=completed duration=0 todowrite
INFO  2026-07-15T02:42:45 +0ms service=tool.registry status=started skill
INFO  2026-07-15T02:42:45 +0ms service=permission permission=skill pattern=asset-workflow ruleset=[{"permission":"*","action":"allow","pattern":"*"},{"permission":"doom_loop","action":"ask","pattern":"*"},{"permission":"external_directory","pattern":"*","action":"ask"},{"permission":"external_directory","pattern":"/root/.local/share/opencode/tool-output/*","action":"allow"},{"permission":"external_directory","pattern":"/home/sourcecraft-ci-runner/sourcecraft/workspace/.opencode/skills/asset-workflow/*","action":"allow"},{"permission":"external_directory","pattern":"/home/sourcecraft-ci-runner/sourcecraft/workspace/.opencode/skills/dynamodb-crud-resource/*","action":"allow"},{"permission":"external_directory","pattern":"/home/sourcecraft-ci-runner/sourcecraft/workspace/.opencode/skills/playwright-cli/*","action":"allow"},{"permission":"external_directory","pattern":"/home/sourcecraft-ci-runner/sourcecraft/workspace/.opencode/skills/shadcn/*","action":"allow"},{"permission":"external_directory","pattern":"/root/.config/sourcecraft/opencode/skills/src-cli/*","action":"allow"},{"permission":"external_directory","pattern":"/root/.config/sourcecraft/opencode/skills/pr-description/*","action":"allow"},{"permission":"external_directory","pattern":"/root/.config/sourcecraft/opencode/skills/codereview/*","action":"allow"},{"permission":"question","action":"deny","pattern":"*"},{"permission":"plan_enter","action":"deny","pattern":"*"},{"permission":"plan_exit","action":"deny","pattern":"*"},{"permission":"read","pattern":"*","action":"allow"},{"permission":"read","pattern":"*.env","action":"ask"},{"permission":"read","pattern":"*.env.*","action":"ask"},{"permission":"read","pattern":"*.env.example","action":"allow"},{"permission":"question","action":"allow","pattern":"*"},{"permission":"plan_enter","action":"allow","pattern":"*"},{"permission":"question","action":"deny","pattern":"*"},{"permission":"external_directory","pattern":"/root/.local/share/opencode/tool-output/*","action":"allow"}] evaluate
INFO  2026-07-15T02:42:45 +0ms service=permission permission=skill pattern=codereview ruleset=[{"permission":"*","action":"allow","pattern":"*"},{"permission":"doom_loop","action":"ask","pattern":"*"},{"permission":"external_directory","pattern":"*","action":"ask"},{"permission":"external_directory","pattern":"/root/.local/share/opencode/tool-output/*","action":"allow"},{"permission":"external_directory","pattern":"/home/sourcecraft-ci-runner/sourcecraft/workspace/.opencode/skills/asset-workflow/*","action":"allow"},{"permission":"external_directory","pattern":"/home/sourcecraft-ci-runner/sourcecraft/workspace/.opencode/skills/dynamodb-crud-resource/*","action":"allow"},{"permission":"external_directory","pattern":"/home/sourcecraft-ci-runner/sourcecraft/workspace/.opencode/skills/playwright-cli/*","action":"allow"},{"permission":"external_directory","pattern":"/home/sourcecraft-ci-runner/sourcecraft/workspace/.opencode/skills/shadcn/*","action":"allow"},{"permission":"external_directory","pattern":"/root/.config/sourcecraft/opencode/skills/src-cli/*","action":"allow"},{"permission":"external_directory","pattern":"/root/.config/sourcecraft/opencode/skills/pr-description/*","action":"allow"},{"permission":"external_directory","pattern":"/root/.config/sourcecraft/opencode/skills/codereview/*","action":"allow"},{"permission":"question","action":"deny","pattern":"*"},{"permission":"plan_enter","action":"deny","pattern":"*"},{"permission":"plan_exit","action":"deny","pattern":"*"},{"permission":"read","pattern":"*","action":"allow"},{"permission":"read","pattern":"*.env","action":"ask"},{"permission":"read","pattern":"*.env.*","action":"ask"},{"permission":"read","pattern":"*.env.example","action":"allow"},{"permission":"question","action":"allow","pattern":"*"},{"permission":"plan_enter","action":"allow","pattern":"*"},{"permission":"question","action":"deny","pattern":"*"},{"permission":"external_directory","pattern":"/root/.local/share/opencode/tool-output/*","action":"allow"}] evaluate
INFO  2026-07-15T02:42:45 +0ms service=permission permission=skill pattern=dynamodb-crud-resource ruleset=[{"permission":"*","action":"allow","pattern":"*"},{"permission":"doom_loop","action":"ask","pattern":"*"},{"permission":"external_directory","pattern":"*","action":"ask"},{"permission":"external_directory","pattern":"/root/.local/share/opencode/tool-output/*","action":"allow"},{"permission":"external_directory","pattern":"/home/sourcecraft-ci-runner/sourcecraft/workspace/.opencode/skills/asset-workflow/*","action":"allow"},{"permission":"external_directory","pattern":"/home/sourcecraft-ci-runner/sourcecraft/workspace/.opencode/skills/dynamodb-crud-resource/*","action":"allow"},{"permission":"external_directory","pattern":"/home/sourcecraft-ci-runner/sourcecraft/workspace/.opencode/skills/playwright-cli/*","action":"allow"},{"permission":"external_directory","pattern":"/home/sourcecraft-ci-runner/sourcecraft/workspace/.opencode/skills/shadcn/*","action":"allow"},{"permission":"external_directory","pattern":"/root/.config/sourcecraft/opencode/skills/src-cli/*","action":"allow"},{"permission":"external_directory","pattern":"/root/.config/sourcecraft/opencode/skills/pr-description/*","action":"allow"},{"permission":"external_directory","pattern":"/root/.config/sourcecraft/opencode/skills/codereview/*","action":"allow"},{"permission":"question","action":"deny","pattern":"*"},{"permission":"plan_enter","action":"deny","pattern":"*"},{"permission":"plan_exit","action":"deny","pattern":"*"},{"permission":"read","pattern":"*","action":"allow"},{"permission":"read","pattern":"*.env","action":"ask"},{"permission":"read","pattern":"*.env.*","action":"ask"},{"permission":"read","pattern":"*.env.example","action":"allow"},{"permission":"question","action":"allow","pattern":"*"},{"permission":"plan_enter","action":"allow","pattern":"*"},{"permission":"question","action":"deny","pattern":"*"},{"permission":"external_directory","pattern":"/root/.local/share/opencode/tool-output/*","action":"allow"}] evaluate
INFO  2026-07-15T02:42:45 +0ms service=permission permission=skill pattern=playwright-cli ruleset=[{"permission":"*","action":"allow","pattern":"*"},{"permission":"doom_loop","action":"ask","pattern":"*"},{"permission":"external_directory","pattern":"*","action":"ask"},{"permission":"external_directory","pattern":"/root/.local/share/opencode/tool-output/*","action":"allow"},{"permission":"external_directory","pattern":"/home/sourcecraft-ci-runner/sourcecraft/workspace/.opencode/skills/asset-workflow/*","action":"allow"},{"permission":"external_directory","pattern":"/home/sourcecraft-ci-runner/sourcecraft/workspace/.opencode/skills/dynamodb-crud-resource/*","action":"allow"},{"permission":"external_directory","pattern":"/home/sourcecraft-ci-runner/sourcecraft/workspace/.opencode/skills/playwright-cli/*","action":"allow"},{"permission":"external_directory","pattern":"/home/sourcecraft-ci-runner/sourcecraft/workspace/.opencode/skills/shadcn/*","action":"allow"},{"permission":"external_directory","pattern":"/root/.config/sourcecraft/opencode/skills/src-cli/*","action":"allow"},{"permission":"external_directory","pattern":"/root/.config/sourcecraft/opencode/skills/pr-description/*","action":"allow"},{"permission":"external_directory","pattern":"/root/.config/sourcecraft/opencode/skills/codereview/*","action":"allow"},{"permission":"question","action":"deny","pattern":"*"},{"permission":"plan_enter","action":"deny","pattern":"*"},{"permission":"plan_exit","action":"deny","pattern":"*"},{"permission":"read","pattern":"*","action":"allow"},{"permission":"read","pattern":"*.env","action":"ask"},{"permission":"read","pattern":"*.env.*","action":"ask"},{"permission":"read","pattern":"*.env.example","action":"allow"},{"permission":"question","action":"allow","pattern":"*"},{"permission":"plan_enter","action":"allow","pattern":"*"},{"permission":"question","action":"deny","pattern":"*"},{"permission":"external_directory","pattern":"/root/.local/share/opencode/tool-output/*","action":"allow"}] evaluate
INFO  2026-07-15T02:42:45 +0ms service=permission permission=skill pattern=pr-description ruleset=[{"permission":"*","action":"allow","pattern":"*"},{"permission":"doom_loop","action":"ask","pattern":"*"},{"permission":"external_directory","pattern":"*","action":"ask"},{"permission":"external_directory","pattern":"/root/.local/share/opencode/tool-output/*","action":"allow"},{"permission":"external_directory","pattern":"/home/sourcecraft-ci-runner/sourcecraft/workspace/.opencode/skills/asset-workflow/*","action":"allow"},{"permission":"external_directory","pattern":"/home/sourcecraft-ci-runner/sourcecraft/workspace/.opencode/skills/dynamodb-crud-resource/*","action":"allow"},{"permission":"external_directory","pattern":"/home/sourcecraft-ci-runner/sourcecraft/workspace/.opencode/skills/playwright-cli/*","action":"allow"},{"permission":"external_directory","pattern":"/home/sourcecraft-ci-runner/sourcecraft/workspace/.opencode/skills/shadcn/*","action":"allow"},{"permission":"external_directory","pattern":"/root/.config/sourcecraft/opencode/skills/src-cli/*","action":"allow"},{"permission":"external_directory","pattern":"/root/.config/sourcecraft/opencode/skills/pr-description/*","action":"allow"},{"permission":"external_directory","pattern":"/root/.config/sourcecraft/opencode/skills/codereview/*","action":"allow"},{"permission":"question","action":"deny","pattern":"*"},{"permission":"plan_enter","action":"deny","pattern":"*"},{"permission":"plan_exit","action":"deny","pattern":"*"},{"permission":"read","pattern":"*","action":"allow"},{"permission":"read","pattern":"*.env","action":"ask"},{"permission":"read","pattern":"*.env.*","action":"ask"},{"permission":"read","pattern":"*.env.example","action":"allow"},{"permission":"question","action":"allow","pattern":"*"},{"permission":"plan_enter","action":"allow","pattern":"*"},{"permission":"question","action":"deny","pattern":"*"},{"permission":"external_directory","pattern":"/root/.local/share/opencode/tool-output/*","action":"allow"}] evaluate
INFO  2026-07-15T02:42:45 +0ms service=permission permission=skill pattern=shadcn ruleset=[{"permission":"*","action":"allow","pattern":"*"},{"permission":"doom_loop","action":"ask","pattern":"*"},{"permission":"external_directory","pattern":"*","action":"ask"},{"permission":"external_directory","pattern":"/root/.local/share/opencode/tool-output/*","action":"allow"},{"permission":"external_directory","pattern":"/home/sourcecraft-ci-runner/sourcecraft/workspace/.opencode/skills/asset-workflow/*","action":"allow"},{"permission":"external_directory","pattern":"/home/sourcecraft-ci-runner/sourcecraft/workspace/.opencode/skills/dynamodb-crud-resource/*","action":"allow"},{"permission":"external_directory","pattern":"/home/sourcecraft-ci-runner/sourcecraft/workspace/.opencode/skills/playwright-cli/*","action":"allow"},{"permission":"external_directory","pattern":"/home/sourcecraft-ci-runner/sourcecraft/workspace/.opencode/skills/shadcn/*","action":"allow"},{"permission":"external_directory","pattern":"/root/.config/sourcecraft/opencode/skills/src-cli/*","action":"allow"},{"permission":"external_directory","pattern":"/root/.config/sourcecraft/opencode/skills/pr-description/*","action":"allow"},{"permission":"external_directory","pattern":"/root/.config/sourcecraft/opencode/skills/codereview/*","action":"allow"},{"permission":"question","action":"deny","pattern":"*"},{"permission":"plan_enter","action":"deny","pattern":"*"},{"permission":"plan_exit","action":"deny","pattern":"*"},{"permission":"read","pattern":"*","action":"allow"},{"permission":"read","pattern":"*.env","action":"ask"},{"permission":"read","pattern":"*.env.*","action":"ask"},{"permission":"read","pattern":"*.env.example","action":"allow"},{"permission":"question","action":"allow","pattern":"*"},{"permission":"plan_enter","action":"allow","pattern":"*"},{"permission":"question","action":"deny","pattern":"*"},{"permission":"external_directory","pattern":"/root/.local/share/opencode/tool-output/*","action":"allow"}] evaluate
INFO  2026-07-15T02:42:45 +0ms service=permission permission=skill pattern=src-cli ruleset=[{"permission":"*","action":"allow","pattern":"*"},{"permission":"doom_loop","action":"ask","pattern":"*"},{"permission":"external_directory","pattern":"*","action":"ask"},{"permission":"external_directory","pattern":"/root/.local/share/opencode/tool-output/*","action":"allow"},{"permission":"external_directory","pattern":"/home/sourcecraft-ci-runner/sourcecraft/workspace/.opencode/skills/asset-workflow/*","action":"allow"},{"permission":"external_directory","pattern":"/home/sourcecraft-ci-runner/sourcecraft/workspace/.opencode/skills/dynamodb-crud-resource/*","action":"allow"},{"permission":"external_directory","pattern":"/home/sourcecraft-ci-runner/sourcecraft/workspace/.opencode/skills/playwright-cli/*","action":"allow"},{"permission":"external_directory","pattern":"/home/sourcecraft-ci-runner/sourcecraft/workspace/.opencode/skills/shadcn/*","action":"allow"},{"permission":"external_directory","pattern":"/root/.config/sourcecraft/opencode/skills/src-cli/*","action":"allow"},{"permission":"external_directory","pattern":"/root/.config/sourcecraft/opencode/skills/pr-description/*","action":"allow"},{"permission":"external_directory","pattern":"/root/.config/sourcecraft/opencode/skills/codereview/*","action":"allow"},{"permission":"question","action":"deny","pattern":"*"},{"permission":"plan_enter","action":"deny","pattern":"*"},{"permission":"plan_exit","action":"deny","pattern":"*"},{"permission":"read","pattern":"*","action":"allow"},{"permission":"read","pattern":"*.env","action":"ask"},{"permission":"read","pattern":"*.env.*","action":"ask"},{"permission":"read","pattern":"*.env.example","action":"allow"},{"permission":"question","action":"allow","pattern":"*"},{"permission":"plan_enter","action":"allow","pattern":"*"},{"permission":"question","action":"deny","pattern":"*"},{"permission":"external_directory","pattern":"/root/.local/share/opencode/tool-output/*","action":"allow"}] evaluate
INFO  2026-07-15T02:42:45 +1ms service=tool.registry status=completed duration=1 skill
INFO  2026-07-15T02:42:45 +0ms service=permission permission=task pattern=explore ruleset=[{"permission":"*","action":"allow","pattern":"*"},{"permission":"doom_loop","action":"ask","pattern":"*"},{"permission":"external_directory","pattern":"*","action":"ask"},{"permission":"external_directory","pattern":"/root/.local/share/opencode/tool-output/*","action":"allow"},{"permission":"external_directory","pattern":"/home/sourcecraft-ci-runner/sourcecraft/workspace/.opencode/skills/asset-workflow/*","action":"allow"},{"permission":"external_directory","pattern":"/home/sourcecraft-ci-runner/sourcecraft/workspace/.opencode/skills/dynamodb-crud-resource/*","action":"allow"},{"permission":"external_directory","pattern":"/home/sourcecraft-ci-runner/sourcecraft/workspace/.opencode/skills/playwright-cli/*","action":"allow"},{"permission":"external_directory","pattern":"/home/sourcecraft-ci-runner/sourcecraft/workspace/.opencode/skills/shadcn/*","action":"allow"},{"permission":"external_directory","pattern":"/root/.config/sourcecraft/opencode/skills/src-cli/*","action":"allow"},{"permission":"external_directory","pattern":"/root/.config/sourcecraft/opencode/skills/pr-description/*","action":"allow"},{"permission":"external_directory","pattern":"/root/.config/sourcecraft/opencode/skills/codereview/*","action":"allow"},{"permission":"question","action":"deny","pattern":"*"},{"permission":"plan_enter","action":"deny","pattern":"*"},{"permission":"plan_exit","action":"deny","pattern":"*"},{"permission":"read","pattern":"*","action":"allow"},{"permission":"read","pattern":"*.env","action":"ask"},{"permission":"read","pattern":"*.env.*","action":"ask"},{"permission":"read","pattern":"*.env.example","action":"allow"},{"permission":"question","action":"allow","pattern":"*"},{"permission":"plan_enter","action":"allow","pattern":"*"},{"permission":"question","action":"deny","pattern":"*"},{"permission":"external_directory","pattern":"/root/.local/share/opencode/tool-output/*","action":"allow"}] evaluate
INFO  2026-07-15T02:42:45 +0ms service=permission permission=task pattern=general ruleset=[{"permission":"*","action":"allow","pattern":"*"},{"permission":"doom_loop","action":"ask","pattern":"*"},{"permission":"external_directory","pattern":"*","action":"ask"},{"permission":"external_directory","pattern":"/root/.local/share/opencode/tool-output/*","action":"allow"},{"permission":"external_directory","pattern":"/home/sourcecraft-ci-runner/sourcecraft/workspace/.opencode/skills/asset-workflow/*","action":"allow"},{"permission":"external_directory","pattern":"/home/sourcecraft-ci-runner/sourcecraft/workspace/.opencode/skills/dynamodb-crud-resource/*","action":"allow"},{"permission":"external_directory","pattern":"/home/sourcecraft-ci-runner/sourcecraft/workspace/.opencode/skills/playwright-cli/*","action":"allow"},{"permission":"external_directory","pattern":"/home/sourcecraft-ci-runner/sourcecraft/workspace/.opencode/skills/shadcn/*","action":"allow"},{"permission":"external_directory","pattern":"/root/.config/sourcecraft/opencode/skills/src-cli/*","action":"allow"},{"permission":"external_directory","pattern":"/root/.config/sourcecraft/opencode/skills/pr-description/*","action":"allow"},{"permission":"external_directory","pattern":"/root/.config/sourcecraft/opencode/skills/codereview/*","action":"allow"},{"permission":"question","action":"deny","pattern":"*"},{"permission":"plan_enter","action":"deny","pattern":"*"},{"permission":"plan_exit","action":"deny","pattern":"*"},{"permission":"read","pattern":"*","action":"allow"},{"permission":"read","pattern":"*.env","action":"ask"},{"permission":"read","pattern":"*.env.*","action":"ask"},{"permission":"read","pattern":"*.env.example","action":"allow"},{"permission":"question","action":"allow","pattern":"*"},{"permission":"plan_enter","action":"allow","pattern":"*"},{"permission":"question","action":"deny","pattern":"*"},{"permission":"external_directory","pattern":"/root/.local/share/opencode/tool-output/*","action":"allow"}] evaluate
INFO  2026-07-15T02:42:45 +0ms service=tool.registry status=completed duration=2 task
INFO  2026-07-15T02:42:45 +1ms service=session.prompt status=completed duration=4 resolveTools
INFO  2026-07-15T02:42:45 +0ms service=permission permission=skill pattern=asset-workflow ruleset=[{"permission":"*","action":"allow","pattern":"*"},{"permission":"doom_loop","action":"ask","pattern":"*"},{"permission":"external_directory","pattern":"*","action":"ask"},{"permission":"external_directory","pattern":"/root/.local/share/opencode/tool-output/*","action":"allow"},{"permission":"external_directory","pattern":"/home/sourcecraft-ci-runner/sourcecraft/workspace/.opencode/skills/asset-workflow/*","action":"allow"},{"permission":"external_directory","pattern":"/home/sourcecraft-ci-runner/sourcecraft/workspace/.opencode/skills/dynamodb-crud-resource/*","action":"allow"},{"permission":"external_directory","pattern":"/home/sourcecraft-ci-runner/sourcecraft/workspace/.opencode/skills/playwright-cli/*","action":"allow"},{"permission":"external_directory","pattern":"/home/sourcecraft-ci-runner/sourcecraft/workspace/.opencode/skills/shadcn/*","action":"allow"},{"permission":"external_directory","pattern":"/root/.config/sourcecraft/opencode/skills/src-cli/*","action":"allow"},{"permission":"external_directory","pattern":"/root/.config/sourcecraft/opencode/skills/pr-description/*","action":"allow"},{"permission":"external_directory","pattern":"/root/.config/sourcecraft/opencode/skills/codereview/*","action":"allow"},{"permission":"question","action":"deny","pattern":"*"},{"permission":"plan_enter","action":"deny","pattern":"*"},{"permission":"plan_exit","action":"deny","pattern":"*"},{"permission":"read","pattern":"*","action":"allow"},{"permission":"read","pattern":"*.env","action":"ask"},{"permission":"read","pattern":"*.env.*","action":"ask"},{"permission":"read","pattern":"*.env.example","action":"allow"},{"permission":"question","action":"allow","pattern":"*"},{"permission":"plan_enter","action":"allow","pattern":"*"},{"permission":"question","action":"deny","pattern":"*"},{"permission":"external_directory","pattern":"/root/.local/share/opencode/tool-output/*","action":"allow"}] evaluate
INFO  2026-07-15T02:42:45 +0ms service=permission permission=skill pattern=codereview ruleset=[{"permission":"*","action":"allow","pattern":"*"},{"permission":"doom_loop","action":"ask","pattern":"*"},{"permission":"external_directory","pattern":"*","action":"ask"},{"permission":"external_directory","pattern":"/root/.local/share/opencode/tool-output/*","action":"allow"},{"permission":"external_directory","pattern":"/home/sourcecraft-ci-runner/sourcecraft/workspace/.opencode/skills/asset-workflow/*","action":"allow"},{"permission":"external_directory","pattern":"/home/sourcecraft-ci-runner/sourcecraft/workspace/.opencode/skills/dynamodb-crud-resource/*","action":"allow"},{"permission":"external_directory","pattern":"/home/sourcecraft-ci-runner/sourcecraft/workspace/.opencode/skills/playwright-cli/*","action":"allow"},{"permission":"external_directory","pattern":"/home/sourcecraft-ci-runner/sourcecraft/workspace/.opencode/skills/shadcn/*","action":"allow"},{"permission":"external_directory","pattern":"/root/.config/sourcecraft/opencode/skills/src-cli/*","action":"allow"},{"permission":"external_directory","pattern":"/root/.config/sourcecraft/opencode/skills/pr-description/*","action":"allow"},{"permission":"external_directory","pattern":"/root/.config/sourcecraft/opencode/skills/codereview/*","action":"allow"},{"permission":"question","action":"deny","pattern":"*"},{"permission":"plan_enter","action":"deny","pattern":"*"},{"permission":"plan_exit","action":"deny","pattern":"*"},{"permission":"read","pattern":"*","action":"allow"},{"permission":"read","pattern":"*.env","action":"ask"},{"permission":"read","pattern":"*.env.*","action":"ask"},{"permission":"read","pattern":"*.env.example","action":"allow"},{"permission":"question","action":"allow","pattern":"*"},{"permission":"plan_enter","action":"allow","pattern":"*"},{"permission":"question","action":"deny","pattern":"*"},{"permission":"external_directory","pattern":"/root/.local/share/opencode/tool-output/*","action":"allow"}] evaluate
INFO  2026-07-15T02:42:45 +0ms service=permission permission=skill pattern=dynamodb-crud-resource ruleset=[{"permission":"*","action":"allow","pattern":"*"},{"permission":"doom_loop","action":"ask","pattern":"*"},{"permission":"external_directory","pattern":"*","action":"ask"},{"permission":"external_directory","pattern":"/root/.local/share/opencode/tool-output/*","action":"allow"},{"permission":"external_directory","pattern":"/home/sourcecraft-ci-runner/sourcecraft/workspace/.opencode/skills/asset-workflow/*","action":"allow"},{"permission":"external_directory","pattern":"/home/sourcecraft-ci-runner/sourcecraft/workspace/.opencode/skills/dynamodb-crud-resource/*","action":"allow"},{"permission":"external_directory","pattern":"/home/sourcecraft-ci-runner/sourcecraft/workspace/.opencode/skills/playwright-cli/*","action":"allow"},{"permission":"external_directory","pattern":"/home/sourcecraft-ci-runner/sourcecraft/workspace/.opencode/skills/shadcn/*","action":"allow"},{"permission":"external_directory","pattern":"/root/.config/sourcecraft/opencode/skills/src-cli/*","action":"allow"},{"permission":"external_directory","pattern":"/root/.config/sourcecraft/opencode/skills/pr-description/*","action":"allow"},{"permission":"external_directory","pattern":"/root/.config/sourcecraft/opencode/skills/codereview/*","action":"allow"},{"permission":"question","action":"deny","pattern":"*"},{"permission":"plan_enter","action":"deny","pattern":"*"},{"permission":"plan_exit","action":"deny","pattern":"*"},{"permission":"read","pattern":"*","action":"allow"},{"permission":"read","pattern":"*.env","action":"ask"},{"permission":"read","pattern":"*.env.*","action":"ask"},{"permission":"read","pattern":"*.env.example","action":"allow"},{"permission":"question","action":"allow","pattern":"*"},{"permission":"plan_enter","action":"allow","pattern":"*"},{"permission":"question","action":"deny","pattern":"*"},{"permission":"external_directory","pattern":"/root/.local/share/opencode/tool-output/*","action":"allow"}] evaluate
INFO  2026-07-15T02:42:45 +0ms service=permission permission=skill pattern=playwright-cli ruleset=[{"permission":"*","action":"allow","pattern":"*"},{"permission":"doom_loop","action":"ask","pattern":"*"},{"permission":"external_directory","pattern":"*","action":"ask"},{"permission":"external_directory","pattern":"/root/.local/share/opencode/tool-output/*","action":"allow"},{"permission":"external_directory","pattern":"/home/sourcecraft-ci-runner/sourcecraft/workspace/.opencode/skills/asset-workflow/*","action":"allow"},{"permission":"external_directory","pattern":"/home/sourcecraft-ci-runner/sourcecraft/workspace/.opencode/skills/dynamodb-crud-resource/*","action":"allow"},{"permission":"external_directory","pattern":"/home/sourcecraft-ci-runner/sourcecraft/workspace/.opencode/skills/playwright-cli/*","action":"allow"},{"permission":"external_directory","pattern":"/home/sourcecraft-ci-runner/sourcecraft/workspace/.opencode/skills/shadcn/*","action":"allow"},{"permission":"external_directory","pattern":"/root/.config/sourcecraft/opencode/skills/src-cli/*","action":"allow"},{"permission":"external_directory","pattern":"/root/.config/sourcecraft/opencode/skills/pr-description/*","action":"allow"},{"permission":"external_directory","pattern":"/root/.config/sourcecraft/opencode/skills/codereview/*","action":"allow"},{"permission":"question","action":"deny","pattern":"*"},{"permission":"plan_enter","action":"deny","pattern":"*"},{"permission":"plan_exit","action":"deny","pattern":"*"},{"permission":"read","pattern":"*","action":"allow"},{"permission":"read","pattern":"*.env","action":"ask"},{"permission":"read","pattern":"*.env.*","action":"ask"},{"permission":"read","pattern":"*.env.example","action":"allow"},{"permission":"question","action":"allow","pattern":"*"},{"permission":"plan_enter","action":"allow","pattern":"*"},{"permission":"question","action":"deny","pattern":"*"},{"permission":"external_directory","pattern":"/root/.local/share/opencode/tool-output/*","action":"allow"}] evaluate
INFO  2026-07-15T02:42:45 +0ms service=permission permission=skill pattern=pr-description ruleset=[{"permission":"*","action":"allow","pattern":"*"},{"permission":"doom_loop","action":"ask","pattern":"*"},{"permission":"external_directory","pattern":"*","action":"ask"},{"permission":"external_directory","pattern":"/root/.local/share/opencode/tool-output/*","action":"allow"},{"permission":"external_directory","pattern":"/home/sourcecraft-ci-runner/sourcecraft/workspace/.opencode/skills/asset-workflow/*","action":"allow"},{"permission":"external_directory","pattern":"/home/sourcecraft-ci-runner/sourcecraft/workspace/.opencode/skills/dynamodb-crud-resource/*","action":"allow"},{"permission":"external_directory","pattern":"/home/sourcecraft-ci-runner/sourcecraft/workspace/.opencode/skills/playwright-cli/*","action":"allow"},{"permission":"external_directory","pattern":"/home/sourcecraft-ci-runner/sourcecraft/workspace/.opencode/skills/shadcn/*","action":"allow"},{"permission":"external_directory","pattern":"/root/.config/sourcecraft/opencode/skills/src-cli/*","action":"allow"},{"permission":"external_directory","pattern":"/root/.config/sourcecraft/opencode/skills/pr-description/*","action":"allow"},{"permission":"external_directory","pattern":"/root/.config/sourcecraft/opencode/skills/codereview/*","action":"allow"},{"permission":"question","action":"deny","pattern":"*"},{"permission":"plan_enter","action":"deny","pattern":"*"},{"permission":"plan_exit","action":"deny","pattern":"*"},{"permission":"read","pattern":"*","action":"allow"},{"permission":"read","pattern":"*.env","action":"ask"},{"permission":"read","pattern":"*.env.*","action":"ask"},{"permission":"read","pattern":"*.env.example","action":"allow"},{"permission":"question","action":"allow","pattern":"*"},{"permission":"plan_enter","action":"allow","pattern":"*"},{"permission":"question","action":"deny","pattern":"*"},{"permission":"external_directory","pattern":"/root/.local/share/opencode/tool-output/*","action":"allow"}] evaluate
INFO  2026-07-15T02:42:45 +1ms service=permission permission=skill pattern=shadcn ruleset=[{"permission":"*","action":"allow","pattern":"*"},{"permission":"doom_loop","action":"ask","pattern":"*"},{"permission":"external_directory","pattern":"*","action":"ask"},{"permission":"external_directory","pattern":"/root/.local/share/opencode/tool-output/*","action":"allow"},{"permission":"external_directory","pattern":"/home/sourcecraft-ci-runner/sourcecraft/workspace/.opencode/skills/asset-workflow/*","action":"allow"},{"permission":"external_directory","pattern":"/home/sourcecraft-ci-runner/sourcecraft/workspace/.opencode/skills/dynamodb-crud-resource/*","action":"allow"},{"permission":"external_directory","pattern":"/home/sourcecraft-ci-runner/sourcecraft/workspace/.opencode/skills/playwright-cli/*","action":"allow"},{"permission":"external_directory","pattern":"/home/sourcecraft-ci-runner/sourcecraft/workspace/.opencode/skills/shadcn/*","action":"allow"},{"permission":"external_directory","pattern":"/root/.config/sourcecraft/opencode/skills/src-cli/*","action":"allow"},{"permission":"external_directory","pattern":"/root/.config/sourcecraft/opencode/skills/pr-description/*","action":"allow"},{"permission":"external_directory","pattern":"/root/.config/sourcecraft/opencode/skills/codereview/*","action":"allow"},{"permission":"question","action":"deny","pattern":"*"},{"permission":"plan_enter","action":"deny","pattern":"*"},{"permission":"plan_exit","action":"deny","pattern":"*"},{"permission":"read","pattern":"*","action":"allow"},{"permission":"read","pattern":"*.env","action":"ask"},{"permission":"read","pattern":"*.env.*","action":"ask"},{"permission":"read","pattern":"*.env.example","action":"allow"},{"permission":"question","action":"allow","pattern":"*"},{"permission":"plan_enter","action":"allow","pattern":"*"},{"permission":"question","action":"deny","pattern":"*"},{"permission":"external_directory","pattern":"/root/.local/share/opencode/tool-output/*","action":"allow"}] evaluate
INFO  2026-07-15T02:42:45 +0ms service=permission permission=skill pattern=src-cli ruleset=[{"permission":"*","action":"allow","pattern":"*"},{"permission":"doom_loop","action":"ask","pattern":"*"},{"permission":"external_directory","pattern":"*","action":"ask"},{"permission":"external_directory","pattern":"/root/.local/share/opencode/tool-output/*","action":"allow"},{"permission":"external_directory","pattern":"/home/sourcecraft-ci-runner/sourcecraft/workspace/.opencode/skills/asset-workflow/*","action":"allow"},{"permission":"external_directory","pattern":"/home/sourcecraft-ci-runner/sourcecraft/workspace/.opencode/skills/dynamodb-crud-resource/*","action":"allow"},{"permission":"external_directory","pattern":"/home/sourcecraft-ci-runner/sourcecraft/workspace/.opencode/skills/playwright-cli/*","action":"allow"},{"permission":"external_directory","pattern":"/home/sourcecraft-ci-runner/sourcecraft/workspace/.opencode/skills/shadcn/*","action":"allow"},{"permission":"external_directory","pattern":"/root/.config/sourcecraft/opencode/skills/src-cli/*","action":"allow"},{"permission":"external_directory","pattern":"/root/.config/sourcecraft/opencode/skills/pr-description/*","action":"allow"},{"permission":"external_directory","pattern":"/root/.config/sourcecraft/opencode/skills/codereview/*","action":"allow"},{"permission":"question","action":"deny","pattern":"*"},{"permission":"plan_enter","action":"deny","pattern":"*"},{"permission":"plan_exit","action":"deny","pattern":"*"},{"permission":"read","pattern":"*","action":"allow"},{"permission":"read","pattern":"*.env","action":"ask"},{"permission":"read","pattern":"*.env.*","action":"ask"},{"permission":"read","pattern":"*.env.example","action":"allow"},{"permission":"question","action":"allow","pattern":"*"},{"permission":"plan_enter","action":"allow","pattern":"*"},{"permission":"question","action":"deny","pattern":"*"},{"permission":"external_directory","pattern":"/root/.local/share/opencode/tool-output/*","action":"allow"}] evaluate
INFO  2026-07-15T02:42:45 +15ms service=session.processor process
INFO  2026-07-15T02:42:45 +0ms service=llm providerID=sourcecraft modelID=default sessionID=ses_09c5880aeffe7gUJBWRjvSwHuh small=false agent=build mode=primary stream
INFO  2026-07-15T02:42:45 +3ms service=bus type=context.usage.updated publishing
INFO  2026-07-15T02:42:45 +4ms service=bus type=session.status publishing
INFO  2026-07-15T02:42:45 +133ms service=lsp.client serverID=yaml-ls path=/home/sourcecraft-ci-runner/sourcecraft/workspace/.vibecraft/docs/backlog.yaml count=0 textDocument/publishDiagnostics
INFO  2026-07-15T02:42:45 +1ms service=bus type=lsp.client.diagnostics publishing
INFO  2026-07-15T02:42:46 +564ms service=bus type=message.part.updated publishing
INFO  2026-07-15T02:42:46 +1ms service=bus type=message.part.updated publishing
INFO  2026-07-15T02:42:46 +0ms service=bus type=message.part.delta publishing
INFO  2026-07-15T02:42:46 +7ms service=bus type=message.part.delta publishing
INFO  2026-07-15T02:42:46 +19ms service=bus type=message.part.delta publishing
INFO  2026-07-15T02:42:46 +2ms service=bus type=message.part.delta publishing
INFO  2026-07-15T02:42:46 +12ms service=bus type=message.part.delta publishing
INFO  2026-07-15T02:42:46 +7ms service=bus type=message.part.delta publishing
INFO  2026-07-15T02:42:46 +25ms service=bus type=message.part.updated publishing
INFO  2026-07-15T02:42:46 +2ms service=bus type=message.part.updated publishing
INFO  2026-07-15T02:42:46 +0ms service=bus type=message.part.delta publishing
INFO  2026-07-15T02:42:47 +816ms service=bus type=message.part.updated publishing
INFO  2026-07-15T02:42:47 +5ms service=permission permission=edit pattern=types/js-yaml.d.ts ruleset=[{"permission":"*","action":"allow","pattern":"*"},{"permission":"doom_loop","action":"ask","pattern":"*"},{"permission":"external_directory","pattern":"*","action":"ask"},{"permission":"external_directory","pattern":"/root/.local/share/opencode/tool-output/*","action":"allow"},{"permission":"external_directory","pattern":"/home/sourcecraft-ci-runner/sourcecraft/workspace/.opencode/skills/asset-workflow/*","action":"allow"},{"permission":"external_directory","pattern":"/home/sourcecraft-ci-runner/sourcecraft/workspace/.opencode/skills/dynamodb-crud-resource/*","action":"allow"},{"permission":"external_directory","pattern":"/home/sourcecraft-ci-runner/sourcecraft/workspace/.opencode/skills/playwright-cli/*","action":"allow"},{"permission":"external_directory","pattern":"/home/sourcecraft-ci-runner/sourcecraft/workspace/.opencode/skills/shadcn/*","action":"allow"},{"permission":"external_directory","pattern":"/root/.config/sourcecraft/opencode/skills/src-cli/*","action":"allow"},{"permission":"external_directory","pattern":"/root/.config/sourcecraft/opencode/skills/pr-description/*","action":"allow"},{"permission":"external_directory","pattern":"/root/.config/sourcecraft/opencode/skills/codereview/*","action":"allow"},{"permission":"question","action":"deny","pattern":"*"},{"permission":"plan_enter","action":"deny","pattern":"*"},{"permission":"plan_exit","action":"deny","pattern":"*"},{"permission":"read","pattern":"*","action":"allow"},{"permission":"read","pattern":"*.env","action":"ask"},{"permission":"read","pattern":"*.env.*","action":"ask"},{"permission":"read","pattern":"*.env.example","action":"allow"},{"permission":"question","action":"allow","pattern":"*"},{"permission":"plan_enter","action":"allow","pattern":"*"},{"permission":"question","action":"deny","pattern":"*"},{"permission":"external_directory","pattern":"/root/.local/share/opencode/tool-output/*","action":"allow"}] evaluate
INFO  2026-07-15T02:42:47 +0ms service=permission permission=edit pattern=types/js-yaml.d.ts action={"permission":"*","action":"allow","pattern":"*"} evaluated
INFO  2026-07-15T02:42:47 +2ms service=bus type=message.part.updated publishing
INFO  2026-07-15T02:42:47 +2ms service=format file=/home/sourcecraft-ci-runner/sourcecraft/workspace/types/js-yaml.d.ts formatting
INFO  2026-07-15T02:42:47 +0ms service=format name=prettier ext=.ts checking
INFO  2026-07-15T02:42:47 +0ms service=format name=oxfmt ext=.ts checking
INFO  2026-07-15T02:42:47 +1ms service=format name=biome ext=.ts checking
INFO  2026-07-15T02:42:47 +2ms service=npm pkg=prettier installing package
INFO  2026-07-15T02:42:47 +108ms service=bus type=message.part.updated publishing
INFO  2026-07-15T02:42:47 +146ms service=format name=prettier ext=.ts enabled
INFO  2026-07-15T02:42:47 +1ms service=format command=["/root/.cache/opencode/packages/prettier/node_modules/.bin/prettier","--write","$FILE"] running
INFO  2026-07-15T02:42:47 +258ms service=bus type=file.edited publishing
INFO  2026-07-15T02:42:47 +0ms service=bus type=file.watcher.updated publishing
INFO  2026-07-15T02:42:47 +1ms service=file.time sessionID=ses_09c5880aeffe7gUJBWRjvSwHuh file=/home/sourcecraft-ci-runner/sourcecraft/workspace/types/js-yaml.d.ts read
INFO  2026-07-15T02:42:47 +0ms service=lsp file=/home/sourcecraft-ci-runner/sourcecraft/workspace/types/js-yaml.d.ts touching file
INFO  2026-07-15T02:42:47 +21ms service=lsp.server tsserver=/home/sourcecraft-ci-runner/sourcecraft/workspace/node_modules/typescript/lib/tsserver.js typescript server
INFO  2026-07-15T02:42:47 +7ms service=npm pkg=typescript-language-server installing package
INFO  2026-07-15T02:42:48 +506ms service=lsp serverID=typescript root=/home/sourcecraft-ci-runner/sourcecraft/workspace spawned lsp server
INFO  2026-07-15T02:42:48 +0ms service=lsp.client serverID=typescript starting client
INFO  2026-07-15T02:42:48 +1ms service=lsp.client serverID=typescript sending initialize
INFO  2026-07-15T02:42:48 +130ms service=lsp.client serverID=typescript initialized
INFO  2026-07-15T02:42:48 +0ms service=bus type=lsp.updated publishing
INFO  2026-07-15T02:42:48 +2ms service=lsp.server spawning eslint server
INFO  2026-07-15T02:42:48 +0ms service=lsp.server downloading and building VS Code ESLint server
INFO  2026-07-15T02:42:48 +75ms service=server method=GET path=/lsp request
INFO  2026-07-15T02:42:48 +1ms service=server status=started method=GET path=/lsp request
INFO  2026-07-15T02:42:48 +2ms service=server status=completed duration=2 method=GET path=/lsp request
INFO  2026-07-15T02:43:02 +13564ms service=lsp.server serverPath=/root/.cache/opencode/bin/vscode-eslint/server/out/eslintServer.js installed VS Code ESLint server
INFO  2026-07-15T02:43:02 +1ms service=lsp serverID=eslint root=/home/sourcecraft-ci-runner/sourcecraft/workspace spawned lsp server
INFO  2026-07-15T02:43:02 +0ms service=lsp.client serverID=eslint starting client
INFO  2026-07-15T02:43:02 +0ms service=lsp.client serverID=eslint sending initialize
INFO  2026-07-15T02:43:02 +115ms service=lsp.client serverID=eslint initialized
INFO  2026-07-15T02:43:02 +1ms service=bus type=lsp.updated publishing
INFO  2026-07-15T02:43:02 +1ms service=lsp.server oxlint not found, please install oxlint
INFO  2026-07-15T02:43:02 +0ms service=lsp.client serverID=eslint path=/home/sourcecraft-ci-runner/sourcecraft/workspace/types/js-yaml.d.ts waiting for diagnostics
INFO  2026-07-15T02:43:02 +1ms service=bus type=lsp.client.diagnostics subscribing
INFO  2026-07-15T02:43:02 +0ms service=lsp.client serverID=eslint path=/home/sourcecraft-ci-runner/sourcecraft/workspace/types/js-yaml.d.ts waiting for diagnostics
INFO  2026-07-15T02:43:02 +0ms service=bus type=lsp.client.diagnostics subscribing
INFO  2026-07-15T02:43:02 +1ms service=lsp.client serverID=eslint path=/home/sourcecraft-ci-runner/sourcecraft/workspace/types/js-yaml.d.ts workspace/didChangeWatchedFiles
INFO  2026-07-15T02:43:02 +0ms service=lsp.client serverID=eslint path=/home/sourcecraft-ci-runner/sourcecraft/workspace/types/js-yaml.d.ts workspace/didChangeWatchedFiles
INFO  2026-07-15T02:43:02 +1ms service=lsp.client serverID=eslint path=/home/sourcecraft-ci-runner/sourcecraft/workspace/types/js-yaml.d.ts textDocument/didOpen
INFO  2026-07-15T02:43:02 +0ms service=lsp.client serverID=eslint path=/home/sourcecraft-ci-runner/sourcecraft/workspace/types/js-yaml.d.ts textDocument/didOpen
INFO  2026-07-15T02:43:02 +46ms service=server method=GET path=/lsp request
INFO  2026-07-15T02:43:02 +0ms service=server status=started method=GET path=/lsp request
INFO  2026-07-15T02:43:02 +2ms service=server status=completed duration=2 method=GET path=/lsp request
INFO  2026-07-15T02:43:02 +51ms service=lsp.client serverID=eslint token=ae097f89-90c7-42f9-95b9-66667f78caca window/workDoneProgress/create
INFO  2026-07-15T02:43:05 +2909ms service=bus type=lsp.client.diagnostics unsubscribing
INFO  2026-07-15T02:43:05 +2ms service=bus type=lsp.client.diagnostics unsubscribing
INFO  2026-07-15T02:43:05 +5ms service=bus type=message.part.updated publishing
INFO  2026-07-15T02:43:05 +77ms service=snapshot hash=a0d57a0b134115b426a70647a86055ea43c44d9f cwd=/home/sourcecraft-ci-runner/sourcecraft/workspace git=/root/.local/share/opencode/snapshot/d5f82bf4c15299500c398fd016ff6068cdd7781b/e180c03326a9b59cd97a62a55fc9e715cbda7426 tracking
INFO  2026-07-15T02:43:05 +2ms service=bus type=message.part.updated publishing
INFO  2026-07-15T02:43:05 +1ms service=bus type=message.updated publishing
INFO  2026-07-15T02:43:05 +61ms service=bus type=message.part.updated publishing
INFO  2026-07-15T02:43:05 +5ms service=bus type=message.updated publishing
INFO  2026-07-15T02:43:05 +0ms service=bus type=session.status publishing
INFO  2026-07-15T02:43:05 +0ms service=session.prompt step=4 sessionID=ses_09c5880aeffe7gUJBWRjvSwHuh loop
INFO  2026-07-15T02:43:05 +5ms service=bus type=message.updated publishing
INFO  2026-07-15T02:43:05 +58ms service=bus type=session.updated publishing
INFO  2026-07-15T02:43:05 +13ms service=bus type=session.diff publishing
INFO  2026-07-15T02:43:05 +52ms service=bus type=message.updated publishing
INFO  2026-07-15T02:43:05 +63ms service=snapshot hash=a0d57a0b134115b426a70647a86055ea43c44d9f cwd=/home/sourcecraft-ci-runner/sourcecraft/workspace git=/root/.local/share/opencode/snapshot/d5f82bf4c15299500c398fd016ff6068cdd7781b/e180c03326a9b59cd97a62a55fc9e715cbda7426 tracking
INFO  2026-07-15T02:43:05 +0ms service=session.prompt status=started resolveTools
INFO  2026-07-15T02:43:05 +1ms service=tool.registry status=started invalid
INFO  2026-07-15T02:43:05 +0ms service=tool.registry status=completed duration=0 invalid
INFO  2026-07-15T02:43:05 +0ms service=tool.registry status=started question
INFO  2026-07-15T02:43:05 +0ms service=tool.registry status=completed duration=0 question
INFO  2026-07-15T02:43:05 +0ms service=tool.registry status=started bash
INFO  2026-07-15T02:43:05 +0ms service=tool.registry status=completed duration=0 bash
INFO  2026-07-15T02:43:05 +0ms service=tool.registry status=started read
INFO  2026-07-15T02:43:05 +0ms service=tool.registry status=completed duration=0 read
INFO  2026-07-15T02:43:05 +0ms service=tool.registry status=started glob
INFO  2026-07-15T02:43:05 +0ms service=tool.registry status=completed duration=0 glob
INFO  2026-07-15T02:43:05 +0ms service=tool.registry status=started grep
INFO  2026-07-15T02:43:05 +0ms service=tool.registry status=completed duration=0 grep
INFO  2026-07-15T02:43:05 +0ms service=tool.registry status=started edit
INFO  2026-07-15T02:43:05 +0ms service=tool.registry status=completed duration=0 edit
INFO  2026-07-15T02:43:05 +0ms service=tool.registry status=started write
INFO  2026-07-15T02:43:05 +0ms service=tool.registry status=completed duration=0 write
INFO  2026-07-15T02:43:05 +0ms service=tool.registry status=started task
INFO  2026-07-15T02:43:05 +1ms service=tool.registry status=started webfetch
INFO  2026-07-15T02:43:05 +0ms service=tool.registry status=completed duration=0 webfetch
INFO  2026-07-15T02:43:05 +0ms service=tool.registry status=started todowrite
INFO  2026-07-15T02:43:05 +0ms service=tool.registry status=completed duration=0 todowrite
INFO  2026-07-15T02:43:05 +0ms service=tool.registry status=started skill
INFO  2026-07-15T02:43:05 +0ms service=permission permission=skill pattern=asset-workflow ruleset=[{"permission":"*","action":"allow","pattern":"*"},{"permission":"doom_loop","action":"ask","pattern":"*"},{"permission":"external_directory","pattern":"*","action":"ask"},{"permission":"external_directory","pattern":"/root/.local/share/opencode/tool-output/*","action":"allow"},{"permission":"external_directory","pattern":"/home/sourcecraft-ci-runner/sourcecraft/workspace/.opencode/skills/asset-workflow/*","action":"allow"},{"permission":"external_directory","pattern":"/home/sourcecraft-ci-runner/sourcecraft/workspace/.opencode/skills/dynamodb-crud-resource/*","action":"allow"},{"permission":"external_directory","pattern":"/home/sourcecraft-ci-runner/sourcecraft/workspace/.opencode/skills/playwright-cli/*","action":"allow"},{"permission":"external_directory","pattern":"/home/sourcecraft-ci-runner/sourcecraft/workspace/.opencode/skills/shadcn/*","action":"allow"},{"permission":"external_directory","pattern":"/root/.config/sourcecraft/opencode/skills/src-cli/*","action":"allow"},{"permission":"external_directory","pattern":"/root/.config/sourcecraft/opencode/skills/pr-description/*","action":"allow"},{"permission":"external_directory","pattern":"/root/.config/sourcecraft/opencode/skills/codereview/*","action":"allow"},{"permission":"question","action":"deny","pattern":"*"},{"permission":"plan_enter","action":"deny","pattern":"*"},{"permission":"plan_exit","action":"deny","pattern":"*"},{"permission":"read","pattern":"*","action":"allow"},{"permission":"read","pattern":"*.env","action":"ask"},{"permission":"read","pattern":"*.env.*","action":"ask"},{"permission":"read","pattern":"*.env.example","action":"allow"},{"permission":"question","action":"allow","pattern":"*"},{"permission":"plan_enter","action":"allow","pattern":"*"},{"permission":"question","action":"deny","pattern":"*"},{"permission":"external_directory","pattern":"/root/.local/share/opencode/tool-output/*","action":"allow"}] evaluate
INFO  2026-07-15T02:43:05 +0ms service=permission permission=skill pattern=codereview ruleset=[{"permission":"*","action":"allow","pattern":"*"},{"permission":"doom_loop","action":"ask","pattern":"*"},{"permission":"external_directory","pattern":"*","action":"ask"},{"permission":"external_directory","pattern":"/root/.local/share/opencode/tool-output/*","action":"allow"},{"permission":"external_directory","pattern":"/home/sourcecraft-ci-runner/sourcecraft/workspace/.opencode/skills/asset-workflow/*","action":"allow"},{"permission":"external_directory","pattern":"/home/sourcecraft-ci-runner/sourcecraft/workspace/.opencode/skills/dynamodb-crud-resource/*","action":"allow"},{"permission":"external_directory","pattern":"/home/sourcecraft-ci-runner/sourcecraft/workspace/.opencode/skills/playwright-cli/*","action":"allow"},{"permission":"external_directory","pattern":"/home/sourcecraft-ci-runner/sourcecraft/workspace/.opencode/skills/shadcn/*","action":"allow"},{"permission":"external_directory","pattern":"/root/.config/sourcecraft/opencode/skills/src-cli/*","action":"allow"},{"permission":"external_directory","pattern":"/root/.config/sourcecraft/opencode/skills/pr-description/*","action":"allow"},{"permission":"external_directory","pattern":"/root/.config/sourcecraft/opencode/skills/codereview/*","action":"allow"},{"permission":"question","action":"deny","pattern":"*"},{"permission":"plan_enter","action":"deny","pattern":"*"},{"permission":"plan_exit","action":"deny","pattern":"*"},{"permission":"read","pattern":"*","action":"allow"},{"permission":"read","pattern":"*.env","action":"ask"},{"permission":"read","pattern":"*.env.*","action":"ask"},{"permission":"read","pattern":"*.env.example","action":"allow"},{"permission":"question","action":"allow","pattern":"*"},{"permission":"plan_enter","action":"allow","pattern":"*"},{"permission":"question","action":"deny","pattern":"*"},{"permission":"external_directory","pattern":"/root/.local/share/opencode/tool-output/*","action":"allow"}] evaluate
INFO  2026-07-15T02:43:05 +0ms service=permission permission=skill pattern=dynamodb-crud-resource ruleset=[{"permission":"*","action":"allow","pattern":"*"},{"permission":"doom_loop","action":"ask","pattern":"*"},{"permission":"external_directory","pattern":"*","action":"ask"},{"permission":"external_directory","pattern":"/root/.local/share/opencode/tool-output/*","action":"allow"},{"permission":"external_directory","pattern":"/home/sourcecraft-ci-runner/sourcecraft/workspace/.opencode/skills/asset-workflow/*","action":"allow"},{"permission":"external_directory","pattern":"/home/sourcecraft-ci-runner/sourcecraft/workspace/.opencode/skills/dynamodb-crud-resource/*","action":"allow"},{"permission":"external_directory","pattern":"/home/sourcecraft-ci-runner/sourcecraft/workspace/.opencode/skills/playwright-cli/*","action":"allow"},{"permission":"external_directory","pattern":"/home/sourcecraft-ci-runner/sourcecraft/workspace/.opencode/skills/shadcn/*","action":"allow"},{"permission":"external_directory","pattern":"/root/.config/sourcecraft/opencode/skills/src-cli/*","action":"allow"},{"permission":"external_directory","pattern":"/root/.config/sourcecraft/opencode/skills/pr-description/*","action":"allow"},{"permission":"external_directory","pattern":"/root/.config/sourcecraft/opencode/skills/codereview/*","action":"allow"},{"permission":"question","action":"deny","pattern":"*"},{"permission":"plan_enter","action":"deny","pattern":"*"},{"permission":"plan_exit","action":"deny","pattern":"*"},{"permission":"read","pattern":"*","action":"allow"},{"permission":"read","pattern":"*.env","action":"ask"},{"permission":"read","pattern":"*.env.*","action":"ask"},{"permission":"read","pattern":"*.env.example","action":"allow"},{"permission":"question","action":"allow","pattern":"*"},{"permission":"plan_enter","action":"allow","pattern":"*"},{"permission":"question","action":"deny","pattern":"*"},{"permission":"external_directory","pattern":"/root/.local/share/opencode/tool-output/*","action":"allow"}] evaluate
INFO  2026-07-15T02:43:05 +1ms service=permission permission=skill pattern=playwright-cli ruleset=[{"permission":"*","action":"allow","pattern":"*"},{"permission":"doom_loop","action":"ask","pattern":"*"},{"permission":"external_directory","pattern":"*","action":"ask"},{"permission":"external_directory","pattern":"/root/.local/share/opencode/tool-output/*","action":"allow"},{"permission":"external_directory","pattern":"/home/sourcecraft-ci-runner/sourcecraft/workspace/.opencode/skills/asset-workflow/*","action":"allow"},{"permission":"external_directory","pattern":"/home/sourcecraft-ci-runner/sourcecraft/workspace/.opencode/skills/dynamodb-crud-resource/*","action":"allow"},{"permission":"external_directory","pattern":"/home/sourcecraft-ci-runner/sourcecraft/workspace/.opencode/skills/playwright-cli/*","action":"allow"},{"permission":"external_directory","pattern":"/home/sourcecraft-ci-runner/sourcecraft/workspace/.opencode/skills/shadcn/*","action":"allow"},{"permission":"external_directory","pattern":"/root/.config/sourcecraft/opencode/skills/src-cli/*","action":"allow"},{"permission":"external_directory","pattern":"/root/.config/sourcecraft/opencode/skills/pr-description/*","action":"allow"},{"permission":"external_directory","pattern":"/root/.config/sourcecraft/opencode/skills/codereview/*","action":"allow"},{"permission":"question","action":"deny","pattern":"*"},{"permission":"plan_enter","action":"deny","pattern":"*"},{"permission":"plan_exit","action":"deny","pattern":"*"},{"permission":"read","pattern":"*","action":"allow"},{"permission":"read","pattern":"*.env","action":"ask"},{"permission":"read","pattern":"*.env.*","action":"ask"},{"permission":"read","pattern":"*.env.example","action":"allow"},{"permission":"question","action":"allow","pattern":"*"},{"permission":"plan_enter","action":"allow","pattern":"*"},{"permission":"question","action":"deny","pattern":"*"},{"permission":"external_directory","pattern":"/root/.local/share/opencode/tool-output/*","action":"allow"}] evaluate
INFO  2026-07-15T02:43:05 +0ms service=permission permission=skill pattern=pr-description ruleset=[{"permission":"*","action":"allow","pattern":"*"},{"permission":"doom_loop","action":"ask","pattern":"*"},{"permission":"external_directory","pattern":"*","action":"ask"},{"permission":"external_directory","pattern":"/root/.local/share/opencode/tool-output/*","action":"allow"},{"permission":"external_directory","pattern":"/home/sourcecraft-ci-runner/sourcecraft/workspace/.opencode/skills/asset-workflow/*","action":"allow"},{"permission":"external_directory","pattern":"/home/sourcecraft-ci-runner/sourcecraft/workspace/.opencode/skills/dynamodb-crud-resource/*","action":"allow"},{"permission":"external_directory","pattern":"/home/sourcecraft-ci-runner/sourcecraft/workspace/.opencode/skills/playwright-cli/*","action":"allow"},{"permission":"external_directory","pattern":"/home/sourcecraft-ci-runner/sourcecraft/workspace/.opencode/skills/shadcn/*","action":"allow"},{"permission":"external_directory","pattern":"/root/.config/sourcecraft/opencode/skills/src-cli/*","action":"allow"},{"permission":"external_directory","pattern":"/root/.config/sourcecraft/opencode/skills/pr-description/*","action":"allow"},{"permission":"external_directory","pattern":"/root/.config/sourcecraft/opencode/skills/codereview/*","action":"allow"},{"permission":"question","action":"deny","pattern":"*"},{"permission":"plan_enter","action":"deny","pattern":"*"},{"permission":"plan_exit","action":"deny","pattern":"*"},{"permission":"read","pattern":"*","action":"allow"},{"permission":"read","pattern":"*.env","action":"ask"},{"permission":"read","pattern":"*.env.*","action":"ask"},{"permission":"read","pattern":"*.env.example","action":"allow"},{"permission":"question","action":"allow","pattern":"*"},{"permission":"plan_enter","action":"allow","pattern":"*"},{"permission":"question","action":"deny","pattern":"*"},{"permission":"external_directory","pattern":"/root/.local/share/opencode/tool-output/*","action":"allow"}] evaluate
INFO  2026-07-15T02:43:05 +0ms service=permission permission=skill pattern=shadcn ruleset=[{"permission":"*","action":"allow","pattern":"*"},{"permission":"doom_loop","action":"ask","pattern":"*"},{"permission":"external_directory","pattern":"*","action":"ask"},{"permission":"external_directory","pattern":"/root/.local/share/opencode/tool-output/*","action":"allow"},{"permission":"external_directory","pattern":"/home/sourcecraft-ci-runner/sourcecraft/workspace/.opencode/skills/asset-workflow/*","action":"allow"},{"permission":"external_directory","pattern":"/home/sourcecraft-ci-runner/sourcecraft/workspace/.opencode/skills/dynamodb-crud-resource/*","action":"allow"},{"permission":"external_directory","pattern":"/home/sourcecraft-ci-runner/sourcecraft/workspace/.opencode/skills/playwright-cli/*","action":"allow"},{"permission":"external_directory","pattern":"/home/sourcecraft-ci-runner/sourcecraft/workspace/.opencode/skills/shadcn/*","action":"allow"},{"permission":"external_directory","pattern":"/root/.config/sourcecraft/opencode/skills/src-cli/*","action":"allow"},{"permission":"external_directory","pattern":"/root/.config/sourcecraft/opencode/skills/pr-description/*","action":"allow"},{"permission":"external_directory","pattern":"/root/.config/sourcecraft/opencode/skills/codereview/*","action":"allow"},{"permission":"question","action":"deny","pattern":"*"},{"permission":"plan_enter","action":"deny","pattern":"*"},{"permission":"plan_exit","action":"deny","pattern":"*"},{"permission":"read","pattern":"*","action":"allow"},{"permission":"read","pattern":"*.env","action":"ask"},{"permission":"read","pattern":"*.env.*","action":"ask"},{"permission":"read","pattern":"*.env.example","action":"allow"},{"permission":"question","action":"allow","pattern":"*"},{"permission":"plan_enter","action":"allow","pattern":"*"},{"permission":"question","action":"deny","pattern":"*"},{"permission":"external_directory","pattern":"/root/.local/share/opencode/tool-output/*","action":"allow"}] evaluate
INFO  2026-07-15T02:43:05 +0ms service=permission permission=skill pattern=src-cli ruleset=[{"permission":"*","action":"allow","pattern":"*"},{"permission":"doom_loop","action":"ask","pattern":"*"},{"permission":"external_directory","pattern":"*","action":"ask"},{"permission":"external_directory","pattern":"/root/.local/share/opencode/tool-output/*","action":"allow"},{"permission":"external_directory","pattern":"/home/sourcecraft-ci-runner/sourcecraft/workspace/.opencode/skills/asset-workflow/*","action":"allow"},{"permission":"external_directory","pattern":"/home/sourcecraft-ci-runner/sourcecraft/workspace/.opencode/skills/dynamodb-crud-resource/*","action":"allow"},{"permission":"external_directory","pattern":"/home/sourcecraft-ci-runner/sourcecraft/workspace/.opencode/skills/playwright-cli/*","action":"allow"},{"permission":"external_directory","pattern":"/home/sourcecraft-ci-runner/sourcecraft/workspace/.opencode/skills/shadcn/*","action":"allow"},{"permission":"external_directory","pattern":"/root/.config/sourcecraft/opencode/skills/src-cli/*","action":"allow"},{"permission":"external_directory","pattern":"/root/.config/sourcecraft/opencode/skills/pr-description/*","action":"allow"},{"permission":"external_directory","pattern":"/root/.config/sourcecraft/opencode/skills/codereview/*","action":"allow"},{"permission":"question","action":"deny","pattern":"*"},{"permission":"plan_enter","action":"deny","pattern":"*"},{"permission":"plan_exit","action":"deny","pattern":"*"},{"permission":"read","pattern":"*","action":"allow"},{"permission":"read","pattern":"*.env","action":"ask"},{"permission":"read","pattern":"*.env.*","action":"ask"},{"permission":"read","pattern":"*.env.example","action":"allow"},{"permission":"question","action":"allow","pattern":"*"},{"permission":"plan_enter","action":"allow","pattern":"*"},{"permission":"question","action":"deny","pattern":"*"},{"permission":"external_directory","pattern":"/root/.local/share/opencode/tool-output/*","action":"allow"}] evaluate
INFO  2026-07-15T02:43:05 +0ms service=tool.registry status=completed duration=1 skill
INFO  2026-07-15T02:43:05 +0ms service=permission permission=task pattern=explore ruleset=[{"permission":"*","action":"allow","pattern":"*"},{"permission":"doom_loop","action":"ask","pattern":"*"},{"permission":"external_directory","pattern":"*","action":"ask"},{"permission":"external_directory","pattern":"/root/.local/share/opencode/tool-output/*","action":"allow"},{"permission":"external_directory","pattern":"/home/sourcecraft-ci-runner/sourcecraft/workspace/.opencode/skills/asset-workflow/*","action":"allow"},{"permission":"external_directory","pattern":"/home/sourcecraft-ci-runner/sourcecraft/workspace/.opencode/skills/dynamodb-crud-resource/*","action":"allow"},{"permission":"external_directory","pattern":"/home/sourcecraft-ci-runner/sourcecraft/workspace/.opencode/skills/playwright-cli/*","action":"allow"},{"permission":"external_directory","pattern":"/home/sourcecraft-ci-runner/sourcecraft/workspace/.opencode/skills/shadcn/*","action":"allow"},{"permission":"external_directory","pattern":"/root/.config/sourcecraft/opencode/skills/src-cli/*","action":"allow"},{"permission":"external_directory","pattern":"/root/.config/sourcecraft/opencode/skills/pr-description/*","action":"allow"},{"permission":"external_directory","pattern":"/root/.config/sourcecraft/opencode/skills/codereview/*","action":"allow"},{"permission":"question","action":"deny","pattern":"*"},{"permission":"plan_enter","action":"deny","pattern":"*"},{"permission":"plan_exit","action":"deny","pattern":"*"},{"permission":"read","pattern":"*","action":"allow"},{"permission":"read","pattern":"*.env","action":"ask"},{"permission":"read","pattern":"*.env.*","action":"ask"},{"permission":"read","pattern":"*.env.example","action":"allow"},{"permission":"question","action":"allow","pattern":"*"},{"permission":"plan_enter","action":"allow","pattern":"*"},{"permission":"question","action":"deny","pattern":"*"},{"permission":"external_directory","pattern":"/root/.local/share/opencode/tool-output/*","action":"allow"}] evaluate
INFO  2026-07-15T02:43:05 +0ms service=permission permission=task pattern=general ruleset=[{"permission":"*","action":"allow","pattern":"*"},{"permission":"doom_loop","action":"ask","pattern":"*"},{"permission":"external_directory","pattern":"*","action":"ask"},{"permission":"external_directory","pattern":"/root/.local/share/opencode/tool-output/*","action":"allow"},{"permission":"external_directory","pattern":"/home/sourcecraft-ci-runner/sourcecraft/workspace/.opencode/skills/asset-workflow/*","action":"allow"},{"permission":"external_directory","pattern":"/home/sourcecraft-ci-runner/sourcecraft/workspace/.opencode/skills/dynamodb-crud-resource/*","action":"allow"},{"permission":"external_directory","pattern":"/home/sourcecraft-ci-runner/sourcecraft/workspace/.opencode/skills/playwright-cli/*","action":"allow"},{"permission":"external_directory","pattern":"/home/sourcecraft-ci-runner/sourcecraft/workspace/.opencode/skills/shadcn/*","action":"allow"},{"permission":"external_directory","pattern":"/root/.config/sourcecraft/opencode/skills/src-cli/*","action":"allow"},{"permission":"external_directory","pattern":"/root/.config/sourcecraft/opencode/skills/pr-description/*","action":"allow"},{"permission":"external_directory","pattern":"/root/.config/sourcecraft/opencode/skills/codereview/*","action":"allow"},{"permission":"question","action":"deny","pattern":"*"},{"permission":"plan_enter","action":"deny","pattern":"*"},{"permission":"plan_exit","action":"deny","pattern":"*"},{"permission":"read","pattern":"*","action":"allow"},{"permission":"read","pattern":"*.env","action":"ask"},{"permission":"read","pattern":"*.env.*","action":"ask"},{"permission":"read","pattern":"*.env.example","action":"allow"},{"permission":"question","action":"allow","pattern":"*"},{"permission":"plan_enter","action":"allow","pattern":"*"},{"permission":"question","action":"deny","pattern":"*"},{"permission":"external_directory","pattern":"/root/.local/share/opencode/tool-output/*","action":"allow"}] evaluate
INFO  2026-07-15T02:43:05 +0ms service=tool.registry status=completed duration=2 task
INFO  2026-07-15T02:43:05 +2ms service=session.prompt status=completed duration=5 resolveTools
INFO  2026-07-15T02:43:05 +0ms service=permission permission=skill pattern=asset-workflow ruleset=[{"permission":"*","action":"allow","pattern":"*"},{"permission":"doom_loop","action":"ask","pattern":"*"},{"permission":"external_directory","pattern":"*","action":"ask"},{"permission":"external_directory","pattern":"/root/.local/share/opencode/tool-output/*","action":"allow"},{"permission":"external_directory","pattern":"/home/sourcecraft-ci-runner/sourcecraft/workspace/.opencode/skills/asset-workflow/*","action":"allow"},{"permission":"external_directory","pattern":"/home/sourcecraft-ci-runner/sourcecraft/workspace/.opencode/skills/dynamodb-crud-resource/*","action":"allow"},{"permission":"external_directory","pattern":"/home/sourcecraft-ci-runner/sourcecraft/workspace/.opencode/skills/playwright-cli/*","action":"allow"},{"permission":"external_directory","pattern":"/home/sourcecraft-ci-runner/sourcecraft/workspace/.opencode/skills/shadcn/*","action":"allow"},{"permission":"external_directory","pattern":"/root/.config/sourcecraft/opencode/skills/src-cli/*","action":"allow"},{"permission":"external_directory","pattern":"/root/.config/sourcecraft/opencode/skills/pr-description/*","action":"allow"},{"permission":"external_directory","pattern":"/root/.config/sourcecraft/opencode/skills/codereview/*","action":"allow"},{"permission":"question","action":"deny","pattern":"*"},{"permission":"plan_enter","action":"deny","pattern":"*"},{"permission":"plan_exit","action":"deny","pattern":"*"},{"permission":"read","pattern":"*","action":"allow"},{"permission":"read","pattern":"*.env","action":"ask"},{"permission":"read","pattern":"*.env.*","action":"ask"},{"permission":"read","pattern":"*.env.example","action":"allow"},{"permission":"question","action":"allow","pattern":"*"},{"permission":"plan_enter","action":"allow","pattern":"*"},{"permission":"question","action":"deny","pattern":"*"},{"permission":"external_directory","pattern":"/root/.local/share/opencode/tool-output/*","action":"allow"}] evaluate
INFO  2026-07-15T02:43:05 +0ms service=permission permission=skill pattern=codereview ruleset=[{"permission":"*","action":"allow","pattern":"*"},{"permission":"doom_loop","action":"ask","pattern":"*"},{"permission":"external_directory","pattern":"*","action":"ask"},{"permission":"external_directory","pattern":"/root/.local/share/opencode/tool-output/*","action":"allow"},{"permission":"external_directory","pattern":"/home/sourcecraft-ci-runner/sourcecraft/workspace/.opencode/skills/asset-workflow/*","action":"allow"},{"permission":"external_directory","pattern":"/home/sourcecraft-ci-runner/sourcecraft/workspace/.opencode/skills/dynamodb-crud-resource/*","action":"allow"},{"permission":"external_directory","pattern":"/home/sourcecraft-ci-runner/sourcecraft/workspace/.opencode/skills/playwright-cli/*","action":"allow"},{"permission":"external_directory","pattern":"/home/sourcecraft-ci-runner/sourcecraft/workspace/.opencode/skills/shadcn/*","action":"allow"},{"permission":"external_directory","pattern":"/root/.config/sourcecraft/opencode/skills/src-cli/*","action":"allow"},{"permission":"external_directory","pattern":"/root/.config/sourcecraft/opencode/skills/pr-description/*","action":"allow"},{"permission":"external_directory","pattern":"/root/.config/sourcecraft/opencode/skills/codereview/*","action":"allow"},{"permission":"question","action":"deny","pattern":"*"},{"permission":"plan_enter","action":"deny","pattern":"*"},{"permission":"plan_exit","action":"deny","pattern":"*"},{"permission":"read","pattern":"*","action":"allow"},{"permission":"read","pattern":"*.env","action":"ask"},{"permission":"read","pattern":"*.env.*","action":"ask"},{"permission":"read","pattern":"*.env.example","action":"allow"},{"permission":"question","action":"allow","pattern":"*"},{"permission":"plan_enter","action":"allow","pattern":"*"},{"permission":"question","action":"deny","pattern":"*"},{"permission":"external_directory","pattern":"/root/.local/share/opencode/tool-output/*","action":"allow"}] evaluate
INFO  2026-07-15T02:43:05 +0ms service=permission permission=skill pattern=dynamodb-crud-resource ruleset=[{"permission":"*","action":"allow","pattern":"*"},{"permission":"doom_loop","action":"ask","pattern":"*"},{"permission":"external_directory","pattern":"*","action":"ask"},{"permission":"external_directory","pattern":"/root/.local/share/opencode/tool-output/*","action":"allow"},{"permission":"external_directory","pattern":"/home/sourcecraft-ci-runner/sourcecraft/workspace/.opencode/skills/asset-workflow/*","action":"allow"},{"permission":"external_directory","pattern":"/home/sourcecraft-ci-runner/sourcecraft/workspace/.opencode/skills/dynamodb-crud-resource/*","action":"allow"},{"permission":"external_directory","pattern":"/home/sourcecraft-ci-runner/sourcecraft/workspace/.opencode/skills/playwright-cli/*","action":"allow"},{"permission":"external_directory","pattern":"/home/sourcecraft-ci-runner/sourcecraft/workspace/.opencode/skills/shadcn/*","action":"allow"},{"permission":"external_directory","pattern":"/root/.config/sourcecraft/opencode/skills/src-cli/*","action":"allow"},{"permission":"external_directory","pattern":"/root/.config/sourcecraft/opencode/skills/pr-description/*","action":"allow"},{"permission":"external_directory","pattern":"/root/.config/sourcecraft/opencode/skills/codereview/*","action":"allow"},{"permission":"question","action":"deny","pattern":"*"},{"permission":"plan_enter","action":"deny","pattern":"*"},{"permission":"plan_exit","action":"deny","pattern":"*"},{"permission":"read","pattern":"*","action":"allow"},{"permission":"read","pattern":"*.env","action":"ask"},{"permission":"read","pattern":"*.env.*","action":"ask"},{"permission":"read","pattern":"*.env.example","action":"allow"},{"permission":"question","action":"allow","pattern":"*"},{"permission":"plan_enter","action":"allow","pattern":"*"},{"permission":"question","action":"deny","pattern":"*"},{"permission":"external_directory","pattern":"/root/.local/share/opencode/tool-output/*","action":"allow"}] evaluate
INFO  2026-07-15T02:43:05 +0ms service=permission permission=skill pattern=playwright-cli ruleset=[{"permission":"*","action":"allow","pattern":"*"},{"permission":"doom_loop","action":"ask","pattern":"*"},{"permission":"external_directory","pattern":"*","action":"ask"},{"permission":"external_directory","pattern":"/root/.local/share/opencode/tool-output/*","action":"allow"},{"permission":"external_directory","pattern":"/home/sourcecraft-ci-runner/sourcecraft/workspace/.opencode/skills/asset-workflow/*","action":"allow"},{"permission":"external_directory","pattern":"/home/sourcecraft-ci-runner/sourcecraft/workspace/.opencode/skills/dynamodb-crud-resource/*","action":"allow"},{"permission":"external_directory","pattern":"/home/sourcecraft-ci-runner/sourcecraft/workspace/.opencode/skills/playwright-cli/*","action":"allow"},{"permission":"external_directory","pattern":"/home/sourcecraft-ci-runner/sourcecraft/workspace/.opencode/skills/shadcn/*","action":"allow"},{"permission":"external_directory","pattern":"/root/.config/sourcecraft/opencode/skills/src-cli/*","action":"allow"},{"permission":"external_directory","pattern":"/root/.config/sourcecraft/opencode/skills/pr-description/*","action":"allow"},{"permission":"external_directory","pattern":"/root/.config/sourcecraft/opencode/skills/codereview/*","action":"allow"},{"permission":"question","action":"deny","pattern":"*"},{"permission":"plan_enter","action":"deny","pattern":"*"},{"permission":"plan_exit","action":"deny","pattern":"*"},{"permission":"read","pattern":"*","action":"allow"},{"permission":"read","pattern":"*.env","action":"ask"},{"permission":"read","pattern":"*.env.*","action":"ask"},{"permission":"read","pattern":"*.env.example","action":"allow"},{"permission":"question","action":"allow","pattern":"*"},{"permission":"plan_enter","action":"allow","pattern":"*"},{"permission":"question","action":"deny","pattern":"*"},{"permission":"external_directory","pattern":"/root/.local/share/opencode/tool-output/*","action":"allow"}] evaluate
INFO  2026-07-15T02:43:05 +0ms service=permission permission=skill pattern=pr-description ruleset=[{"permission":"*","action":"allow","pattern":"*"},{"permission":"doom_loop","action":"ask","pattern":"*"},{"permission":"external_directory","pattern":"*","action":"ask"},{"permission":"external_directory","pattern":"/root/.local/share/opencode/tool-output/*","action":"allow"},{"permission":"external_directory","pattern":"/home/sourcecraft-ci-runner/sourcecraft/workspace/.opencode/skills/asset-workflow/*","action":"allow"},{"permission":"external_directory","pattern":"/home/sourcecraft-ci-runner/sourcecraft/workspace/.opencode/skills/dynamodb-crud-resource/*","action":"allow"},{"permission":"external_directory","pattern":"/home/sourcecraft-ci-runner/sourcecraft/workspace/.opencode/skills/playwright-cli/*","action":"allow"},{"permission":"external_directory","pattern":"/home/sourcecraft-ci-runner/sourcecraft/workspace/.opencode/skills/shadcn/*","action":"allow"},{"permission":"external_directory","pattern":"/root/.config/sourcecraft/opencode/skills/src-cli/*","action":"allow"},{"permission":"external_directory","pattern":"/root/.config/sourcecraft/opencode/skills/pr-description/*","action":"allow"},{"permission":"external_directory","pattern":"/root/.config/sourcecraft/opencode/skills/codereview/*","action":"allow"},{"permission":"question","action":"deny","pattern":"*"},{"permission":"plan_enter","action":"deny","pattern":"*"},{"permission":"plan_exit","action":"deny","pattern":"*"},{"permission":"read","pattern":"*","action":"allow"},{"permission":"read","pattern":"*.env","action":"ask"},{"permission":"read","pattern":"*.env.*","action":"ask"},{"permission":"read","pattern":"*.env.example","action":"allow"},{"permission":"question","action":"allow","pattern":"*"},{"permission":"plan_enter","action":"allow","pattern":"*"},{"permission":"question","action":"deny","pattern":"*"},{"permission":"external_directory","pattern":"/root/.local/share/opencode/tool-output/*","action":"allow"}] evaluate
INFO  2026-07-15T02:43:05 +0ms service=permission permission=skill pattern=shadcn ruleset=[{"permission":"*","action":"allow","pattern":"*"},{"permission":"doom_loop","action":"ask","pattern":"*"},{"permission":"external_directory","pattern":"*","action":"ask"},{"permission":"external_directory","pattern":"/root/.local/share/opencode/tool-output/*","action":"allow"},{"permission":"external_directory","pattern":"/home/sourcecraft-ci-runner/sourcecraft/workspace/.opencode/skills/asset-workflow/*","action":"allow"},{"permission":"external_directory","pattern":"/home/sourcecraft-ci-runner/sourcecraft/workspace/.opencode/skills/dynamodb-crud-resource/*","action":"allow"},{"permission":"external_directory","pattern":"/home/sourcecraft-ci-runner/sourcecraft/workspace/.opencode/skills/playwright-cli/*","action":"allow"},{"permission":"external_directory","pattern":"/home/sourcecraft-ci-runner/sourcecraft/workspace/.opencode/skills/shadcn/*","action":"allow"},{"permission":"external_directory","pattern":"/root/.config/sourcecraft/opencode/skills/src-cli/*","action":"allow"},{"permission":"external_directory","pattern":"/root/.config/sourcecraft/opencode/skills/pr-description/*","action":"allow"},{"permission":"external_directory","pattern":"/root/.config/sourcecraft/opencode/skills/codereview/*","action":"allow"},{"permission":"question","action":"deny","pattern":"*"},{"permission":"plan_enter","action":"deny","pattern":"*"},{"permission":"plan_exit","action":"deny","pattern":"*"},{"permission":"read","pattern":"*","action":"allow"},{"permission":"read","pattern":"*.env","action":"ask"},{"permission":"read","pattern":"*.env.*","action":"ask"},{"permission":"read","pattern":"*.env.example","action":"allow"},{"permission":"question","action":"allow","pattern":"*"},{"permission":"plan_enter","action":"allow","pattern":"*"},{"permission":"question","action":"deny","pattern":"*"},{"permission":"external_directory","pattern":"/root/.local/share/opencode/tool-output/*","action":"allow"}] evaluate
INFO  2026-07-15T02:43:05 +1ms service=permission permission=skill pattern=src-cli ruleset=[{"permission":"*","action":"allow","pattern":"*"},{"permission":"doom_loop","action":"ask","pattern":"*"},{"permission":"external_directory","pattern":"*","action":"ask"},{"permission":"external_directory","pattern":"/root/.local/share/opencode/tool-output/*","action":"allow"},{"permission":"external_directory","pattern":"/home/sourcecraft-ci-runner/sourcecraft/workspace/.opencode/skills/asset-workflow/*","action":"allow"},{"permission":"external_directory","pattern":"/home/sourcecraft-ci-runner/sourcecraft/workspace/.opencode/skills/dynamodb-crud-resource/*","action":"allow"},{"permission":"external_directory","pattern":"/home/sourcecraft-ci-runner/sourcecraft/workspace/.opencode/skills/playwright-cli/*","action":"allow"},{"permission":"external_directory","pattern":"/home/sourcecraft-ci-runner/sourcecraft/workspace/.opencode/skills/shadcn/*","action":"allow"},{"permission":"external_directory","pattern":"/root/.config/sourcecraft/opencode/skills/src-cli/*","action":"allow"},{"permission":"external_directory","pattern":"/root/.config/sourcecraft/opencode/skills/pr-description/*","action":"allow"},{"permission":"external_directory","pattern":"/root/.config/sourcecraft/opencode/skills/codereview/*","action":"allow"},{"permission":"question","action":"deny","pattern":"*"},{"permission":"plan_enter","action":"deny","pattern":"*"},{"permission":"plan_exit","action":"deny","pattern":"*"},{"permission":"read","pattern":"*","action":"allow"},{"permission":"read","pattern":"*.env","action":"ask"},{"permission":"read","pattern":"*.env.*","action":"ask"},{"permission":"read","pattern":"*.env.example","action":"allow"},{"permission":"question","action":"allow","pattern":"*"},{"permission":"plan_enter","action":"allow","pattern":"*"},{"permission":"question","action":"deny","pattern":"*"},{"permission":"external_directory","pattern":"/root/.local/share/opencode/tool-output/*","action":"allow"}] evaluate
INFO  2026-07-15T02:43:05 +3ms service=session.processor process
INFO  2026-07-15T02:43:05 +1ms service=llm providerID=sourcecraft modelID=default sessionID=ses_09c5880aeffe7gUJBWRjvSwHuh small=false agent=build mode=primary stream
INFO  2026-07-15T02:43:05 +6ms service=bus type=context.usage.updated publishing
INFO  2026-07-15T02:43:05 +5ms service=bus type=session.status publishing
INFO  2026-07-15T02:43:07 +2057ms service=bus type=message.part.updated publishing
INFO  2026-07-15T02:43:07 +3ms service=bus type=message.part.updated publishing
INFO  2026-07-15T02:43:07 +0ms service=bus type=message.part.delta publishing
INFO  2026-07-15T02:43:07 +37ms service=bus type=message.part.delta publishing
INFO  2026-07-15T02:43:07 +1ms service=bus type=message.part.delta publishing
INFO  2026-07-15T02:43:07 +0ms service=bus type=message.part.delta publishing
INFO  2026-07-15T02:43:07 +15ms service=bus type=message.part.delta publishing
INFO  2026-07-15T02:43:07 +0ms service=bus type=message.part.delta publishing
INFO  2026-07-15T02:43:07 +33ms service=bus type=message.part.delta publishing
INFO  2026-07-15T02:43:07 +0ms service=bus type=message.part.delta publishing
INFO  2026-07-15T02:43:07 +6ms service=bus type=message.part.delta publishing
INFO  2026-07-15T02:43:07 +21ms service=bus type=message.part.updated publishing
INFO  2026-07-15T02:43:07 +3ms service=bus type=message.part.updated publishing
INFO  2026-07-15T02:43:07 +0ms service=bus type=message.part.delta publishing
INFO  2026-07-15T02:43:08 +705ms service=bus type=message.part.updated publishing
INFO  2026-07-15T02:43:08 +3ms service=permission permission=bash pattern=npm run typecheck 2>&1 ruleset=[{"permission":"*","action":"allow","pattern":"*"},{"permission":"doom_loop","action":"ask","pattern":"*"},{"permission":"external_directory","pattern":"*","action":"ask"},{"permission":"external_directory","pattern":"/root/.local/share/opencode/tool-output/*","action":"allow"},{"permission":"external_directory","pattern":"/home/sourcecraft-ci-runner/sourcecraft/workspace/.opencode/skills/asset-workflow/*","action":"allow"},{"permission":"external_directory","pattern":"/home/sourcecraft-ci-runner/sourcecraft/workspace/.opencode/skills/dynamodb-crud-resource/*","action":"allow"},{"permission":"external_directory","pattern":"/home/sourcecraft-ci-runner/sourcecraft/workspace/.opencode/skills/playwright-cli/*","action":"allow"},{"permission":"external_directory","pattern":"/home/sourcecraft-ci-runner/sourcecraft/workspace/.opencode/skills/shadcn/*","action":"allow"},{"permission":"external_directory","pattern":"/root/.config/sourcecraft/opencode/skills/src-cli/*","action":"allow"},{"permission":"external_directory","pattern":"/root/.config/sourcecraft/opencode/skills/pr-description/*","action":"allow"},{"permission":"external_directory","pattern":"/root/.config/sourcecraft/opencode/skills/codereview/*","action":"allow"},{"permission":"question","action":"deny","pattern":"*"},{"permission":"plan_enter","action":"deny","pattern":"*"},{"permission":"plan_exit","action":"deny","pattern":"*"},{"permission":"read","pattern":"*","action":"allow"},{"permission":"read","pattern":"*.env","action":"ask"},{"permission":"read","pattern":"*.env.*","action":"ask"},{"permission":"read","pattern":"*.env.example","action":"allow"},{"permission":"question","action":"allow","pattern":"*"},{"permission":"plan_enter","action":"allow","pattern":"*"},{"permission":"question","action":"deny","pattern":"*"},{"permission":"external_directory","pattern":"/root/.local/share/opencode/tool-output/*","action":"allow"}] evaluate
INFO  2026-07-15T02:43:08 +0ms service=permission permission=bash pattern=npm run typecheck 2>&1 action={"permission":"*","action":"allow","pattern":"*"} evaluated
INFO  2026-07-15T02:43:08 +4ms service=bus type=message.part.updated publishing
INFO  2026-07-15T02:43:08 +9ms service=bus type=message.part.updated publishing
INFO  2026-07-15T02:43:08 +110ms service=bus type=message.part.updated publishing
INFO  2026-07-15T02:43:08 +170ms service=bus type=message.part.updated publishing
INFO  2026-07-15T02:43:09 +735ms service=lsp.client serverID=eslint path=/home/sourcecraft-ci-runner/sourcecraft/workspace/types/js-yaml.d.ts count=0 textDocument/publishDiagnostics
INFO  2026-07-15T02:43:15 +6441ms service=bus type=message.part.updated publishing
INFO  2026-07-15T02:43:16 +34ms service=snapshot hash=a0d57a0b134115b426a70647a86055ea43c44d9f cwd=/home/sourcecraft-ci-runner/sourcecraft/workspace git=/root/.local/share/opencode/snapshot/d5f82bf4c15299500c398fd016ff6068cdd7781b/e180c03326a9b59cd97a62a55fc9e715cbda7426 tracking
INFO  2026-07-15T02:43:16 +2ms service=bus type=message.part.updated publishing
INFO  2026-07-15T02:43:16 +1ms service=bus type=message.updated publishing
INFO  2026-07-15T02:43:16 +38ms service=bus type=message.updated publishing
INFO  2026-07-15T02:43:16 +0ms service=bus type=session.status publishing
INFO  2026-07-15T02:43:16 +0ms service=session.prompt step=5 sessionID=ses_09c5880aeffe7gUJBWRjvSwHuh loop
INFO  2026-07-15T02:43:16 +3ms service=bus type=message.updated publishing
INFO  2026-07-15T02:43:16 +34ms service=bus type=session.updated publishing
INFO  2026-07-15T02:43:16 +6ms service=bus type=session.diff publishing
INFO  2026-07-15T02:43:16 +58ms service=bus type=message.updated publishing
INFO  2026-07-15T02:43:16 +26ms service=snapshot hash=a0d57a0b134115b426a70647a86055ea43c44d9f cwd=/home/sourcecraft-ci-runner/sourcecraft/workspace git=/root/.local/share/opencode/snapshot/d5f82bf4c15299500c398fd016ff6068cdd7781b/e180c03326a9b59cd97a62a55fc9e715cbda7426 tracking
INFO  2026-07-15T02:43:16 +0ms service=session.prompt status=started resolveTools
INFO  2026-07-15T02:43:16 +0ms service=tool.registry status=started invalid
INFO  2026-07-15T02:43:16 +0ms service=tool.registry status=completed duration=0 invalid
INFO  2026-07-15T02:43:16 +0ms service=tool.registry status=started question
INFO  2026-07-15T02:43:16 +0ms service=tool.registry status=completed duration=0 question
INFO  2026-07-15T02:43:16 +0ms service=tool.registry status=started bash
INFO  2026-07-15T02:43:16 +0ms service=tool.registry status=completed duration=0 bash
INFO  2026-07-15T02:43:16 +0ms service=tool.registry status=started read
INFO  2026-07-15T02:43:16 +0ms service=tool.registry status=completed duration=0 read
INFO  2026-07-15T02:43:16 +1ms service=tool.registry status=started glob
INFO  2026-07-15T02:43:16 +0ms service=tool.registry status=completed duration=0 glob
INFO  2026-07-15T02:43:16 +0ms service=tool.registry status=started grep
INFO  2026-07-15T02:43:16 +0ms service=tool.registry status=completed duration=0 grep
INFO  2026-07-15T02:43:16 +0ms service=tool.registry status=started edit
INFO  2026-07-15T02:43:16 +0ms service=tool.registry status=completed duration=0 edit
INFO  2026-07-15T02:43:16 +0ms service=tool.registry status=started write
INFO  2026-07-15T02:43:16 +0ms service=tool.registry status=completed duration=0 write
INFO  2026-07-15T02:43:16 +0ms service=tool.registry status=started task
INFO  2026-07-15T02:43:16 +0ms service=tool.registry status=started webfetch
INFO  2026-07-15T02:43:16 +0ms service=tool.registry status=completed duration=0 webfetch
INFO  2026-07-15T02:43:16 +0ms service=tool.registry status=started todowrite
INFO  2026-07-15T02:43:16 +0ms service=tool.registry status=completed duration=0 todowrite
INFO  2026-07-15T02:43:16 +0ms service=tool.registry status=started skill
INFO  2026-07-15T02:43:16 +0ms service=permission permission=skill pattern=asset-workflow ruleset=[{"permission":"*","action":"allow","pattern":"*"},{"permission":"doom_loop","action":"ask","pattern":"*"},{"permission":"external_directory","pattern":"*","action":"ask"},{"permission":"external_directory","pattern":"/root/.local/share/opencode/tool-output/*","action":"allow"},{"permission":"external_directory","pattern":"/home/sourcecraft-ci-runner/sourcecraft/workspace/.opencode/skills/asset-workflow/*","action":"allow"},{"permission":"external_directory","pattern":"/home/sourcecraft-ci-runner/sourcecraft/workspace/.opencode/skills/dynamodb-crud-resource/*","action":"allow"},{"permission":"external_directory","pattern":"/home/sourcecraft-ci-runner/sourcecraft/workspace/.opencode/skills/playwright-cli/*","action":"allow"},{"permission":"external_directory","pattern":"/home/sourcecraft-ci-runner/sourcecraft/workspace/.opencode/skills/shadcn/*","action":"allow"},{"permission":"external_directory","pattern":"/root/.config/sourcecraft/opencode/skills/src-cli/*","action":"allow"},{"permission":"external_directory","pattern":"/root/.config/sourcecraft/opencode/skills/pr-description/*","action":"allow"},{"permission":"external_directory","pattern":"/root/.config/sourcecraft/opencode/skills/codereview/*","action":"allow"},{"permission":"question","action":"deny","pattern":"*"},{"permission":"plan_enter","action":"deny","pattern":"*"},{"permission":"plan_exit","action":"deny","pattern":"*"},{"permission":"read","pattern":"*","action":"allow"},{"permission":"read","pattern":"*.env","action":"ask"},{"permission":"read","pattern":"*.env.*","action":"ask"},{"permission":"read","pattern":"*.env.example","action":"allow"},{"permission":"question","action":"allow","pattern":"*"},{"permission":"plan_enter","action":"allow","pattern":"*"},{"permission":"question","action":"deny","pattern":"*"},{"permission":"external_directory","pattern":"/root/.local/share/opencode/tool-output/*","action":"allow"}] evaluate
INFO  2026-07-15T02:43:16 +0ms service=permission permission=skill pattern=codereview ruleset=[{"permission":"*","action":"allow","pattern":"*"},{"permission":"doom_loop","action":"ask","pattern":"*"},{"permission":"external_directory","pattern":"*","action":"ask"},{"permission":"external_directory","pattern":"/root/.local/share/opencode/tool-output/*","action":"allow"},{"permission":"external_directory","pattern":"/home/sourcecraft-ci-runner/sourcecraft/workspace/.opencode/skills/asset-workflow/*","action":"allow"},{"permission":"external_directory","pattern":"/home/sourcecraft-ci-runner/sourcecraft/workspace/.opencode/skills/dynamodb-crud-resource/*","action":"allow"},{"permission":"external_directory","pattern":"/home/sourcecraft-ci-runner/sourcecraft/workspace/.opencode/skills/playwright-cli/*","action":"allow"},{"permission":"external_directory","pattern":"/home/sourcecraft-ci-runner/sourcecraft/workspace/.opencode/skills/shadcn/*","action":"allow"},{"permission":"external_directory","pattern":"/root/.config/sourcecraft/opencode/skills/src-cli/*","action":"allow"},{"permission":"external_directory","pattern":"/root/.config/sourcecraft/opencode/skills/pr-description/*","action":"allow"},{"permission":"external_directory","pattern":"/root/.config/sourcecraft/opencode/skills/codereview/*","action":"allow"},{"permission":"question","action":"deny","pattern":"*"},{"permission":"plan_enter","action":"deny","pattern":"*"},{"permission":"plan_exit","action":"deny","pattern":"*"},{"permission":"read","pattern":"*","action":"allow"},{"permission":"read","pattern":"*.env","action":"ask"},{"permission":"read","pattern":"*.env.*","action":"ask"},{"permission":"read","pattern":"*.env.example","action":"allow"},{"permission":"question","action":"allow","pattern":"*"},{"permission":"plan_enter","action":"allow","pattern":"*"},{"permission":"question","action":"deny","pattern":"*"},{"permission":"external_directory","pattern":"/root/.local/share/opencode/tool-output/*","action":"allow"}] evaluate
INFO  2026-07-15T02:43:16 +0ms service=permission permission=skill pattern=dynamodb-crud-resource ruleset=[{"permission":"*","action":"allow","pattern":"*"},{"permission":"doom_loop","action":"ask","pattern":"*"},{"permission":"external_directory","pattern":"*","action":"ask"},{"permission":"external_directory","pattern":"/root/.local/share/opencode/tool-output/*","action":"allow"},{"permission":"external_directory","pattern":"/home/sourcecraft-ci-runner/sourcecraft/workspace/.opencode/skills/asset-workflow/*","action":"allow"},{"permission":"external_directory","pattern":"/home/sourcecraft-ci-runner/sourcecraft/workspace/.opencode/skills/dynamodb-crud-resource/*","action":"allow"},{"permission":"external_directory","pattern":"/home/sourcecraft-ci-runner/sourcecraft/workspace/.opencode/skills/playwright-cli/*","action":"allow"},{"permission":"external_directory","pattern":"/home/sourcecraft-ci-runner/sourcecraft/workspace/.opencode/skills/shadcn/*","action":"allow"},{"permission":"external_directory","pattern":"/root/.config/sourcecraft/opencode/skills/src-cli/*","action":"allow"},{"permission":"external_directory","pattern":"/root/.config/sourcecraft/opencode/skills/pr-description/*","action":"allow"},{"permission":"external_directory","pattern":"/root/.config/sourcecraft/opencode/skills/codereview/*","action":"allow"},{"permission":"question","action":"deny","pattern":"*"},{"permission":"plan_enter","action":"deny","pattern":"*"},{"permission":"plan_exit","action":"deny","pattern":"*"},{"permission":"read","pattern":"*","action":"allow"},{"permission":"read","pattern":"*.env","action":"ask"},{"permission":"read","pattern":"*.env.*","action":"ask"},{"permission":"read","pattern":"*.env.example","action":"allow"},{"permission":"question","action":"allow","pattern":"*"},{"permission":"plan_enter","action":"allow","pattern":"*"},{"permission":"question","action":"deny","pattern":"*"},{"permission":"external_directory","pattern":"/root/.local/share/opencode/tool-output/*","action":"allow"}] evaluate
INFO  2026-07-15T02:43:16 +0ms service=permission permission=skill pattern=playwright-cli ruleset=[{"permission":"*","action":"allow","pattern":"*"},{"permission":"doom_loop","action":"ask","pattern":"*"},{"permission":"external_directory","pattern":"*","action":"ask"},{"permission":"external_directory","pattern":"/root/.local/share/opencode/tool-output/*","action":"allow"},{"permission":"external_directory","pattern":"/home/sourcecraft-ci-runner/sourcecraft/workspace/.opencode/skills/asset-workflow/*","action":"allow"},{"permission":"external_directory","pattern":"/home/sourcecraft-ci-runner/sourcecraft/workspace/.opencode/skills/dynamodb-crud-resource/*","action":"allow"},{"permission":"external_directory","pattern":"/home/sourcecraft-ci-runner/sourcecraft/workspace/.opencode/skills/playwright-cli/*","action":"allow"},{"permission":"external_directory","pattern":"/home/sourcecraft-ci-runner/sourcecraft/workspace/.opencode/skills/shadcn/*","action":"allow"},{"permission":"external_directory","pattern":"/root/.config/sourcecraft/opencode/skills/src-cli/*","action":"allow"},{"permission":"external_directory","pattern":"/root/.config/sourcecraft/opencode/skills/pr-description/*","action":"allow"},{"permission":"external_directory","pattern":"/root/.config/sourcecraft/opencode/skills/codereview/*","action":"allow"},{"permission":"question","action":"deny","pattern":"*"},{"permission":"plan_enter","action":"deny","pattern":"*"},{"permission":"plan_exit","action":"deny","pattern":"*"},{"permission":"read","pattern":"*","action":"allow"},{"permission":"read","pattern":"*.env","action":"ask"},{"permission":"read","pattern":"*.env.*","action":"ask"},{"permission":"read","pattern":"*.env.example","action":"allow"},{"permission":"question","action":"allow","pattern":"*"},{"permission":"plan_enter","action":"allow","pattern":"*"},{"permission":"question","action":"deny","pattern":"*"},{"permission":"external_directory","pattern":"/root/.local/share/opencode/tool-output/*","action":"allow"}] evaluate
INFO  2026-07-15T02:43:16 +0ms service=permission permission=skill pattern=pr-description ruleset=[{"permission":"*","action":"allow","pattern":"*"},{"permission":"doom_loop","action":"ask","pattern":"*"},{"permission":"external_directory","pattern":"*","action":"ask"},{"permission":"external_directory","pattern":"/root/.local/share/opencode/tool-output/*","action":"allow"},{"permission":"external_directory","pattern":"/home/sourcecraft-ci-runner/sourcecraft/workspace/.opencode/skills/asset-workflow/*","action":"allow"},{"permission":"external_directory","pattern":"/home/sourcecraft-ci-runner/sourcecraft/workspace/.opencode/skills/dynamodb-crud-resource/*","action":"allow"},{"permission":"external_directory","pattern":"/home/sourcecraft-ci-runner/sourcecraft/workspace/.opencode/skills/playwright-cli/*","action":"allow"},{"permission":"external_directory","pattern":"/home/sourcecraft-ci-runner/sourcecraft/workspace/.opencode/skills/shadcn/*","action":"allow"},{"permission":"external_directory","pattern":"/root/.config/sourcecraft/opencode/skills/src-cli/*","action":"allow"},{"permission":"external_directory","pattern":"/root/.config/sourcecraft/opencode/skills/pr-description/*","action":"allow"},{"permission":"external_directory","pattern":"/root/.config/sourcecraft/opencode/skills/codereview/*","action":"allow"},{"permission":"question","action":"deny","pattern":"*"},{"permission":"plan_enter","action":"deny","pattern":"*"},{"permission":"plan_exit","action":"deny","pattern":"*"},{"permission":"read","pattern":"*","action":"allow"},{"permission":"read","pattern":"*.env","action":"ask"},{"permission":"read","pattern":"*.env.*","action":"ask"},{"permission":"read","pattern":"*.env.example","action":"allow"},{"permission":"question","action":"allow","pattern":"*"},{"permission":"plan_enter","action":"allow","pattern":"*"},{"permission":"question","action":"deny","pattern":"*"},{"permission":"external_directory","pattern":"/root/.local/share/opencode/tool-output/*","action":"allow"}] evaluate
INFO  2026-07-15T02:43:16 +0ms service=permission permission=skill pattern=shadcn ruleset=[{"permission":"*","action":"allow","pattern":"*"},{"permission":"doom_loop","action":"ask","pattern":"*"},{"permission":"external_directory","pattern":"*","action":"ask"},{"permission":"external_directory","pattern":"/root/.local/share/opencode/tool-output/*","action":"allow"},{"permission":"external_directory","pattern":"/home/sourcecraft-ci-runner/sourcecraft/workspace/.opencode/skills/asset-workflow/*","action":"allow"},{"permission":"external_directory","pattern":"/home/sourcecraft-ci-runner/sourcecraft/workspace/.opencode/skills/dynamodb-crud-resource/*","action":"allow"},{"permission":"external_directory","pattern":"/home/sourcecraft-ci-runner/sourcecraft/workspace/.opencode/skills/playwright-cli/*","action":"allow"},{"permission":"external_directory","pattern":"/home/sourcecraft-ci-runner/sourcecraft/workspace/.opencode/skills/shadcn/*","action":"allow"},{"permission":"external_directory","pattern":"/root/.config/sourcecraft/opencode/skills/src-cli/*","action":"allow"},{"permission":"external_directory","pattern":"/root/.config/sourcecraft/opencode/skills/pr-description/*","action":"allow"},{"permission":"external_directory","pattern":"/root/.config/sourcecraft/opencode/skills/codereview/*","action":"allow"},{"permission":"question","action":"deny","pattern":"*"},{"permission":"plan_enter","action":"deny","pattern":"*"},{"permission":"plan_exit","action":"deny","pattern":"*"},{"permission":"read","pattern":"*","action":"allow"},{"permission":"read","pattern":"*.env","action":"ask"},{"permission":"read","pattern":"*.env.*","action":"ask"},{"permission":"read","pattern":"*.env.example","action":"allow"},{"permission":"question","action":"allow","pattern":"*"},{"permission":"plan_enter","action":"allow","pattern":"*"},{"permission":"question","action":"deny","pattern":"*"},{"permission":"external_directory","pattern":"/root/.local/share/opencode/tool-output/*","action":"allow"}] evaluate
INFO  2026-07-15T02:43:16 +0ms service=permission permission=skill pattern=src-cli ruleset=[{"permission":"*","action":"allow","pattern":"*"},{"permission":"doom_loop","action":"ask","pattern":"*"},{"permission":"external_directory","pattern":"*","action":"ask"},{"permission":"external_directory","pattern":"/root/.local/share/opencode/tool-output/*","action":"allow"},{"permission":"external_directory","pattern":"/home/sourcecraft-ci-runner/sourcecraft/workspace/.opencode/skills/asset-workflow/*","action":"allow"},{"permission":"external_directory","pattern":"/home/sourcecraft-ci-runner/sourcecraft/workspace/.opencode/skills/dynamodb-crud-resource/*","action":"allow"},{"permission":"external_directory","pattern":"/home/sourcecraft-ci-runner/sourcecraft/workspace/.opencode/skills/playwright-cli/*","action":"allow"},{"permission":"external_directory","pattern":"/home/sourcecraft-ci-runner/sourcecraft/workspace/.opencode/skills/shadcn/*","action":"allow"},{"permission":"external_directory","pattern":"/root/.config/sourcecraft/opencode/skills/src-cli/*","action":"allow"},{"permission":"external_directory","pattern":"/root/.config/sourcecraft/opencode/skills/pr-description/*","action":"allow"},{"permission":"external_directory","pattern":"/root/.config/sourcecraft/opencode/skills/codereview/*","action":"allow"},{"permission":"question","action":"deny","pattern":"*"},{"permission":"plan_enter","action":"deny","pattern":"*"},{"permission":"plan_exit","action":"deny","pattern":"*"},{"permission":"read","pattern":"*","action":"allow"},{"permission":"read","pattern":"*.env","action":"ask"},{"permission":"read","pattern":"*.env.*","action":"ask"},{"permission":"read","pattern":"*.env.example","action":"allow"},{"permission":"question","action":"allow","pattern":"*"},{"permission":"plan_enter","action":"allow","pattern":"*"},{"permission":"question","action":"deny","pattern":"*"},{"permission":"external_directory","pattern":"/root/.local/share/opencode/tool-output/*","action":"allow"}] evaluate
INFO  2026-07-15T02:43:16 +1ms service=tool.registry status=completed duration=1 skill
INFO  2026-07-15T02:43:16 +0ms service=permission permission=task pattern=explore ruleset=[{"permission":"*","action":"allow","pattern":"*"},{"permission":"doom_loop","action":"ask","pattern":"*"},{"permission":"external_directory","pattern":"*","action":"ask"},{"permission":"external_directory","pattern":"/root/.local/share/opencode/tool-output/*","action":"allow"},{"permission":"external_directory","pattern":"/home/sourcecraft-ci-runner/sourcecraft/workspace/.opencode/skills/asset-workflow/*","action":"allow"},{"permission":"external_directory","pattern":"/home/sourcecraft-ci-runner/sourcecraft/workspace/.opencode/skills/dynamodb-crud-resource/*","action":"allow"},{"permission":"external_directory","pattern":"/home/sourcecraft-ci-runner/sourcecraft/workspace/.opencode/skills/playwright-cli/*","action":"allow"},{"permission":"external_directory","pattern":"/home/sourcecraft-ci-runner/sourcecraft/workspace/.opencode/skills/shadcn/*","action":"allow"},{"permission":"external_directory","pattern":"/root/.config/sourcecraft/opencode/skills/src-cli/*","action":"allow"},{"permission":"external_directory","pattern":"/root/.config/sourcecraft/opencode/skills/pr-description/*","action":"allow"},{"permission":"external_directory","pattern":"/root/.config/sourcecraft/opencode/skills/codereview/*","action":"allow"},{"permission":"question","action":"deny","pattern":"*"},{"permission":"plan_enter","action":"deny","pattern":"*"},{"permission":"plan_exit","action":"deny","pattern":"*"},{"permission":"read","pattern":"*","action":"allow"},{"permission":"read","pattern":"*.env","action":"ask"},{"permission":"read","pattern":"*.env.*","action":"ask"},{"permission":"read","pattern":"*.env.example","action":"allow"},{"permission":"question","action":"allow","pattern":"*"},{"permission":"plan_enter","action":"allow","pattern":"*"},{"permission":"question","action":"deny","pattern":"*"},{"permission":"external_directory","pattern":"/root/.local/share/opencode/tool-output/*","action":"allow"}] evaluate
INFO  2026-07-15T02:43:16 +0ms service=permission permission=task pattern=general ruleset=[{"permission":"*","action":"allow","pattern":"*"},{"permission":"doom_loop","action":"ask","pattern":"*"},{"permission":"external_directory","pattern":"*","action":"ask"},{"permission":"external_directory","pattern":"/root/.local/share/opencode/tool-output/*","action":"allow"},{"permission":"external_directory","pattern":"/home/sourcecraft-ci-runner/sourcecraft/workspace/.opencode/skills/asset-workflow/*","action":"allow"},{"permission":"external_directory","pattern":"/home/sourcecraft-ci-runner/sourcecraft/workspace/.opencode/skills/dynamodb-crud-resource/*","action":"allow"},{"permission":"external_directory","pattern":"/home/sourcecraft-ci-runner/sourcecraft/workspace/.opencode/skills/playwright-cli/*","action":"allow"},{"permission":"external_directory","pattern":"/home/sourcecraft-ci-runner/sourcecraft/workspace/.opencode/skills/shadcn/*","action":"allow"},{"permission":"external_directory","pattern":"/root/.config/sourcecraft/opencode/skills/src-cli/*","action":"allow"},{"permission":"external_directory","pattern":"/root/.config/sourcecraft/opencode/skills/pr-description/*","action":"allow"},{"permission":"external_directory","pattern":"/root/.config/sourcecraft/opencode/skills/codereview/*","action":"allow"},{"permission":"question","action":"deny","pattern":"*"},{"permission":"plan_enter","action":"deny","pattern":"*"},{"permission":"plan_exit","action":"deny","pattern":"*"},{"permission":"read","pattern":"*","action":"allow"},{"permission":"read","pattern":"*.env","action":"ask"},{"permission":"read","pattern":"*.env.*","action":"ask"},{"permission":"read","pattern":"*.env.example","action":"allow"},{"permission":"question","action":"allow","pattern":"*"},{"permission":"plan_enter","action":"allow","pattern":"*"},{"permission":"question","action":"deny","pattern":"*"},{"permission":"external_directory","pattern":"/root/.local/share/opencode/tool-output/*","action":"allow"}] evaluate
INFO  2026-07-15T02:43:16 +0ms service=tool.registry status=completed duration=1 task
INFO  2026-07-15T02:43:16 +1ms service=session.prompt status=completed duration=3 resolveTools
INFO  2026-07-15T02:43:16 +0ms service=permission permission=skill pattern=asset-workflow ruleset=[{"permission":"*","action":"allow","pattern":"*"},{"permission":"doom_loop","action":"ask","pattern":"*"},{"permission":"external_directory","pattern":"*","action":"ask"},{"permission":"external_directory","pattern":"/root/.local/share/opencode/tool-output/*","action":"allow"},{"permission":"external_directory","pattern":"/home/sourcecraft-ci-runner/sourcecraft/workspace/.opencode/skills/asset-workflow/*","action":"allow"},{"permission":"external_directory","pattern":"/home/sourcecraft-ci-runner/sourcecraft/workspace/.opencode/skills/dynamodb-crud-resource/*","action":"allow"},{"permission":"external_directory","pattern":"/home/sourcecraft-ci-runner/sourcecraft/workspace/.opencode/skills/playwright-cli/*","action":"allow"},{"permission":"external_directory","pattern":"/home/sourcecraft-ci-runner/sourcecraft/workspace/.opencode/skills/shadcn/*","action":"allow"},{"permission":"external_directory","pattern":"/root/.config/sourcecraft/opencode/skills/src-cli/*","action":"allow"},{"permission":"external_directory","pattern":"/root/.config/sourcecraft/opencode/skills/pr-description/*","action":"allow"},{"permission":"external_directory","pattern":"/root/.config/sourcecraft/opencode/skills/codereview/*","action":"allow"},{"permission":"question","action":"deny","pattern":"*"},{"permission":"plan_enter","action":"deny","pattern":"*"},{"permission":"plan_exit","action":"deny","pattern":"*"},{"permission":"read","pattern":"*","action":"allow"},{"permission":"read","pattern":"*.env","action":"ask"},{"permission":"read","pattern":"*.env.*","action":"ask"},{"permission":"read","pattern":"*.env.example","action":"allow"},{"permission":"question","action":"allow","pattern":"*"},{"permission":"plan_enter","action":"allow","pattern":"*"},{"permission":"question","action":"deny","pattern":"*"},{"permission":"external_directory","pattern":"/root/.local/share/opencode/tool-output/*","action":"allow"}] evaluate
INFO  2026-07-15T02:43:16 +0ms service=permission permission=skill pattern=codereview ruleset=[{"permission":"*","action":"allow","pattern":"*"},{"permission":"doom_loop","action":"ask","pattern":"*"},{"permission":"external_directory","pattern":"*","action":"ask"},{"permission":"external_directory","pattern":"/root/.local/share/opencode/tool-output/*","action":"allow"},{"permission":"external_directory","pattern":"/home/sourcecraft-ci-runner/sourcecraft/workspace/.opencode/skills/asset-workflow/*","action":"allow"},{"permission":"external_directory","pattern":"/home/sourcecraft-ci-runner/sourcecraft/workspace/.opencode/skills/dynamodb-crud-resource/*","action":"allow"},{"permission":"external_directory","pattern":"/home/sourcecraft-ci-runner/sourcecraft/workspace/.opencode/skills/playwright-cli/*","action":"allow"},{"permission":"external_directory","pattern":"/home/sourcecraft-ci-runner/sourcecraft/workspace/.opencode/skills/shadcn/*","action":"allow"},{"permission":"external_directory","pattern":"/root/.config/sourcecraft/opencode/skills/src-cli/*","action":"allow"},{"permission":"external_directory","pattern":"/root/.config/sourcecraft/opencode/skills/pr-description/*","action":"allow"},{"permission":"external_directory","pattern":"/root/.config/sourcecraft/opencode/skills/codereview/*","action":"allow"},{"permission":"question","action":"deny","pattern":"*"},{"permission":"plan_enter","action":"deny","pattern":"*"},{"permission":"plan_exit","action":"deny","pattern":"*"},{"permission":"read","pattern":"*","action":"allow"},{"permission":"read","pattern":"*.env","action":"ask"},{"permission":"read","pattern":"*.env.*","action":"ask"},{"permission":"read","pattern":"*.env.example","action":"allow"},{"permission":"question","action":"allow","pattern":"*"},{"permission":"plan_enter","action":"allow","pattern":"*"},{"permission":"question","action":"deny","pattern":"*"},{"permission":"external_directory","pattern":"/root/.local/share/opencode/tool-output/*","action":"allow"}] evaluate
INFO  2026-07-15T02:43:16 +0ms service=permission permission=skill pattern=dynamodb-crud-resource ruleset=[{"permission":"*","action":"allow","pattern":"*"},{"permission":"doom_loop","action":"ask","pattern":"*"},{"permission":"external_directory","pattern":"*","action":"ask"},{"permission":"external_directory","pattern":"/root/.local/share/opencode/tool-output/*","action":"allow"},{"permission":"external_directory","pattern":"/home/sourcecraft-ci-runner/sourcecraft/workspace/.opencode/skills/asset-workflow/*","action":"allow"},{"permission":"external_directory","pattern":"/home/sourcecraft-ci-runner/sourcecraft/workspace/.opencode/skills/dynamodb-crud-resource/*","action":"allow"},{"permission":"external_directory","pattern":"/home/sourcecraft-ci-runner/sourcecraft/workspace/.opencode/skills/playwright-cli/*","action":"allow"},{"permission":"external_directory","pattern":"/home/sourcecraft-ci-runner/sourcecraft/workspace/.opencode/skills/shadcn/*","action":"allow"},{"permission":"external_directory","pattern":"/root/.config/sourcecraft/opencode/skills/src-cli/*","action":"allow"},{"permission":"external_directory","pattern":"/root/.config/sourcecraft/opencode/skills/pr-description/*","action":"allow"},{"permission":"external_directory","pattern":"/root/.config/sourcecraft/opencode/skills/codereview/*","action":"allow"},{"permission":"question","action":"deny","pattern":"*"},{"permission":"plan_enter","action":"deny","pattern":"*"},{"permission":"plan_exit","action":"deny","pattern":"*"},{"permission":"read","pattern":"*","action":"allow"},{"permission":"read","pattern":"*.env","action":"ask"},{"permission":"read","pattern":"*.env.*","action":"ask"},{"permission":"read","pattern":"*.env.example","action":"allow"},{"permission":"question","action":"allow","pattern":"*"},{"permission":"plan_enter","action":"allow","pattern":"*"},{"permission":"question","action":"deny","pattern":"*"},{"permission":"external_directory","pattern":"/root/.local/share/opencode/tool-output/*","action":"allow"}] evaluate
INFO  2026-07-15T02:43:16 +0ms service=permission permission=skill pattern=playwright-cli ruleset=[{"permission":"*","action":"allow","pattern":"*"},{"permission":"doom_loop","action":"ask","pattern":"*"},{"permission":"external_directory","pattern":"*","action":"ask"},{"permission":"external_directory","pattern":"/root/.local/share/opencode/tool-output/*","action":"allow"},{"permission":"external_directory","pattern":"/home/sourcecraft-ci-runner/sourcecraft/workspace/.opencode/skills/asset-workflow/*","action":"allow"},{"permission":"external_directory","pattern":"/home/sourcecraft-ci-runner/sourcecraft/workspace/.opencode/skills/dynamodb-crud-resource/*","action":"allow"},{"permission":"external_directory","pattern":"/home/sourcecraft-ci-runner/sourcecraft/workspace/.opencode/skills/playwright-cli/*","action":"allow"},{"permission":"external_directory","pattern":"/home/sourcecraft-ci-runner/sourcecraft/workspace/.opencode/skills/shadcn/*","action":"allow"},{"permission":"external_directory","pattern":"/root/.config/sourcecraft/opencode/skills/src-cli/*","action":"allow"},{"permission":"external_directory","pattern":"/root/.config/sourcecraft/opencode/skills/pr-description/*","action":"allow"},{"permission":"external_directory","pattern":"/root/.config/sourcecraft/opencode/skills/codereview/*","action":"allow"},{"permission":"question","action":"deny","pattern":"*"},{"permission":"plan_enter","action":"deny","pattern":"*"},{"permission":"plan_exit","action":"deny","pattern":"*"},{"permission":"read","pattern":"*","action":"allow"},{"permission":"read","pattern":"*.env","action":"ask"},{"permission":"read","pattern":"*.env.*","action":"ask"},{"permission":"read","pattern":"*.env.example","action":"allow"},{"permission":"question","action":"allow","pattern":"*"},{"permission":"plan_enter","action":"allow","pattern":"*"},{"permission":"question","action":"deny","pattern":"*"},{"permission":"external_directory","pattern":"/root/.local/share/opencode/tool-output/*","action":"allow"}] evaluate
INFO  2026-07-15T02:43:16 +0ms service=permission permission=skill pattern=pr-description ruleset=[{"permission":"*","action":"allow","pattern":"*"},{"permission":"doom_loop","action":"ask","pattern":"*"},{"permission":"external_directory","pattern":"*","action":"ask"},{"permission":"external_directory","pattern":"/root/.local/share/opencode/tool-output/*","action":"allow"},{"permission":"external_directory","pattern":"/home/sourcecraft-ci-runner/sourcecraft/workspace/.opencode/skills/asset-workflow/*","action":"allow"},{"permission":"external_directory","pattern":"/home/sourcecraft-ci-runner/sourcecraft/workspace/.opencode/skills/dynamodb-crud-resource/*","action":"allow"},{"permission":"external_directory","pattern":"/home/sourcecraft-ci-runner/sourcecraft/workspace/.opencode/skills/playwright-cli/*","action":"allow"},{"permission":"external_directory","pattern":"/home/sourcecraft-ci-runner/sourcecraft/workspace/.opencode/skills/shadcn/*","action":"allow"},{"permission":"external_directory","pattern":"/root/.config/sourcecraft/opencode/skills/src-cli/*","action":"allow"},{"permission":"external_directory","pattern":"/root/.config/sourcecraft/opencode/skills/pr-description/*","action":"allow"},{"permission":"external_directory","pattern":"/root/.config/sourcecraft/opencode/skills/codereview/*","action":"allow"},{"permission":"question","action":"deny","pattern":"*"},{"permission":"plan_enter","action":"deny","pattern":"*"},{"permission":"plan_exit","action":"deny","pattern":"*"},{"permission":"read","pattern":"*","action":"allow"},{"permission":"read","pattern":"*.env","action":"ask"},{"permission":"read","pattern":"*.env.*","action":"ask"},{"permission":"read","pattern":"*.env.example","action":"allow"},{"permission":"question","action":"allow","pattern":"*"},{"permission":"plan_enter","action":"allow","pattern":"*"},{"permission":"question","action":"deny","pattern":"*"},{"permission":"external_directory","pattern":"/root/.local/share/opencode/tool-output/*","action":"allow"}] evaluate
INFO  2026-07-15T02:43:16 +0ms service=permission permission=skill pattern=shadcn ruleset=[{"permission":"*","action":"allow","pattern":"*"},{"permission":"doom_loop","action":"ask","pattern":"*"},{"permission":"external_directory","pattern":"*","action":"ask"},{"permission":"external_directory","pattern":"/root/.local/share/opencode/tool-output/*","action":"allow"},{"permission":"external_directory","pattern":"/home/sourcecraft-ci-runner/sourcecraft/workspace/.opencode/skills/asset-workflow/*","action":"allow"},{"permission":"external_directory","pattern":"/home/sourcecraft-ci-runner/sourcecraft/workspace/.opencode/skills/dynamodb-crud-resource/*","action":"allow"},{"permission":"external_directory","pattern":"/home/sourcecraft-ci-runner/sourcecraft/workspace/.opencode/skills/playwright-cli/*","action":"allow"},{"permission":"external_directory","pattern":"/home/sourcecraft-ci-runner/sourcecraft/workspace/.opencode/skills/shadcn/*","action":"allow"},{"permission":"external_directory","pattern":"/root/.config/sourcecraft/opencode/skills/src-cli/*","action":"allow"},{"permission":"external_directory","pattern":"/root/.config/sourcecraft/opencode/skills/pr-description/*","action":"allow"},{"permission":"external_directory","pattern":"/root/.config/sourcecraft/opencode/skills/codereview/*","action":"allow"},{"permission":"question","action":"deny","pattern":"*"},{"permission":"plan_enter","action":"deny","pattern":"*"},{"permission":"plan_exit","action":"deny","pattern":"*"},{"permission":"read","pattern":"*","action":"allow"},{"permission":"read","pattern":"*.env","action":"ask"},{"permission":"read","pattern":"*.env.*","action":"ask"},{"permission":"read","pattern":"*.env.example","action":"allow"},{"permission":"question","action":"allow","pattern":"*"},{"permission":"plan_enter","action":"allow","pattern":"*"},{"permission":"question","action":"deny","pattern":"*"},{"permission":"external_directory","pattern":"/root/.local/share/opencode/tool-output/*","action":"allow"}] evaluate
INFO  2026-07-15T02:43:16 +1ms service=permission permission=skill pattern=src-cli ruleset=[{"permission":"*","action":"allow","pattern":"*"},{"permission":"doom_loop","action":"ask","pattern":"*"},{"permission":"external_directory","pattern":"*","action":"ask"},{"permission":"external_directory","pattern":"/root/.local/share/opencode/tool-output/*","action":"allow"},{"permission":"external_directory","pattern":"/home/sourcecraft-ci-runner/sourcecraft/workspace/.opencode/skills/asset-workflow/*","action":"allow"},{"permission":"external_directory","pattern":"/home/sourcecraft-ci-runner/sourcecraft/workspace/.opencode/skills/dynamodb-crud-resource/*","action":"allow"},{"permission":"external_directory","pattern":"/home/sourcecraft-ci-runner/sourcecraft/workspace/.opencode/skills/playwright-cli/*","action":"allow"},{"permission":"external_directory","pattern":"/home/sourcecraft-ci-runner/sourcecraft/workspace/.opencode/skills/shadcn/*","action":"allow"},{"permission":"external_directory","pattern":"/root/.config/sourcecraft/opencode/skills/src-cli/*","action":"allow"},{"permission":"external_directory","pattern":"/root/.config/sourcecraft/opencode/skills/pr-description/*","action":"allow"},{"permission":"external_directory","pattern":"/root/.config/sourcecraft/opencode/skills/codereview/*","action":"allow"},{"permission":"question","action":"deny","pattern":"*"},{"permission":"plan_enter","action":"deny","pattern":"*"},{"permission":"plan_exit","action":"deny","pattern":"*"},{"permission":"read","pattern":"*","action":"allow"},{"permission":"read","pattern":"*.env","action":"ask"},{"permission":"read","pattern":"*.env.*","action":"ask"},{"permission":"read","pattern":"*.env.example","action":"allow"},{"permission":"question","action":"allow","pattern":"*"},{"permission":"plan_enter","action":"allow","pattern":"*"},{"permission":"question","action":"deny","pattern":"*"},{"permission":"external_directory","pattern":"/root/.local/share/opencode/tool-output/*","action":"allow"}] evaluate
INFO  2026-07-15T02:43:16 +3ms service=session.processor process
INFO  2026-07-15T02:43:16 +0ms service=llm providerID=sourcecraft modelID=default sessionID=ses_09c5880aeffe7gUJBWRjvSwHuh small=false agent=build mode=primary stream
INFO  2026-07-15T02:43:16 +3ms service=bus type=context.usage.updated publishing
INFO  2026-07-15T02:43:16 +4ms service=bus type=session.status publishing
INFO  2026-07-15T02:43:16 +703ms service=bus type=message.part.updated publishing
INFO  2026-07-15T02:43:16 +1ms service=bus type=message.part.updated publishing
INFO  2026-07-15T02:43:16 +0ms service=bus type=message.part.delta publishing
INFO  2026-07-15T02:43:16 +9ms service=bus type=message.part.delta publishing
INFO  2026-07-15T02:43:16 +16ms service=bus type=message.part.delta publishing
INFO  2026-07-15T02:43:16 +4ms service=bus type=message.part.delta publishing
INFO  2026-07-15T02:43:16 +13ms service=bus type=message.part.delta publishing
INFO  2026-07-15T02:43:16 +7ms service=bus type=message.part.delta publishing
INFO  2026-07-15T02:43:16 +11ms service=bus type=message.part.delta publishing
INFO  2026-07-15T02:43:16 +13ms service=bus type=message.part.delta publishing
INFO  2026-07-15T02:43:16 +6ms service=bus type=message.part.delta publishing
INFO  2026-07-15T02:43:16 +10ms service=bus type=message.part.delta publishing
INFO  2026-07-15T02:43:17 +16ms service=bus type=message.part.delta publishing
INFO  2026-07-15T02:43:17 +2ms service=bus type=message.part.delta publishing
INFO  2026-07-15T02:43:17 +14ms service=bus type=message.part.delta publishing
INFO  2026-07-15T02:43:17 +7ms service=bus type=message.part.delta publishing
INFO  2026-07-15T02:43:17 +10ms service=bus type=message.part.delta publishing
INFO  2026-07-15T02:43:17 +15ms service=bus type=message.part.delta publishing
INFO  2026-07-15T02:43:17 +4ms service=bus type=message.part.delta publishing
INFO  2026-07-15T02:43:17 +12ms service=bus type=message.part.delta publishing
INFO  2026-07-15T02:43:17 +16ms service=bus type=message.part.delta publishing
INFO  2026-07-15T02:43:17 +2ms service=bus type=message.part.delta publishing
INFO  2026-07-15T02:43:17 +14ms service=bus type=message.part.delta publishing
INFO  2026-07-15T02:43:17 +6ms service=bus type=message.part.delta publishing
INFO  2026-07-15T02:43:17 +11ms service=bus type=message.part.delta publishing
INFO  2026-07-15T02:43:17 +9ms service=bus type=message.part.delta publishing
INFO  2026-07-15T02:43:17 +9ms service=bus type=message.part.delta publishing
INFO  2026-07-15T02:43:17 +22ms service=bus type=message.part.updated publishing
INFO  2026-07-15T02:43:17 +2ms service=bus type=message.part.updated publishing
INFO  2026-07-15T02:43:17 +0ms service=bus type=message.part.delta publishing
INFO  2026-07-15T02:43:18 +1121ms service=bus type=message.part.updated publishing
INFO  2026-07-15T02:43:18 +3ms service=permission permission=bash pattern=npm run lint 2>&1 ruleset=[{"permission":"*","action":"allow","pattern":"*"},{"permission":"doom_loop","action":"ask","pattern":"*"},{"permission":"external_directory","pattern":"*","action":"ask"},{"permission":"external_directory","pattern":"/root/.local/share/opencode/tool-output/*","action":"allow"},{"permission":"external_directory","pattern":"/home/sourcecraft-ci-runner/sourcecraft/workspace/.opencode/skills/asset-workflow/*","action":"allow"},{"permission":"external_directory","pattern":"/home/sourcecraft-ci-runner/sourcecraft/workspace/.opencode/skills/dynamodb-crud-resource/*","action":"allow"},{"permission":"external_directory","pattern":"/home/sourcecraft-ci-runner/sourcecraft/workspace/.opencode/skills/playwright-cli/*","action":"allow"},{"permission":"external_directory","pattern":"/home/sourcecraft-ci-runner/sourcecraft/workspace/.opencode/skills/shadcn/*","action":"allow"},{"permission":"external_directory","pattern":"/root/.config/sourcecraft/opencode/skills/src-cli/*","action":"allow"},{"permission":"external_directory","pattern":"/root/.config/sourcecraft/opencode/skills/pr-description/*","action":"allow"},{"permission":"external_directory","pattern":"/root/.config/sourcecraft/opencode/skills/codereview/*","action":"allow"},{"permission":"question","action":"deny","pattern":"*"},{"permission":"plan_enter","action":"deny","pattern":"*"},{"permission":"plan_exit","action":"deny","pattern":"*"},{"permission":"read","pattern":"*","action":"allow"},{"permission":"read","pattern":"*.env","action":"ask"},{"permission":"read","pattern":"*.env.*","action":"ask"},{"permission":"read","pattern":"*.env.example","action":"allow"},{"permission":"question","action":"allow","pattern":"*"},{"permission":"plan_enter","action":"allow","pattern":"*"},{"permission":"question","action":"deny","pattern":"*"},{"permission":"external_directory","pattern":"/root/.local/share/opencode/tool-output/*","action":"allow"}] evaluate
INFO  2026-07-15T02:43:18 +0ms service=permission permission=bash pattern=npm run lint 2>&1 action={"permission":"*","action":"allow","pattern":"*"} evaluated
INFO  2026-07-15T02:43:18 +0ms service=permission permission=bash pattern=echo "---LINT_OK---" ruleset=[{"permission":"*","action":"allow","pattern":"*"},{"permission":"doom_loop","action":"ask","pattern":"*"},{"permission":"external_directory","pattern":"*","action":"ask"},{"permission":"external_directory","pattern":"/root/.local/share/opencode/tool-output/*","action":"allow"},{"permission":"external_directory","pattern":"/home/sourcecraft-ci-runner/sourcecraft/workspace/.opencode/skills/asset-workflow/*","action":"allow"},{"permission":"external_directory","pattern":"/home/sourcecraft-ci-runner/sourcecraft/workspace/.opencode/skills/dynamodb-crud-resource/*","action":"allow"},{"permission":"external_directory","pattern":"/home/sourcecraft-ci-runner/sourcecraft/workspace/.opencode/skills/playwright-cli/*","action":"allow"},{"permission":"external_directory","pattern":"/home/sourcecraft-ci-runner/sourcecraft/workspace/.opencode/skills/shadcn/*","action":"allow"},{"permission":"external_directory","pattern":"/root/.config/sourcecraft/opencode/skills/src-cli/*","action":"allow"},{"permission":"external_directory","pattern":"/root/.config/sourcecraft/opencode/skills/pr-description/*","action":"allow"},{"permission":"external_directory","pattern":"/root/.config/sourcecraft/opencode/skills/codereview/*","action":"allow"},{"permission":"question","action":"deny","pattern":"*"},{"permission":"plan_enter","action":"deny","pattern":"*"},{"permission":"plan_exit","action":"deny","pattern":"*"},{"permission":"read","pattern":"*","action":"allow"},{"permission":"read","pattern":"*.env","action":"ask"},{"permission":"read","pattern":"*.env.*","action":"ask"},{"permission":"read","pattern":"*.env.example","action":"allow"},{"permission":"question","action":"allow","pattern":"*"},{"permission":"plan_enter","action":"allow","pattern":"*"},{"permission":"question","action":"deny","pattern":"*"},{"permission":"external_directory","pattern":"/root/.local/share/opencode/tool-output/*","action":"allow"}] evaluate
INFO  2026-07-15T02:43:18 +0ms service=permission permission=bash pattern=echo "---LINT_OK---" action={"permission":"*","action":"allow","pattern":"*"} evaluated
INFO  2026-07-15T02:43:18 +0ms service=permission permission=bash pattern=npm run build ruleset=[{"permission":"*","action":"allow","pattern":"*"},{"permission":"doom_loop","action":"ask","pattern":"*"},{"permission":"external_directory","pattern":"*","action":"ask"},{"permission":"external_directory","pattern":"/root/.local/share/opencode/tool-output/*","action":"allow"},{"permission":"external_directory","pattern":"/home/sourcecraft-ci-runner/sourcecraft/workspace/.opencode/skills/asset-workflow/*","action":"allow"},{"permission":"external_directory","pattern":"/home/sourcecraft-ci-runner/sourcecraft/workspace/.opencode/skills/dynamodb-crud-resource/*","action":"allow"},{"permission":"external_directory","pattern":"/home/sourcecraft-ci-runner/sourcecraft/workspace/.opencode/skills/playwright-cli/*","action":"allow"},{"permission":"external_directory","pattern":"/home/sourcecraft-ci-runner/sourcecraft/workspace/.opencode/skills/shadcn/*","action":"allow"},{"permission":"external_directory","pattern":"/root/.config/sourcecraft/opencode/skills/src-cli/*","action":"allow"},{"permission":"external_directory","pattern":"/root/.config/sourcecraft/opencode/skills/pr-description/*","action":"allow"},{"permission":"external_directory","pattern":"/root/.config/sourcecraft/opencode/skills/codereview/*","action":"allow"},{"permission":"question","action":"deny","pattern":"*"},{"permission":"plan_enter","action":"deny","pattern":"*"},{"permission":"plan_exit","action":"deny","pattern":"*"},{"permission":"read","pattern":"*","action":"allow"},{"permission":"read","pattern":"*.env","action":"ask"},{"permission":"read","pattern":"*.env.*","action":"ask"},{"permission":"read","pattern":"*.env.example","action":"allow"},{"permission":"question","action":"allow","pattern":"*"},{"permission":"plan_enter","action":"allow","pattern":"*"},{"permission":"question","action":"deny","pattern":"*"},{"permission":"external_directory","pattern":"/root/.local/share/opencode/tool-output/*","action":"allow"}] evaluate
INFO  2026-07-15T02:43:18 +0ms service=permission permission=bash pattern=npm run build action={"permission":"*","action":"allow","pattern":"*"} evaluated
INFO  2026-07-15T02:43:18 +0ms service=permission permission=bash pattern=echo "---BUILD_OK---" ruleset=[{"permission":"*","action":"allow","pattern":"*"},{"permission":"doom_loop","action":"ask","pattern":"*"},{"permission":"external_directory","pattern":"*","action":"ask"},{"permission":"external_directory","pattern":"/root/.local/share/opencode/tool-output/*","action":"allow"},{"permission":"external_directory","pattern":"/home/sourcecraft-ci-runner/sourcecraft/workspace/.opencode/skills/asset-workflow/*","action":"allow"},{"permission":"external_directory","pattern":"/home/sourcecraft-ci-runner/sourcecraft/workspace/.opencode/skills/dynamodb-crud-resource/*","action":"allow"},{"permission":"external_directory","pattern":"/home/sourcecraft-ci-runner/sourcecraft/workspace/.opencode/skills/playwright-cli/*","action":"allow"},{"permission":"external_directory","pattern":"/home/sourcecraft-ci-runner/sourcecraft/workspace/.opencode/skills/shadcn/*","action":"allow"},{"permission":"external_directory","pattern":"/root/.config/sourcecraft/opencode/skills/src-cli/*","action":"allow"},{"permission":"external_directory","pattern":"/root/.config/sourcecraft/opencode/skills/pr-description/*","action":"allow"},{"permission":"external_directory","pattern":"/root/.config/sourcecraft/opencode/skills/codereview/*","action":"allow"},{"permission":"question","action":"deny","pattern":"*"},{"permission":"plan_enter","action":"deny","pattern":"*"},{"permission":"plan_exit","action":"deny","pattern":"*"},{"permission":"read","pattern":"*","action":"allow"},{"permission":"read","pattern":"*.env","action":"ask"},{"permission":"read","pattern":"*.env.*","action":"ask"},{"permission":"read","pattern":"*.env.example","action":"allow"},{"permission":"question","action":"allow","pattern":"*"},{"permission":"plan_enter","action":"allow","pattern":"*"},{"permission":"question","action":"deny","pattern":"*"},{"permission":"external_directory","pattern":"/root/.local/share/opencode/tool-output/*","action":"allow"}] evaluate
INFO  2026-07-15T02:43:18 +0ms service=permission permission=bash pattern=echo "---BUILD_OK---" action={"permission":"*","action":"allow","pattern":"*"} evaluated
INFO  2026-07-15T02:43:18 +2ms service=bus type=message.part.updated publishing
INFO  2026-07-15T02:43:18 +3ms service=bus type=message.part.updated publishing
INFO  2026-07-15T02:43:18 +87ms service=bus type=message.part.updated publishing
INFO  2026-07-15T02:43:18 +72ms service=bus type=message.part.updated publishing
INFO  2026-07-15T02:43:25 +7041ms service=bus type=message.part.updated publishing
INFO  2026-07-15T02:43:25 +185ms service=bus type=message.part.updated publishing
INFO  2026-07-15T02:43:25 +138ms service=bus type=message.part.updated publishing
INFO  2026-07-15T02:43:26 +554ms service=bus type=message.part.updated publishing
INFO  2026-07-15T02:43:26 +158ms service=bus type=message.part.updated publishing
INFO  2026-07-15T02:43:26 +4ms service=bus type=message.part.updated publishing
INFO  2026-07-15T02:43:26 +80ms service=bus type=message.part.updated publishing
INFO  2026-07-15T02:43:26 +4ms service=bus type=message.part.updated publishing
INFO  2026-07-15T02:43:26 +77ms service=bus type=message.part.updated publishing
INFO  2026-07-15T02:43:52 +25459ms service=bus type=message.part.updated publishing
INFO  2026-07-15T02:43:52 +10ms service=bus type=message.part.updated publishing
INFO  2026-07-15T02:44:04 +11901ms service=bus type=message.part.updated publishing
INFO  2026-07-15T02:44:04 +13ms service=bus type=message.part.updated publishing
INFO  2026-07-15T02:44:07 +3073ms service=bus type=message.part.updated publishing
INFO  2026-07-15T02:44:07 +99ms service=bus type=message.part.updated publishing
INFO  2026-07-15T02:44:07 +233ms service=bus type=message.part.updated publishing
INFO  2026-07-15T02:44:07 +14ms service=bus type=message.part.updated publishing
INFO  2026-07-15T02:44:07 +161ms service=bus type=message.part.updated publishing
INFO  2026-07-15T02:44:07 +28ms service=bus type=message.part.updated publishing
INFO  2026-07-15T02:44:07 +6ms service=bus type=message.part.updated publishing
INFO  2026-07-15T02:44:08 +540ms service=bus type=message.part.updated publishing
INFO  2026-07-15T02:44:08 +8ms service=bus type=message.part.updated publishing
INFO  2026-07-15T02:44:08 +43ms service=snapshot hash=a0d57a0b134115b426a70647a86055ea43c44d9f cwd=/home/sourcecraft-ci-runner/sourcecraft/workspace git=/root/.local/share/opencode/snapshot/d5f82bf4c15299500c398fd016ff6068cdd7781b/e180c03326a9b59cd97a62a55fc9e715cbda7426 tracking
INFO  2026-07-15T02:44:08 +1ms service=bus type=message.part.updated publishing
INFO  2026-07-15T02:44:08 +2ms service=bus type=message.updated publishing
INFO  2026-07-15T02:44:08 +50ms service=bus type=message.updated publishing
INFO  2026-07-15T02:44:08 +0ms service=bus type=session.status publishing
INFO  2026-07-15T02:44:08 +1ms service=session.prompt step=6 sessionID=ses_09c5880aeffe7gUJBWRjvSwHuh loop
INFO  2026-07-15T02:44:08 +3ms service=bus type=message.updated publishing
INFO  2026-07-15T02:44:08 +67ms service=bus type=session.updated publishing
INFO  2026-07-15T02:44:08 +6ms service=bus type=session.diff publishing
INFO  2026-07-15T02:44:08 +49ms service=bus type=message.updated publishing
INFO  2026-07-15T02:44:08 +63ms service=snapshot hash=a0d57a0b134115b426a70647a86055ea43c44d9f cwd=/home/sourcecraft-ci-runner/sourcecraft/workspace git=/root/.local/share/opencode/snapshot/d5f82bf4c15299500c398fd016ff6068cdd7781b/e180c03326a9b59cd97a62a55fc9e715cbda7426 tracking
INFO  2026-07-15T02:44:08 +0ms service=session.prompt status=started resolveTools
INFO  2026-07-15T02:44:08 +1ms service=tool.registry status=started invalid
INFO  2026-07-15T02:44:08 +0ms service=tool.registry status=completed duration=0 invalid
INFO  2026-07-15T02:44:08 +0ms service=tool.registry status=started question
INFO  2026-07-15T02:44:08 +0ms service=tool.registry status=completed duration=0 question
INFO  2026-07-15T02:44:08 +0ms service=tool.registry status=started bash
INFO  2026-07-15T02:44:08 +0ms service=tool.registry status=completed duration=0 bash
INFO  2026-07-15T02:44:08 +0ms service=tool.registry status=started read
INFO  2026-07-15T02:44:08 +0ms service=tool.registry status=completed duration=0 read
INFO  2026-07-15T02:44:08 +0ms service=tool.registry status=started glob
INFO  2026-07-15T02:44:08 +1ms service=tool.registry status=completed duration=1 glob
INFO  2026-07-15T02:44:08 +0ms service=tool.registry status=started grep
INFO  2026-07-15T02:44:08 +0ms service=tool.registry status=completed duration=0 grep
INFO  2026-07-15T02:44:08 +0ms service=tool.registry status=started edit
INFO  2026-07-15T02:44:08 +0ms service=tool.registry status=completed duration=0 edit
INFO  2026-07-15T02:44:08 +0ms service=tool.registry status=started write
INFO  2026-07-15T02:44:08 +0ms service=tool.registry status=completed duration=0 write
INFO  2026-07-15T02:44:08 +0ms service=tool.registry status=started task
INFO  2026-07-15T02:44:08 +2ms service=tool.registry status=started webfetch
INFO  2026-07-15T02:44:08 +0ms service=tool.registry status=completed duration=0 webfetch
INFO  2026-07-15T02:44:08 +0ms service=tool.registry status=started todowrite
INFO  2026-07-15T02:44:08 +0ms service=tool.registry status=completed duration=0 todowrite
INFO  2026-07-15T02:44:08 +0ms service=tool.registry status=started skill
INFO  2026-07-15T02:44:08 +0ms service=permission permission=skill pattern=asset-workflow ruleset=[{"permission":"*","action":"allow","pattern":"*"},{"permission":"doom_loop","action":"ask","pattern":"*"},{"permission":"external_directory","pattern":"*","action":"ask"},{"permission":"external_directory","pattern":"/root/.local/share/opencode/tool-output/*","action":"allow"},{"permission":"external_directory","pattern":"/home/sourcecraft-ci-runner/sourcecraft/workspace/.opencode/skills/asset-workflow/*","action":"allow"},{"permission":"external_directory","pattern":"/home/sourcecraft-ci-runner/sourcecraft/workspace/.opencode/skills/dynamodb-crud-resource/*","action":"allow"},{"permission":"external_directory","pattern":"/home/sourcecraft-ci-runner/sourcecraft/workspace/.opencode/skills/playwright-cli/*","action":"allow"},{"permission":"external_directory","pattern":"/home/sourcecraft-ci-runner/sourcecraft/workspace/.opencode/skills/shadcn/*","action":"allow"},{"permission":"external_directory","pattern":"/root/.config/sourcecraft/opencode/skills/src-cli/*","action":"allow"},{"permission":"external_directory","pattern":"/root/.config/sourcecraft/opencode/skills/pr-description/*","action":"allow"},{"permission":"external_directory","pattern":"/root/.config/sourcecraft/opencode/skills/codereview/*","action":"allow"},{"permission":"question","action":"deny","pattern":"*"},{"permission":"plan_enter","action":"deny","pattern":"*"},{"permission":"plan_exit","action":"deny","pattern":"*"},{"permission":"read","pattern":"*","action":"allow"},{"permission":"read","pattern":"*.env","action":"ask"},{"permission":"read","pattern":"*.env.*","action":"ask"},{"permission":"read","pattern":"*.env.example","action":"allow"},{"permission":"question","action":"allow","pattern":"*"},{"permission":"plan_enter","action":"allow","pattern":"*"},{"permission":"question","action":"deny","pattern":"*"},{"permission":"external_directory","pattern":"/root/.local/share/opencode/tool-output/*","action":"allow"}] evaluate
INFO  2026-07-15T02:44:08 +1ms service=permission permission=skill pattern=codereview ruleset=[{"permission":"*","action":"allow","pattern":"*"},{"permission":"doom_loop","action":"ask","pattern":"*"},{"permission":"external_directory","pattern":"*","action":"ask"},{"permission":"external_directory","pattern":"/root/.local/share/opencode/tool-output/*","action":"allow"},{"permission":"external_directory","pattern":"/home/sourcecraft-ci-runner/sourcecraft/workspace/.opencode/skills/asset-workflow/*","action":"allow"},{"permission":"external_directory","pattern":"/home/sourcecraft-ci-runner/sourcecraft/workspace/.opencode/skills/dynamodb-crud-resource/*","action":"allow"},{"permission":"external_directory","pattern":"/home/sourcecraft-ci-runner/sourcecraft/workspace/.opencode/skills/playwright-cli/*","action":"allow"},{"permission":"external_directory","pattern":"/home/sourcecraft-ci-runner/sourcecraft/workspace/.opencode/skills/shadcn/*","action":"allow"},{"permission":"external_directory","pattern":"/root/.config/sourcecraft/opencode/skills/src-cli/*","action":"allow"},{"permission":"external_directory","pattern":"/root/.config/sourcecraft/opencode/skills/pr-description/*","action":"allow"},{"permission":"external_directory","pattern":"/root/.config/sourcecraft/opencode/skills/codereview/*","action":"allow"},{"permission":"question","action":"deny","pattern":"*"},{"permission":"plan_enter","action":"deny","pattern":"*"},{"permission":"plan_exit","action":"deny","pattern":"*"},{"permission":"read","pattern":"*","action":"allow"},{"permission":"read","pattern":"*.env","action":"ask"},{"permission":"read","pattern":"*.env.*","action":"ask"},{"permission":"read","pattern":"*.env.example","action":"allow"},{"permission":"question","action":"allow","pattern":"*"},{"permission":"plan_enter","action":"allow","pattern":"*"},{"permission":"question","action":"deny","pattern":"*"},{"permission":"external_directory","pattern":"/root/.local/share/opencode/tool-output/*","action":"allow"}] evaluate
INFO  2026-07-15T02:44:08 +0ms service=permission permission=skill pattern=dynamodb-crud-resource ruleset=[{"permission":"*","action":"allow","pattern":"*"},{"permission":"doom_loop","action":"ask","pattern":"*"},{"permission":"external_directory","pattern":"*","action":"ask"},{"permission":"external_directory","pattern":"/root/.local/share/opencode/tool-output/*","action":"allow"},{"permission":"external_directory","pattern":"/home/sourcecraft-ci-runner/sourcecraft/workspace/.opencode/skills/asset-workflow/*","action":"allow"},{"permission":"external_directory","pattern":"/home/sourcecraft-ci-runner/sourcecraft/workspace/.opencode/skills/dynamodb-crud-resource/*","action":"allow"},{"permission":"external_directory","pattern":"/home/sourcecraft-ci-runner/sourcecraft/workspace/.opencode/skills/playwright-cli/*","action":"allow"},{"permission":"external_directory","pattern":"/home/sourcecraft-ci-runner/sourcecraft/workspace/.opencode/skills/shadcn/*","action":"allow"},{"permission":"external_directory","pattern":"/root/.config/sourcecraft/opencode/skills/src-cli/*","action":"allow"},{"permission":"external_directory","pattern":"/root/.config/sourcecraft/opencode/skills/pr-description/*","action":"allow"},{"permission":"external_directory","pattern":"/root/.config/sourcecraft/opencode/skills/codereview/*","action":"allow"},{"permission":"question","action":"deny","pattern":"*"},{"permission":"plan_enter","action":"deny","pattern":"*"},{"permission":"plan_exit","action":"deny","pattern":"*"},{"permission":"read","pattern":"*","action":"allow"},{"permission":"read","pattern":"*.env","action":"ask"},{"permission":"read","pattern":"*.env.*","action":"ask"},{"permission":"read","pattern":"*.env.example","action":"allow"},{"permission":"question","action":"allow","pattern":"*"},{"permission":"plan_enter","action":"allow","pattern":"*"},{"permission":"question","action":"deny","pattern":"*"},{"permission":"external_directory","pattern":"/root/.local/share/opencode/tool-output/*","action":"allow"}] evaluate
INFO  2026-07-15T02:44:08 +0ms service=permission permission=skill pattern=playwright-cli ruleset=[{"permission":"*","action":"allow","pattern":"*"},{"permission":"doom_loop","action":"ask","pattern":"*"},{"permission":"external_directory","pattern":"*","action":"ask"},{"permission":"external_directory","pattern":"/root/.local/share/opencode/tool-output/*","action":"allow"},{"permission":"external_directory","pattern":"/home/sourcecraft-ci-runner/sourcecraft/workspace/.opencode/skills/asset-workflow/*","action":"allow"},{"permission":"external_directory","pattern":"/home/sourcecraft-ci-runner/sourcecraft/workspace/.opencode/skills/dynamodb-crud-resource/*","action":"allow"},{"permission":"external_directory","pattern":"/home/sourcecraft-ci-runner/sourcecraft/workspace/.opencode/skills/playwright-cli/*","action":"allow"},{"permission":"external_directory","pattern":"/home/sourcecraft-ci-runner/sourcecraft/workspace/.opencode/skills/shadcn/*","action":"allow"},{"permission":"external_directory","pattern":"/root/.config/sourcecraft/opencode/skills/src-cli/*","action":"allow"},{"permission":"external_directory","pattern":"/root/.config/sourcecraft/opencode/skills/pr-description/*","action":"allow"},{"permission":"external_directory","pattern":"/root/.config/sourcecraft/opencode/skills/codereview/*","action":"allow"},{"permission":"question","action":"deny","pattern":"*"},{"permission":"plan_enter","action":"deny","pattern":"*"},{"permission":"plan_exit","action":"deny","pattern":"*"},{"permission":"read","pattern":"*","action":"allow"},{"permission":"read","pattern":"*.env","action":"ask"},{"permission":"read","pattern":"*.env.*","action":"ask"},{"permission":"read","pattern":"*.env.example","action":"allow"},{"permission":"question","action":"allow","pattern":"*"},{"permission":"plan_enter","action":"allow","pattern":"*"},{"permission":"question","action":"deny","pattern":"*"},{"permission":"external_directory","pattern":"/root/.local/share/opencode/tool-output/*","action":"allow"}] evaluate
INFO  2026-07-15T02:44:08 +0ms service=permission permission=skill pattern=pr-description ruleset=[{"permission":"*","action":"allow","pattern":"*"},{"permission":"doom_loop","action":"ask","pattern":"*"},{"permission":"external_directory","pattern":"*","action":"ask"},{"permission":"external_directory","pattern":"/root/.local/share/opencode/tool-output/*","action":"allow"},{"permission":"external_directory","pattern":"/home/sourcecraft-ci-runner/sourcecraft/workspace/.opencode/skills/asset-workflow/*","action":"allow"},{"permission":"external_directory","pattern":"/home/sourcecraft-ci-runner/sourcecraft/workspace/.opencode/skills/dynamodb-crud-resource/*","action":"allow"},{"permission":"external_directory","pattern":"/home/sourcecraft-ci-runner/sourcecraft/workspace/.opencode/skills/playwright-cli/*","action":"allow"},{"permission":"external_directory","pattern":"/home/sourcecraft-ci-runner/sourcecraft/workspace/.opencode/skills/shadcn/*","action":"allow"},{"permission":"external_directory","pattern":"/root/.config/sourcecraft/opencode/skills/src-cli/*","action":"allow"},{"permission":"external_directory","pattern":"/root/.config/sourcecraft/opencode/skills/pr-description/*","action":"allow"},{"permission":"external_directory","pattern":"/root/.config/sourcecraft/opencode/skills/codereview/*","action":"allow"},{"permission":"question","action":"deny","pattern":"*"},{"permission":"plan_enter","action":"deny","pattern":"*"},{"permission":"plan_exit","action":"deny","pattern":"*"},{"permission":"read","pattern":"*","action":"allow"},{"permission":"read","pattern":"*.env","action":"ask"},{"permission":"read","pattern":"*.env.*","action":"ask"},{"permission":"read","pattern":"*.env.example","action":"allow"},{"permission":"question","action":"allow","pattern":"*"},{"permission":"plan_enter","action":"allow","pattern":"*"},{"permission":"question","action":"deny","pattern":"*"},{"permission":"external_directory","pattern":"/root/.local/share/opencode/tool-output/*","action":"allow"}] evaluate
INFO  2026-07-15T02:44:08 +0ms service=permission permission=skill pattern=shadcn ruleset=[{"permission":"*","action":"allow","pattern":"*"},{"permission":"doom_loop","action":"ask","pattern":"*"},{"permission":"external_directory","pattern":"*","action":"ask"},{"permission":"external_directory","pattern":"/root/.local/share/opencode/tool-output/*","action":"allow"},{"permission":"external_directory","pattern":"/home/sourcecraft-ci-runner/sourcecraft/workspace/.opencode/skills/asset-workflow/*","action":"allow"},{"permission":"external_directory","pattern":"/home/sourcecraft-ci-runner/sourcecraft/workspace/.opencode/skills/dynamodb-crud-resource/*","action":"allow"},{"permission":"external_directory","pattern":"/home/sourcecraft-ci-runner/sourcecraft/workspace/.opencode/skills/playwright-cli/*","action":"allow"},{"permission":"external_directory","pattern":"/home/sourcecraft-ci-runner/sourcecraft/workspace/.opencode/skills/shadcn/*","action":"allow"},{"permission":"external_directory","pattern":"/root/.config/sourcecraft/opencode/skills/src-cli/*","action":"allow"},{"permission":"external_directory","pattern":"/root/.config/sourcecraft/opencode/skills/pr-description/*","action":"allow"},{"permission":"external_directory","pattern":"/root/.config/sourcecraft/opencode/skills/codereview/*","action":"allow"},{"permission":"question","action":"deny","pattern":"*"},{"permission":"plan_enter","action":"deny","pattern":"*"},{"permission":"plan_exit","action":"deny","pattern":"*"},{"permission":"read","pattern":"*","action":"allow"},{"permission":"read","pattern":"*.env","action":"ask"},{"permission":"read","pattern":"*.env.*","action":"ask"},{"permission":"read","pattern":"*.env.example","action":"allow"},{"permission":"question","action":"allow","pattern":"*"},{"permission":"plan_enter","action":"allow","pattern":"*"},{"permission":"question","action":"deny","pattern":"*"},{"permission":"external_directory","pattern":"/root/.local/share/opencode/tool-output/*","action":"allow"}] evaluate
INFO  2026-07-15T02:44:08 +0ms service=permission permission=skill pattern=src-cli ruleset=[{"permission":"*","action":"allow","pattern":"*"},{"permission":"doom_loop","action":"ask","pattern":"*"},{"permission":"external_directory","pattern":"*","action":"ask"},{"permission":"external_directory","pattern":"/root/.local/share/opencode/tool-output/*","action":"allow"},{"permission":"external_directory","pattern":"/home/sourcecraft-ci-runner/sourcecraft/workspace/.opencode/skills/asset-workflow/*","action":"allow"},{"permission":"external_directory","pattern":"/home/sourcecraft-ci-runner/sourcecraft/workspace/.opencode/skills/dynamodb-crud-resource/*","action":"allow"},{"permission":"external_directory","pattern":"/home/sourcecraft-ci-runner/sourcecraft/workspace/.opencode/skills/playwright-cli/*","action":"allow"},{"permission":"external_directory","pattern":"/home/sourcecraft-ci-runner/sourcecraft/workspace/.opencode/skills/shadcn/*","action":"allow"},{"permission":"external_directory","pattern":"/root/.config/sourcecraft/opencode/skills/src-cli/*","action":"allow"},{"permission":"external_directory","pattern":"/root/.config/sourcecraft/opencode/skills/pr-description/*","action":"allow"},{"permission":"external_directory","pattern":"/root/.config/sourcecraft/opencode/skills/codereview/*","action":"allow"},{"permission":"question","action":"deny","pattern":"*"},{"permission":"plan_enter","action":"deny","pattern":"*"},{"permission":"plan_exit","action":"deny","pattern":"*"},{"permission":"read","pattern":"*","action":"allow"},{"permission":"read","pattern":"*.env","action":"ask"},{"permission":"read","pattern":"*.env.*","action":"ask"},{"permission":"read","pattern":"*.env.example","action":"allow"},{"permission":"question","action":"allow","pattern":"*"},{"permission":"plan_enter","action":"allow","pattern":"*"},{"permission":"question","action":"deny","pattern":"*"},{"permission":"external_directory","pattern":"/root/.local/share/opencode/tool-output/*","action":"allow"}] evaluate
INFO  2026-07-15T02:44:08 +1ms service=tool.registry status=completed duration=2 skill
INFO  2026-07-15T02:44:08 +0ms service=permission permission=task pattern=explore ruleset=[{"permission":"*","action":"allow","pattern":"*"},{"permission":"doom_loop","action":"ask","pattern":"*"},{"permission":"external_directory","pattern":"*","action":"ask"},{"permission":"external_directory","pattern":"/root/.local/share/opencode/tool-output/*","action":"allow"},{"permission":"external_directory","pattern":"/home/sourcecraft-ci-runner/sourcecraft/workspace/.opencode/skills/asset-workflow/*","action":"allow"},{"permission":"external_directory","pattern":"/home/sourcecraft-ci-runner/sourcecraft/workspace/.opencode/skills/dynamodb-crud-resource/*","action":"allow"},{"permission":"external_directory","pattern":"/home/sourcecraft-ci-runner/sourcecraft/workspace/.opencode/skills/playwright-cli/*","action":"allow"},{"permission":"external_directory","pattern":"/home/sourcecraft-ci-runner/sourcecraft/workspace/.opencode/skills/shadcn/*","action":"allow"},{"permission":"external_directory","pattern":"/root/.config/sourcecraft/opencode/skills/src-cli/*","action":"allow"},{"permission":"external_directory","pattern":"/root/.config/sourcecraft/opencode/skills/pr-description/*","action":"allow"},{"permission":"external_directory","pattern":"/root/.config/sourcecraft/opencode/skills/codereview/*","action":"allow"},{"permission":"question","action":"deny","pattern":"*"},{"permission":"plan_enter","action":"deny","pattern":"*"},{"permission":"plan_exit","action":"deny","pattern":"*"},{"permission":"read","pattern":"*","action":"allow"},{"permission":"read","pattern":"*.env","action":"ask"},{"permission":"read","pattern":"*.env.*","action":"ask"},{"permission":"read","pattern":"*.env.example","action":"allow"},{"permission":"question","action":"allow","pattern":"*"},{"permission":"plan_enter","action":"allow","pattern":"*"},{"permission":"question","action":"deny","pattern":"*"},{"permission":"external_directory","pattern":"/root/.local/share/opencode/tool-output/*","action":"allow"}] evaluate
INFO  2026-07-15T02:44:08 +0ms service=permission permission=task pattern=general ruleset=[{"permission":"*","action":"allow","pattern":"*"},{"permission":"doom_loop","action":"ask","pattern":"*"},{"permission":"external_directory","pattern":"*","action":"ask"},{"permission":"external_directory","pattern":"/root/.local/share/opencode/tool-output/*","action":"allow"},{"permission":"external_directory","pattern":"/home/sourcecraft-ci-runner/sourcecraft/workspace/.opencode/skills/asset-workflow/*","action":"allow"},{"permission":"external_directory","pattern":"/home/sourcecraft-ci-runner/sourcecraft/workspace/.opencode/skills/dynamodb-crud-resource/*","action":"allow"},{"permission":"external_directory","pattern":"/home/sourcecraft-ci-runner/sourcecraft/workspace/.opencode/skills/playwright-cli/*","action":"allow"},{"permission":"external_directory","pattern":"/home/sourcecraft-ci-runner/sourcecraft/workspace/.opencode/skills/shadcn/*","action":"allow"},{"permission":"external_directory","pattern":"/root/.config/sourcecraft/opencode/skills/src-cli/*","action":"allow"},{"permission":"external_directory","pattern":"/root/.config/sourcecraft/opencode/skills/pr-description/*","action":"allow"},{"permission":"external_directory","pattern":"/root/.config/sourcecraft/opencode/skills/codereview/*","action":"allow"},{"permission":"question","action":"deny","pattern":"*"},{"permission":"plan_enter","action":"deny","pattern":"*"},{"permission":"plan_exit","action":"deny","pattern":"*"},{"permission":"read","pattern":"*","action":"allow"},{"permission":"read","pattern":"*.env","action":"ask"},{"permission":"read","pattern":"*.env.*","action":"ask"},{"permission":"read","pattern":"*.env.example","action":"allow"},{"permission":"question","action":"allow","pattern":"*"},{"permission":"plan_enter","action":"allow","pattern":"*"},{"permission":"question","action":"deny","pattern":"*"},{"permission":"external_directory","pattern":"/root/.local/share/opencode/tool-output/*","action":"allow"}] evaluate
INFO  2026-07-15T02:44:08 +0ms service=tool.registry status=completed duration=4 task
INFO  2026-07-15T02:44:08 +4ms service=session.prompt status=completed duration=10 resolveTools
INFO  2026-07-15T02:44:08 +1ms service=permission permission=skill pattern=asset-workflow ruleset=[{"permission":"*","action":"allow","pattern":"*"},{"permission":"doom_loop","action":"ask","pattern":"*"},{"permission":"external_directory","pattern":"*","action":"ask"},{"permission":"external_directory","pattern":"/root/.local/share/opencode/tool-output/*","action":"allow"},{"permission":"external_directory","pattern":"/home/sourcecraft-ci-runner/sourcecraft/workspace/.opencode/skills/asset-workflow/*","action":"allow"},{"permission":"external_directory","pattern":"/home/sourcecraft-ci-runner/sourcecraft/workspace/.opencode/skills/dynamodb-crud-resource/*","action":"allow"},{"permission":"external_directory","pattern":"/home/sourcecraft-ci-runner/sourcecraft/workspace/.opencode/skills/playwright-cli/*","action":"allow"},{"permission":"external_directory","pattern":"/home/sourcecraft-ci-runner/sourcecraft/workspace/.opencode/skills/shadcn/*","action":"allow"},{"permission":"external_directory","pattern":"/root/.config/sourcecraft/opencode/skills/src-cli/*","action":"allow"},{"permission":"external_directory","pattern":"/root/.config/sourcecraft/opencode/skills/pr-description/*","action":"allow"},{"permission":"external_directory","pattern":"/root/.config/sourcecraft/opencode/skills/codereview/*","action":"allow"},{"permission":"question","action":"deny","pattern":"*"},{"permission":"plan_enter","action":"deny","pattern":"*"},{"permission":"plan_exit","action":"deny","pattern":"*"},{"permission":"read","pattern":"*","action":"allow"},{"permission":"read","pattern":"*.env","action":"ask"},{"permission":"read","pattern":"*.env.*","action":"ask"},{"permission":"read","pattern":"*.env.example","action":"allow"},{"permission":"question","action":"allow","pattern":"*"},{"permission":"plan_enter","action":"allow","pattern":"*"},{"permission":"question","action":"deny","pattern":"*"},{"permission":"external_directory","pattern":"/root/.local/share/opencode/tool-output/*","action":"allow"}] evaluate
INFO  2026-07-15T02:44:08 +0ms service=permission permission=skill pattern=codereview ruleset=[{"permission":"*","action":"allow","pattern":"*"},{"permission":"doom_loop","action":"ask","pattern":"*"},{"permission":"external_directory","pattern":"*","action":"ask"},{"permission":"external_directory","pattern":"/root/.local/share/opencode/tool-output/*","action":"allow"},{"permission":"external_directory","pattern":"/home/sourcecraft-ci-runner/sourcecraft/workspace/.opencode/skills/asset-workflow/*","action":"allow"},{"permission":"external_directory","pattern":"/home/sourcecraft-ci-runner/sourcecraft/workspace/.opencode/skills/dynamodb-crud-resource/*","action":"allow"},{"permission":"external_directory","pattern":"/home/sourcecraft-ci-runner/sourcecraft/workspace/.opencode/skills/playwright-cli/*","action":"allow"},{"permission":"external_directory","pattern":"/home/sourcecraft-ci-runner/sourcecraft/workspace/.opencode/skills/shadcn/*","action":"allow"},{"permission":"external_directory","pattern":"/root/.config/sourcecraft/opencode/skills/src-cli/*","action":"allow"},{"permission":"external_directory","pattern":"/root/.config/sourcecraft/opencode/skills/pr-description/*","action":"allow"},{"permission":"external_directory","pattern":"/root/.config/sourcecraft/opencode/skills/codereview/*","action":"allow"},{"permission":"question","action":"deny","pattern":"*"},{"permission":"plan_enter","action":"deny","pattern":"*"},{"permission":"plan_exit","action":"deny","pattern":"*"},{"permission":"read","pattern":"*","action":"allow"},{"permission":"read","pattern":"*.env","action":"ask"},{"permission":"read","pattern":"*.env.*","action":"ask"},{"permission":"read","pattern":"*.env.example","action":"allow"},{"permission":"question","action":"allow","pattern":"*"},{"permission":"plan_enter","action":"allow","pattern":"*"},{"permission":"question","action":"deny","pattern":"*"},{"permission":"external_directory","pattern":"/root/.local/share/opencode/tool-output/*","action":"allow"}] evaluate
INFO  2026-07-15T02:44:08 +0ms service=permission permission=skill pattern=dynamodb-crud-resource ruleset=[{"permission":"*","action":"allow","pattern":"*"},{"permission":"doom_loop","action":"ask","pattern":"*"},{"permission":"external_directory","pattern":"*","action":"ask"},{"permission":"external_directory","pattern":"/root/.local/share/opencode/tool-output/*","action":"allow"},{"permission":"external_directory","pattern":"/home/sourcecraft-ci-runner/sourcecraft/workspace/.opencode/skills/asset-workflow/*","action":"allow"},{"permission":"external_directory","pattern":"/home/sourcecraft-ci-runner/sourcecraft/workspace/.opencode/skills/dynamodb-crud-resource/*","action":"allow"},{"permission":"external_directory","pattern":"/home/sourcecraft-ci-runner/sourcecraft/workspace/.opencode/skills/playwright-cli/*","action":"allow"},{"permission":"external_directory","pattern":"/home/sourcecraft-ci-runner/sourcecraft/workspace/.opencode/skills/shadcn/*","action":"allow"},{"permission":"external_directory","pattern":"/root/.config/sourcecraft/opencode/skills/src-cli/*","action":"allow"},{"permission":"external_directory","pattern":"/root/.config/sourcecraft/opencode/skills/pr-description/*","action":"allow"},{"permission":"external_directory","pattern":"/root/.config/sourcecraft/opencode/skills/codereview/*","action":"allow"},{"permission":"question","action":"deny","pattern":"*"},{"permission":"plan_enter","action":"deny","pattern":"*"},{"permission":"plan_exit","action":"deny","pattern":"*"},{"permission":"read","pattern":"*","action":"allow"},{"permission":"read","pattern":"*.env","action":"ask"},{"permission":"read","pattern":"*.env.*","action":"ask"},{"permission":"read","pattern":"*.env.example","action":"allow"},{"permission":"question","action":"allow","pattern":"*"},{"permission":"plan_enter","action":"allow","pattern":"*"},{"permission":"question","action":"deny","pattern":"*"},{"permission":"external_directory","pattern":"/root/.local/share/opencode/tool-output/*","action":"allow"}] evaluate
INFO  2026-07-15T02:44:08 +0ms service=permission permission=skill pattern=playwright-cli ruleset=[{"permission":"*","action":"allow","pattern":"*"},{"permission":"doom_loop","action":"ask","pattern":"*"},{"permission":"external_directory","pattern":"*","action":"ask"},{"permission":"external_directory","pattern":"/root/.local/share/opencode/tool-output/*","action":"allow"},{"permission":"external_directory","pattern":"/home/sourcecraft-ci-runner/sourcecraft/workspace/.opencode/skills/asset-workflow/*","action":"allow"},{"permission":"external_directory","pattern":"/home/sourcecraft-ci-runner/sourcecraft/workspace/.opencode/skills/dynamodb-crud-resource/*","action":"allow"},{"permission":"external_directory","pattern":"/home/sourcecraft-ci-runner/sourcecraft/workspace/.opencode/skills/playwright-cli/*","action":"allow"},{"permission":"external_directory","pattern":"/home/sourcecraft-ci-runner/sourcecraft/workspace/.opencode/skills/shadcn/*","action":"allow"},{"permission":"external_directory","pattern":"/root/.config/sourcecraft/opencode/skills/src-cli/*","action":"allow"},{"permission":"external_directory","pattern":"/root/.config/sourcecraft/opencode/skills/pr-description/*","action":"allow"},{"permission":"external_directory","pattern":"/root/.config/sourcecraft/opencode/skills/codereview/*","action":"allow"},{"permission":"question","action":"deny","pattern":"*"},{"permission":"plan_enter","action":"deny","pattern":"*"},{"permission":"plan_exit","action":"deny","pattern":"*"},{"permission":"read","pattern":"*","action":"allow"},{"permission":"read","pattern":"*.env","action":"ask"},{"permission":"read","pattern":"*.env.*","action":"ask"},{"permission":"read","pattern":"*.env.example","action":"allow"},{"permission":"question","action":"allow","pattern":"*"},{"permission":"plan_enter","action":"allow","pattern":"*"},{"permission":"question","action":"deny","pattern":"*"},{"permission":"external_directory","pattern":"/root/.local/share/opencode/tool-output/*","action":"allow"}] evaluate
INFO  2026-07-15T02:44:08 +0ms service=permission permission=skill pattern=pr-description ruleset=[{"permission":"*","action":"allow","pattern":"*"},{"permission":"doom_loop","action":"ask","pattern":"*"},{"permission":"external_directory","pattern":"*","action":"ask"},{"permission":"external_directory","pattern":"/root/.local/share/opencode/tool-output/*","action":"allow"},{"permission":"external_directory","pattern":"/home/sourcecraft-ci-runner/sourcecraft/workspace/.opencode/skills/asset-workflow/*","action":"allow"},{"permission":"external_directory","pattern":"/home/sourcecraft-ci-runner/sourcecraft/workspace/.opencode/skills/dynamodb-crud-resource/*","action":"allow"},{"permission":"external_directory","pattern":"/home/sourcecraft-ci-runner/sourcecraft/workspace/.opencode/skills/playwright-cli/*","action":"allow"},{"permission":"external_directory","pattern":"/home/sourcecraft-ci-runner/sourcecraft/workspace/.opencode/skills/shadcn/*","action":"allow"},{"permission":"external_directory","pattern":"/root/.config/sourcecraft/opencode/skills/src-cli/*","action":"allow"},{"permission":"external_directory","pattern":"/root/.config/sourcecraft/opencode/skills/pr-description/*","action":"allow"},{"permission":"external_directory","pattern":"/root/.config/sourcecraft/opencode/skills/codereview/*","action":"allow"},{"permission":"question","action":"deny","pattern":"*"},{"permission":"plan_enter","action":"deny","pattern":"*"},{"permission":"plan_exit","action":"deny","pattern":"*"},{"permission":"read","pattern":"*","action":"allow"},{"permission":"read","pattern":"*.env","action":"ask"},{"permission":"read","pattern":"*.env.*","action":"ask"},{"permission":"read","pattern":"*.env.example","action":"allow"},{"permission":"question","action":"allow","pattern":"*"},{"permission":"plan_enter","action":"allow","pattern":"*"},{"permission":"question","action":"deny","pattern":"*"},{"permission":"external_directory","pattern":"/root/.local/share/opencode/tool-output/*","action":"allow"}] evaluate
INFO  2026-07-15T02:44:08 +0ms service=permission permission=skill pattern=shadcn ruleset=[{"permission":"*","action":"allow","pattern":"*"},{"permission":"doom_loop","action":"ask","pattern":"*"},{"permission":"external_directory","pattern":"*","action":"ask"},{"permission":"external_directory","pattern":"/root/.local/share/opencode/tool-output/*","action":"allow"},{"permission":"external_directory","pattern":"/home/sourcecraft-ci-runner/sourcecraft/workspace/.opencode/skills/asset-workflow/*","action":"allow"},{"permission":"external_directory","pattern":"/home/sourcecraft-ci-runner/sourcecraft/workspace/.opencode/skills/dynamodb-crud-resource/*","action":"allow"},{"permission":"external_directory","pattern":"/home/sourcecraft-ci-runner/sourcecraft/workspace/.opencode/skills/playwright-cli/*","action":"allow"},{"permission":"external_directory","pattern":"/home/sourcecraft-ci-runner/sourcecraft/workspace/.opencode/skills/shadcn/*","action":"allow"},{"permission":"external_directory","pattern":"/root/.config/sourcecraft/opencode/skills/src-cli/*","action":"allow"},{"permission":"external_directory","pattern":"/root/.config/sourcecraft/opencode/skills/pr-description/*","action":"allow"},{"permission":"external_directory","pattern":"/root/.config/sourcecraft/opencode/skills/codereview/*","action":"allow"},{"permission":"question","action":"deny","pattern":"*"},{"permission":"plan_enter","action":"deny","pattern":"*"},{"permission":"plan_exit","action":"deny","pattern":"*"},{"permission":"read","pattern":"*","action":"allow"},{"permission":"read","pattern":"*.env","action":"ask"},{"permission":"read","pattern":"*.env.*","action":"ask"},{"permission":"read","pattern":"*.env.example","action":"allow"},{"permission":"question","action":"allow","pattern":"*"},{"permission":"plan_enter","action":"allow","pattern":"*"},{"permission":"question","action":"deny","pattern":"*"},{"permission":"external_directory","pattern":"/root/.local/share/opencode/tool-output/*","action":"allow"}] evaluate
INFO  2026-07-15T02:44:08 +0ms service=permission permission=skill pattern=src-cli ruleset=[{"permission":"*","action":"allow","pattern":"*"},{"permission":"doom_loop","action":"ask","pattern":"*"},{"permission":"external_directory","pattern":"*","action":"ask"},{"permission":"external_directory","pattern":"/root/.local/share/opencode/tool-output/*","action":"allow"},{"permission":"external_directory","pattern":"/home/sourcecraft-ci-runner/sourcecraft/workspace/.opencode/skills/asset-workflow/*","action":"allow"},{"permission":"external_directory","pattern":"/home/sourcecraft-ci-runner/sourcecraft/workspace/.opencode/skills/dynamodb-crud-resource/*","action":"allow"},{"permission":"external_directory","pattern":"/home/sourcecraft-ci-runner/sourcecraft/workspace/.opencode/skills/playwright-cli/*","action":"allow"},{"permission":"external_directory","pattern":"/home/sourcecraft-ci-runner/sourcecraft/workspace/.opencode/skills/shadcn/*","action":"allow"},{"permission":"external_directory","pattern":"/root/.config/sourcecraft/opencode/skills/src-cli/*","action":"allow"},{"permission":"external_directory","pattern":"/root/.config/sourcecraft/opencode/skills/pr-description/*","action":"allow"},{"permission":"external_directory","pattern":"/root/.config/sourcecraft/opencode/skills/codereview/*","action":"allow"},{"permission":"question","action":"deny","pattern":"*"},{"permission":"plan_enter","action":"deny","pattern":"*"},{"permission":"plan_exit","action":"deny","pattern":"*"},{"permission":"read","pattern":"*","action":"allow"},{"permission":"read","pattern":"*.env","action":"ask"},{"permission":"read","pattern":"*.env.*","action":"ask"},{"permission":"read","pattern":"*.env.example","action":"allow"},{"permission":"question","action":"allow","pattern":"*"},{"permission":"plan_enter","action":"allow","pattern":"*"},{"permission":"question","action":"deny","pattern":"*"},{"permission":"external_directory","pattern":"/root/.local/share/opencode/tool-output/*","action":"allow"}] evaluate
INFO  2026-07-15T02:44:08 +11ms service=session.processor process
INFO  2026-07-15T02:44:08 +1ms service=llm providerID=sourcecraft modelID=default sessionID=ses_09c5880aeffe7gUJBWRjvSwHuh small=false agent=build mode=primary stream
INFO  2026-07-15T02:44:08 +4ms service=bus type=context.usage.updated publishing
INFO  2026-07-15T02:44:08 +7ms service=bus type=session.status publishing
INFO  2026-07-15T02:44:09 +934ms service=bus type=message.part.updated publishing
INFO  2026-07-15T02:44:09 +3ms service=bus type=message.part.updated publishing
INFO  2026-07-15T02:44:09 +1ms service=bus type=message.part.delta publishing
INFO  2026-07-15T02:44:09 +13ms service=bus type=message.part.delta publishing
INFO  2026-07-15T02:44:09 +3ms service=bus type=message.part.delta publishing
INFO  2026-07-15T02:44:09 +10ms service=bus type=message.part.delta publishing
INFO  2026-07-15T02:44:09 +32ms service=bus type=message.part.delta publishing
INFO  2026-07-15T02:44:09 +5ms service=bus type=message.part.delta publishing
INFO  2026-07-15T02:44:09 +1ms service=bus type=message.part.delta publishing
INFO  2026-07-15T02:44:09 +33ms service=bus type=message.part.delta publishing
INFO  2026-07-15T02:44:09 +6ms service=bus type=message.part.delta publishing
INFO  2026-07-15T02:44:09 +2ms service=bus type=message.part.delta publishing
INFO  2026-07-15T02:44:09 +1ms service=bus type=message.part.delta publishing
INFO  2026-07-15T02:44:09 +28ms service=bus type=message.part.delta publishing
INFO  2026-07-15T02:44:09 +1ms service=bus type=message.part.delta publishing
INFO  2026-07-15T02:44:09 +2ms service=bus type=message.part.delta publishing
INFO  2026-07-15T02:44:09 +48ms service=bus type=message.part.delta publishing
INFO  2026-07-15T02:44:09 +2ms service=bus type=message.part.delta publishing
INFO  2026-07-15T02:44:09 +4ms service=bus type=message.part.delta publishing
INFO  2026-07-15T02:44:09 +21ms service=bus type=message.part.delta publishing
INFO  2026-07-15T02:44:09 +7ms service=bus type=message.part.delta publishing
INFO  2026-07-15T02:44:09 +2ms service=bus type=message.part.delta publishing
INFO  2026-07-15T02:44:09 +1ms service=bus type=message.part.delta publishing
INFO  2026-07-15T02:44:09 +1ms service=bus type=message.part.delta publishing
INFO  2026-07-15T02:44:09 +60ms service=bus type=message.part.delta publishing
INFO  2026-07-15T02:44:09 +1ms service=bus type=message.part.delta publishing
INFO  2026-07-15T02:44:09 +0ms service=bus type=message.part.delta publishing
INFO  2026-07-15T02:44:09 +5ms service=bus type=message.part.delta publishing
INFO  2026-07-15T02:44:09 +1ms service=bus type=message.part.delta publishing
INFO  2026-07-15T02:44:09 +13ms service=bus type=message.part.delta publishing
INFO  2026-07-15T02:44:09 +1ms service=bus type=message.part.delta publishing
INFO  2026-07-15T02:44:09 +19ms service=bus type=message.part.delta publishing
INFO  2026-07-15T02:44:09 +4ms service=bus type=message.part.delta publishing
INFO  2026-07-15T02:44:09 +21ms service=bus type=message.part.delta publishing
INFO  2026-07-15T02:44:09 +2ms service=bus type=message.part.delta publishing
INFO  2026-07-15T02:44:09 +33ms service=bus type=message.part.delta publishing
INFO  2026-07-15T02:44:09 +1ms service=bus type=message.part.delta publishing
INFO  2026-07-15T02:44:09 +1ms service=bus type=message.part.delta publishing
INFO  2026-07-15T02:44:09 +15ms service=bus type=message.part.delta publishing
INFO  2026-07-15T02:44:09 +3ms service=bus type=message.part.delta publishing
INFO  2026-07-15T02:44:09 +17ms service=bus type=message.part.delta publishing
INFO  2026-07-15T02:44:09 +1ms service=bus type=message.part.delta publishing
INFO  2026-07-15T02:44:09 +21ms service=bus type=message.part.delta publishing
INFO  2026-07-15T02:44:09 +0ms service=bus type=message.part.delta publishing
INFO  2026-07-15T02:44:09 +35ms service=bus type=message.part.delta publishing
INFO  2026-07-15T02:44:09 +0ms service=bus type=message.part.delta publishing
INFO  2026-07-15T02:44:09 +1ms service=bus type=message.part.delta publishing
INFO  2026-07-15T02:44:09 +11ms service=bus type=message.part.delta publishing
INFO  2026-07-15T02:44:09 +15ms service=bus type=message.part.delta publishing
INFO  2026-07-15T02:44:10 +35ms service=bus type=message.part.delta publishing
INFO  2026-07-15T02:44:10 +9ms service=bus type=message.part.updated publishing
INFO  2026-07-15T02:44:10 +2ms service=bus type=message.part.updated publishing
INFO  2026-07-15T02:44:10 +0ms service=bus type=message.part.delta publishing
INFO  2026-07-15T02:44:10 +1ms service=bus type=message.part.delta publishing
INFO  2026-07-15T02:44:10 +1ms service=bus type=message.part.delta publishing
INFO  2026-07-15T02:44:10 +14ms service=bus type=message.part.delta publishing
INFO  2026-07-15T02:44:10 +26ms service=bus type=message.part.delta publishing
INFO  2026-07-15T02:44:10 +1ms service=bus type=message.part.delta publishing
INFO  2026-07-15T02:44:10 +18ms service=bus type=message.part.delta publishing
INFO  2026-07-15T02:44:10 +1ms service=bus type=message.part.delta publishing
INFO  2026-07-15T02:44:10 +12ms service=bus type=message.part.delta publishing
INFO  2026-07-15T02:44:10 +4ms service=bus type=message.part.delta publishing
INFO  2026-07-15T02:44:10 +18ms service=bus type=message.part.delta publishing
INFO  2026-07-15T02:44:10 +17ms service=bus type=message.part.delta publishing
INFO  2026-07-15T02:44:10 +1ms service=bus type=message.part.delta publishing
INFO  2026-07-15T02:44:10 +20ms service=bus type=message.part.delta publishing
INFO  2026-07-15T02:44:12 +1855ms service=bus type=message.part.updated publishing
INFO  2026-07-15T02:44:12 +8ms service=bus type=message.part.updated publishing
INFO  2026-07-15T02:44:12 +6ms service=permission permission=edit pattern=.vibecraft/docs/backlog.yaml ruleset=[{"permission":"*","action":"allow","pattern":"*"},{"permission":"doom_loop","action":"ask","pattern":"*"},{"permission":"external_directory","pattern":"*","action":"ask"},{"permission":"external_directory","pattern":"/root/.local/share/opencode/tool-output/*","action":"allow"},{"permission":"external_directory","pattern":"/home/sourcecraft-ci-runner/sourcecraft/workspace/.opencode/skills/asset-workflow/*","action":"allow"},{"permission":"external_directory","pattern":"/home/sourcecraft-ci-runner/sourcecraft/workspace/.opencode/skills/dynamodb-crud-resource/*","action":"allow"},{"permission":"external_directory","pattern":"/home/sourcecraft-ci-runner/sourcecraft/workspace/.opencode/skills/playwright-cli/*","action":"allow"},{"permission":"external_directory","pattern":"/home/sourcecraft-ci-runner/sourcecraft/workspace/.opencode/skills/shadcn/*","action":"allow"},{"permission":"external_directory","pattern":"/root/.config/sourcecraft/opencode/skills/src-cli/*","action":"allow"},{"permission":"external_directory","pattern":"/root/.config/sourcecraft/opencode/skills/pr-description/*","action":"allow"},{"permission":"external_directory","pattern":"/root/.config/sourcecraft/opencode/skills/codereview/*","action":"allow"},{"permission":"question","action":"deny","pattern":"*"},{"permission":"plan_enter","action":"deny","pattern":"*"},{"permission":"plan_exit","action":"deny","pattern":"*"},{"permission":"read","pattern":"*","action":"allow"},{"permission":"read","pattern":"*.env","action":"ask"},{"permission":"read","pattern":"*.env.*","action":"ask"},{"permission":"read","pattern":"*.env.example","action":"allow"},{"permission":"question","action":"allow","pattern":"*"},{"permission":"plan_enter","action":"allow","pattern":"*"},{"permission":"question","action":"deny","pattern":"*"},{"permission":"external_directory","pattern":"/root/.local/share/opencode/tool-output/*","action":"allow"}] evaluate
INFO  2026-07-15T02:44:12 +0ms service=permission permission=edit pattern=.vibecraft/docs/backlog.yaml action={"permission":"*","action":"allow","pattern":"*"} evaluated
INFO  2026-07-15T02:44:12 +0ms service=format file=/home/sourcecraft-ci-runner/sourcecraft/workspace/.vibecraft/docs/backlog.yaml formatting
INFO  2026-07-15T02:44:12 +1ms service=format name=prettier ext=.yaml checking
INFO  2026-07-15T02:44:12 +0ms service=format name=biome ext=.yaml checking
INFO  2026-07-15T02:44:12 +0ms service=format name=prettier ext=.yaml enabled
INFO  2026-07-15T02:44:12 +0ms service=format command=["/root/.cache/opencode/packages/prettier/node_modules/.bin/prettier","--write","$FILE"] running
INFO  2026-07-15T02:44:12 +86ms service=bus type=message.part.updated publishing
INFO  2026-07-15T02:44:12 +310ms service=bus type=file.edited publishing
INFO  2026-07-15T02:44:12 +0ms service=bus type=file.watcher.updated publishing
INFO  2026-07-15T02:44:12 +17ms service=file.time sessionID=ses_09c5880aeffe7gUJBWRjvSwHuh file=/home/sourcecraft-ci-runner/sourcecraft/workspace/.vibecraft/docs/backlog.yaml read
INFO  2026-07-15T02:44:12 +17ms service=bus type=message.part.updated publishing
INFO  2026-07-15T02:44:12 +0ms service=lsp file=/home/sourcecraft-ci-runner/sourcecraft/workspace/.vibecraft/docs/backlog.yaml touching file
INFO  2026-07-15T02:44:12 +3ms service=lsp.client serverID=eslint path=/home/sourcecraft-ci-runner/sourcecraft/workspace/.vibecraft/docs/backlog.yaml waiting for diagnostics
INFO  2026-07-15T02:44:12 +0ms service=bus type=lsp.client.diagnostics subscribing
INFO  2026-07-15T02:44:12 +12ms service=lsp.client serverID=eslint path=/home/sourcecraft-ci-runner/sourcecraft/workspace/.vibecraft/docs/backlog.yaml workspace/didChangeWatchedFiles
INFO  2026-07-15T02:44:12 +1ms service=lsp.client serverID=eslint path=/home/sourcecraft-ci-runner/sourcecraft/workspace/.vibecraft/docs/backlog.yaml version=1 textDocument/didChange
INFO  2026-07-15T02:44:12 +233ms service=lsp.client serverID=eslint path=/home/sourcecraft-ci-runner/sourcecraft/workspace/.vibecraft/docs/backlog.yaml count=0 textDocument/publishDiagnostics
INFO  2026-07-15T02:44:12 +0ms service=bus type=lsp.client.diagnostics publishing
INFO  2026-07-15T02:44:12 +151ms service=lsp.client serverID=eslint path=/home/sourcecraft-ci-runner/sourcecraft/workspace/.vibecraft/docs/backlog.yaml got diagnostics
INFO  2026-07-15T02:44:12 +0ms service=bus type=lsp.client.diagnostics unsubscribing
INFO  2026-07-15T02:44:12 +1ms service=bus type=lsp.client.diagnostics unsubscribing
INFO  2026-07-15T02:44:12 +15ms service=bus type=message.part.updated publishing
INFO  2026-07-15T02:44:12 +82ms service=snapshot hash=d728321012ccdac13e8499bd6e2ec39829fb852a cwd=/home/sourcecraft-ci-runner/sourcecraft/workspace git=/root/.local/share/opencode/snapshot/d5f82bf4c15299500c398fd016ff6068cdd7781b/e180c03326a9b59cd97a62a55fc9e715cbda7426 tracking
INFO  2026-07-15T02:44:12 +2ms service=bus type=message.part.updated publishing
INFO  2026-07-15T02:44:12 +1ms service=bus type=message.updated publishing
INFO  2026-07-15T02:44:13 +35ms service=bus type=message.part.updated publishing
INFO  2026-07-15T02:44:13 +5ms service=bus type=message.updated publishing
INFO  2026-07-15T02:44:13 +1ms service=bus type=session.status publishing
INFO  2026-07-15T02:44:13 +0ms service=session.prompt step=7 sessionID=ses_09c5880aeffe7gUJBWRjvSwHuh loop
INFO  2026-07-15T02:44:13 +4ms service=bus type=message.updated publishing
INFO  2026-07-15T02:44:13 +56ms service=bus type=session.updated publishing
INFO  2026-07-15T02:44:13 +2ms service=bus type=session.diff publishing
INFO  2026-07-15T02:44:13 +31ms service=bus type=message.updated publishing
INFO  2026-07-15T02:44:13 +28ms service=snapshot hash=d728321012ccdac13e8499bd6e2ec39829fb852a cwd=/home/sourcecraft-ci-runner/sourcecraft/workspace git=/root/.local/share/opencode/snapshot/d5f82bf4c15299500c398fd016ff6068cdd7781b/e180c03326a9b59cd97a62a55fc9e715cbda7426 tracking
INFO  2026-07-15T02:44:13 +1ms service=session.prompt status=started resolveTools
INFO  2026-07-15T02:44:13 +0ms service=tool.registry status=started invalid
INFO  2026-07-15T02:44:13 +0ms service=tool.registry status=completed duration=0 invalid
INFO  2026-07-15T02:44:13 +0ms service=tool.registry status=started question
INFO  2026-07-15T02:44:13 +0ms service=tool.registry status=completed duration=0 question
INFO  2026-07-15T02:44:13 +0ms service=tool.registry status=started bash
INFO  2026-07-15T02:44:13 +0ms service=tool.registry status=completed duration=0 bash
INFO  2026-07-15T02:44:13 +0ms service=tool.registry status=started read
INFO  2026-07-15T02:44:13 +0ms service=tool.registry status=completed duration=0 read
INFO  2026-07-15T02:44:13 +0ms service=tool.registry status=started glob
INFO  2026-07-15T02:44:13 +0ms service=tool.registry status=completed duration=0 glob
INFO  2026-07-15T02:44:13 +0ms service=tool.registry status=started grep
INFO  2026-07-15T02:44:13 +0ms service=tool.registry status=completed duration=0 grep
INFO  2026-07-15T02:44:13 +0ms service=tool.registry status=started edit
INFO  2026-07-15T02:44:13 +0ms service=tool.registry status=completed duration=0 edit
INFO  2026-07-15T02:44:13 +0ms service=tool.registry status=started write
INFO  2026-07-15T02:44:13 +0ms service=tool.registry status=completed duration=0 write
INFO  2026-07-15T02:44:13 +0ms service=tool.registry status=started task
INFO  2026-07-15T02:44:13 +1ms service=tool.registry status=started webfetch
INFO  2026-07-15T02:44:13 +0ms service=tool.registry status=completed duration=0 webfetch
INFO  2026-07-15T02:44:13 +0ms service=tool.registry status=started todowrite
INFO  2026-07-15T02:44:13 +0ms service=tool.registry status=completed duration=0 todowrite
INFO  2026-07-15T02:44:13 +0ms service=tool.registry status=started skill
INFO  2026-07-15T02:44:13 +0ms service=permission permission=skill pattern=asset-workflow ruleset=[{"permission":"*","action":"allow","pattern":"*"},{"permission":"doom_loop","action":"ask","pattern":"*"},{"permission":"external_directory","pattern":"*","action":"ask"},{"permission":"external_directory","pattern":"/root/.local/share/opencode/tool-output/*","action":"allow"},{"permission":"external_directory","pattern":"/home/sourcecraft-ci-runner/sourcecraft/workspace/.opencode/skills/asset-workflow/*","action":"allow"},{"permission":"external_directory","pattern":"/home/sourcecraft-ci-runner/sourcecraft/workspace/.opencode/skills/dynamodb-crud-resource/*","action":"allow"},{"permission":"external_directory","pattern":"/home/sourcecraft-ci-runner/sourcecraft/workspace/.opencode/skills/playwright-cli/*","action":"allow"},{"permission":"external_directory","pattern":"/home/sourcecraft-ci-runner/sourcecraft/workspace/.opencode/skills/shadcn/*","action":"allow"},{"permission":"external_directory","pattern":"/root/.config/sourcecraft/opencode/skills/src-cli/*","action":"allow"},{"permission":"external_directory","pattern":"/root/.config/sourcecraft/opencode/skills/pr-description/*","action":"allow"},{"permission":"external_directory","pattern":"/root/.config/sourcecraft/opencode/skills/codereview/*","action":"allow"},{"permission":"question","action":"deny","pattern":"*"},{"permission":"plan_enter","action":"deny","pattern":"*"},{"permission":"plan_exit","action":"deny","pattern":"*"},{"permission":"read","pattern":"*","action":"allow"},{"permission":"read","pattern":"*.env","action":"ask"},{"permission":"read","pattern":"*.env.*","action":"ask"},{"permission":"read","pattern":"*.env.example","action":"allow"},{"permission":"question","action":"allow","pattern":"*"},{"permission":"plan_enter","action":"allow","pattern":"*"},{"permission":"question","action":"deny","pattern":"*"},{"permission":"external_directory","pattern":"/root/.local/share/opencode/tool-output/*","action":"allow"}] evaluate
INFO  2026-07-15T02:44:13 +0ms service=permission permission=skill pattern=codereview ruleset=[{"permission":"*","action":"allow","pattern":"*"},{"permission":"doom_loop","action":"ask","pattern":"*"},{"permission":"external_directory","pattern":"*","action":"ask"},{"permission":"external_directory","pattern":"/root/.local/share/opencode/tool-output/*","action":"allow"},{"permission":"external_directory","pattern":"/home/sourcecraft-ci-runner/sourcecraft/workspace/.opencode/skills/asset-workflow/*","action":"allow"},{"permission":"external_directory","pattern":"/home/sourcecraft-ci-runner/sourcecraft/workspace/.opencode/skills/dynamodb-crud-resource/*","action":"allow"},{"permission":"external_directory","pattern":"/home/sourcecraft-ci-runner/sourcecraft/workspace/.opencode/skills/playwright-cli/*","action":"allow"},{"permission":"external_directory","pattern":"/home/sourcecraft-ci-runner/sourcecraft/workspace/.opencode/skills/shadcn/*","action":"allow"},{"permission":"external_directory","pattern":"/root/.config/sourcecraft/opencode/skills/src-cli/*","action":"allow"},{"permission":"external_directory","pattern":"/root/.config/sourcecraft/opencode/skills/pr-description/*","action":"allow"},{"permission":"external_directory","pattern":"/root/.config/sourcecraft/opencode/skills/codereview/*","action":"allow"},{"permission":"question","action":"deny","pattern":"*"},{"permission":"plan_enter","action":"deny","pattern":"*"},{"permission":"plan_exit","action":"deny","pattern":"*"},{"permission":"read","pattern":"*","action":"allow"},{"permission":"read","pattern":"*.env","action":"ask"},{"permission":"read","pattern":"*.env.*","action":"ask"},{"permission":"read","pattern":"*.env.example","action":"allow"},{"permission":"question","action":"allow","pattern":"*"},{"permission":"plan_enter","action":"allow","pattern":"*"},{"permission":"question","action":"deny","pattern":"*"},{"permission":"external_directory","pattern":"/root/.local/share/opencode/tool-output/*","action":"allow"}] evaluate
INFO  2026-07-15T02:44:13 +0ms service=permission permission=skill pattern=dynamodb-crud-resource ruleset=[{"permission":"*","action":"allow","pattern":"*"},{"permission":"doom_loop","action":"ask","pattern":"*"},{"permission":"external_directory","pattern":"*","action":"ask"},{"permission":"external_directory","pattern":"/root/.local/share/opencode/tool-output/*","action":"allow"},{"permission":"external_directory","pattern":"/home/sourcecraft-ci-runner/sourcecraft/workspace/.opencode/skills/asset-workflow/*","action":"allow"},{"permission":"external_directory","pattern":"/home/sourcecraft-ci-runner/sourcecraft/workspace/.opencode/skills/dynamodb-crud-resource/*","action":"allow"},{"permission":"external_directory","pattern":"/home/sourcecraft-ci-runner/sourcecraft/workspace/.opencode/skills/playwright-cli/*","action":"allow"},{"permission":"external_directory","pattern":"/home/sourcecraft-ci-runner/sourcecraft/workspace/.opencode/skills/shadcn/*","action":"allow"},{"permission":"external_directory","pattern":"/root/.config/sourcecraft/opencode/skills/src-cli/*","action":"allow"},{"permission":"external_directory","pattern":"/root/.config/sourcecraft/opencode/skills/pr-description/*","action":"allow"},{"permission":"external_directory","pattern":"/root/.config/sourcecraft/opencode/skills/codereview/*","action":"allow"},{"permission":"question","action":"deny","pattern":"*"},{"permission":"plan_enter","action":"deny","pattern":"*"},{"permission":"plan_exit","action":"deny","pattern":"*"},{"permission":"read","pattern":"*","action":"allow"},{"permission":"read","pattern":"*.env","action":"ask"},{"permission":"read","pattern":"*.env.*","action":"ask"},{"permission":"read","pattern":"*.env.example","action":"allow"},{"permission":"question","action":"allow","pattern":"*"},{"permission":"plan_enter","action":"allow","pattern":"*"},{"permission":"question","action":"deny","pattern":"*"},{"permission":"external_directory","pattern":"/root/.local/share/opencode/tool-output/*","action":"allow"}] evaluate
INFO  2026-07-15T02:44:13 +0ms service=permission permission=skill pattern=playwright-cli ruleset=[{"permission":"*","action":"allow","pattern":"*"},{"permission":"doom_loop","action":"ask","pattern":"*"},{"permission":"external_directory","pattern":"*","action":"ask"},{"permission":"external_directory","pattern":"/root/.local/share/opencode/tool-output/*","action":"allow"},{"permission":"external_directory","pattern":"/home/sourcecraft-ci-runner/sourcecraft/workspace/.opencode/skills/asset-workflow/*","action":"allow"},{"permission":"external_directory","pattern":"/home/sourcecraft-ci-runner/sourcecraft/workspace/.opencode/skills/dynamodb-crud-resource/*","action":"allow"},{"permission":"external_directory","pattern":"/home/sourcecraft-ci-runner/sourcecraft/workspace/.opencode/skills/playwright-cli/*","action":"allow"},{"permission":"external_directory","pattern":"/home/sourcecraft-ci-runner/sourcecraft/workspace/.opencode/skills/shadcn/*","action":"allow"},{"permission":"external_directory","pattern":"/root/.config/sourcecraft/opencode/skills/src-cli/*","action":"allow"},{"permission":"external_directory","pattern":"/root/.config/sourcecraft/opencode/skills/pr-description/*","action":"allow"},{"permission":"external_directory","pattern":"/root/.config/sourcecraft/opencode/skills/codereview/*","action":"allow"},{"permission":"question","action":"deny","pattern":"*"},{"permission":"plan_enter","action":"deny","pattern":"*"},{"permission":"plan_exit","action":"deny","pattern":"*"},{"permission":"read","pattern":"*","action":"allow"},{"permission":"read","pattern":"*.env","action":"ask"},{"permission":"read","pattern":"*.env.*","action":"ask"},{"permission":"read","pattern":"*.env.example","action":"allow"},{"permission":"question","action":"allow","pattern":"*"},{"permission":"plan_enter","action":"allow","pattern":"*"},{"permission":"question","action":"deny","pattern":"*"},{"permission":"external_directory","pattern":"/root/.local/share/opencode/tool-output/*","action":"allow"}] evaluate
INFO  2026-07-15T02:44:13 +1ms service=permission permission=skill pattern=pr-description ruleset=[{"permission":"*","action":"allow","pattern":"*"},{"permission":"doom_loop","action":"ask","pattern":"*"},{"permission":"external_directory","pattern":"*","action":"ask"},{"permission":"external_directory","pattern":"/root/.local/share/opencode/tool-output/*","action":"allow"},{"permission":"external_directory","pattern":"/home/sourcecraft-ci-runner/sourcecraft/workspace/.opencode/skills/asset-workflow/*","action":"allow"},{"permission":"external_directory","pattern":"/home/sourcecraft-ci-runner/sourcecraft/workspace/.opencode/skills/dynamodb-crud-resource/*","action":"allow"},{"permission":"external_directory","pattern":"/home/sourcecraft-ci-runner/sourcecraft/workspace/.opencode/skills/playwright-cli/*","action":"allow"},{"permission":"external_directory","pattern":"/home/sourcecraft-ci-runner/sourcecraft/workspace/.opencode/skills/shadcn/*","action":"allow"},{"permission":"external_directory","pattern":"/root/.config/sourcecraft/opencode/skills/src-cli/*","action":"allow"},{"permission":"external_directory","pattern":"/root/.config/sourcecraft/opencode/skills/pr-description/*","action":"allow"},{"permission":"external_directory","pattern":"/root/.config/sourcecraft/opencode/skills/codereview/*","action":"allow"},{"permission":"question","action":"deny","pattern":"*"},{"permission":"plan_enter","action":"deny","pattern":"*"},{"permission":"plan_exit","action":"deny","pattern":"*"},{"permission":"read","pattern":"*","action":"allow"},{"permission":"read","pattern":"*.env","action":"ask"},{"permission":"read","pattern":"*.env.*","action":"ask"},{"permission":"read","pattern":"*.env.example","action":"allow"},{"permission":"question","action":"allow","pattern":"*"},{"permission":"plan_enter","action":"allow","pattern":"*"},{"permission":"question","action":"deny","pattern":"*"},{"permission":"external_directory","pattern":"/root/.local/share/opencode/tool-output/*","action":"allow"}] evaluate
INFO  2026-07-15T02:44:13 +0ms service=permission permission=skill pattern=shadcn ruleset=[{"permission":"*","action":"allow","pattern":"*"},{"permission":"doom_loop","action":"ask","pattern":"*"},{"permission":"external_directory","pattern":"*","action":"ask"},{"permission":"external_directory","pattern":"/root/.local/share/opencode/tool-output/*","action":"allow"},{"permission":"external_directory","pattern":"/home/sourcecraft-ci-runner/sourcecraft/workspace/.opencode/skills/asset-workflow/*","action":"allow"},{"permission":"external_directory","pattern":"/home/sourcecraft-ci-runner/sourcecraft/workspace/.opencode/skills/dynamodb-crud-resource/*","action":"allow"},{"permission":"external_directory","pattern":"/home/sourcecraft-ci-runner/sourcecraft/workspace/.opencode/skills/playwright-cli/*","action":"allow"},{"permission":"external_directory","pattern":"/home/sourcecraft-ci-runner/sourcecraft/workspace/.opencode/skills/shadcn/*","action":"allow"},{"permission":"external_directory","pattern":"/root/.config/sourcecraft/opencode/skills/src-cli/*","action":"allow"},{"permission":"external_directory","pattern":"/root/.config/sourcecraft/opencode/skills/pr-description/*","action":"allow"},{"permission":"external_directory","pattern":"/root/.config/sourcecraft/opencode/skills/codereview/*","action":"allow"},{"permission":"question","action":"deny","pattern":"*"},{"permission":"plan_enter","action":"deny","pattern":"*"},{"permission":"plan_exit","action":"deny","pattern":"*"},{"permission":"read","pattern":"*","action":"allow"},{"permission":"read","pattern":"*.env","action":"ask"},{"permission":"read","pattern":"*.env.*","action":"ask"},{"permission":"read","pattern":"*.env.example","action":"allow"},{"permission":"question","action":"allow","pattern":"*"},{"permission":"plan_enter","action":"allow","pattern":"*"},{"permission":"question","action":"deny","pattern":"*"},{"permission":"external_directory","pattern":"/root/.local/share/opencode/tool-output/*","action":"allow"}] evaluate
INFO  2026-07-15T02:44:13 +0ms service=permission permission=skill pattern=src-cli ruleset=[{"permission":"*","action":"allow","pattern":"*"},{"permission":"doom_loop","action":"ask","pattern":"*"},{"permission":"external_directory","pattern":"*","action":"ask"},{"permission":"external_directory","pattern":"/root/.local/share/opencode/tool-output/*","action":"allow"},{"permission":"external_directory","pattern":"/home/sourcecraft-ci-runner/sourcecraft/workspace/.opencode/skills/asset-workflow/*","action":"allow"},{"permission":"external_directory","pattern":"/home/sourcecraft-ci-runner/sourcecraft/workspace/.opencode/skills/dynamodb-crud-resource/*","action":"allow"},{"permission":"external_directory","pattern":"/home/sourcecraft-ci-runner/sourcecraft/workspace/.opencode/skills/playwright-cli/*","action":"allow"},{"permission":"external_directory","pattern":"/home/sourcecraft-ci-runner/sourcecraft/workspace/.opencode/skills/shadcn/*","action":"allow"},{"permission":"external_directory","pattern":"/root/.config/sourcecraft/opencode/skills/src-cli/*","action":"allow"},{"permission":"external_directory","pattern":"/root/.config/sourcecraft/opencode/skills/pr-description/*","action":"allow"},{"permission":"external_directory","pattern":"/root/.config/sourcecraft/opencode/skills/codereview/*","action":"allow"},{"permission":"question","action":"deny","pattern":"*"},{"permission":"plan_enter","action":"deny","pattern":"*"},{"permission":"plan_exit","action":"deny","pattern":"*"},{"permission":"read","pattern":"*","action":"allow"},{"permission":"read","pattern":"*.env","action":"ask"},{"permission":"read","pattern":"*.env.*","action":"ask"},{"permission":"read","pattern":"*.env.example","action":"allow"},{"permission":"question","action":"allow","pattern":"*"},{"permission":"plan_enter","action":"allow","pattern":"*"},{"permission":"question","action":"deny","pattern":"*"},{"permission":"external_directory","pattern":"/root/.local/share/opencode/tool-output/*","action":"allow"}] evaluate
INFO  2026-07-15T02:44:13 +0ms service=tool.registry status=completed duration=1 skill
INFO  2026-07-15T02:44:13 +0ms service=permission permission=task pattern=explore ruleset=[{"permission":"*","action":"allow","pattern":"*"},{"permission":"doom_loop","action":"ask","pattern":"*"},{"permission":"external_directory","pattern":"*","action":"ask"},{"permission":"external_directory","pattern":"/root/.local/share/opencode/tool-output/*","action":"allow"},{"permission":"external_directory","pattern":"/home/sourcecraft-ci-runner/sourcecraft/workspace/.opencode/skills/asset-workflow/*","action":"allow"},{"permission":"external_directory","pattern":"/home/sourcecraft-ci-runner/sourcecraft/workspace/.opencode/skills/dynamodb-crud-resource/*","action":"allow"},{"permission":"external_directory","pattern":"/home/sourcecraft-ci-runner/sourcecraft/workspace/.opencode/skills/playwright-cli/*","action":"allow"},{"permission":"external_directory","pattern":"/home/sourcecraft-ci-runner/sourcecraft/workspace/.opencode/skills/shadcn/*","action":"allow"},{"permission":"external_directory","pattern":"/root/.config/sourcecraft/opencode/skills/src-cli/*","action":"allow"},{"permission":"external_directory","pattern":"/root/.config/sourcecraft/opencode/skills/pr-description/*","action":"allow"},{"permission":"external_directory","pattern":"/root/.config/sourcecraft/opencode/skills/codereview/*","action":"allow"},{"permission":"question","action":"deny","pattern":"*"},{"permission":"plan_enter","action":"deny","pattern":"*"},{"permission":"plan_exit","action":"deny","pattern":"*"},{"permission":"read","pattern":"*","action":"allow"},{"permission":"read","pattern":"*.env","action":"ask"},{"permission":"read","pattern":"*.env.*","action":"ask"},{"permission":"read","pattern":"*.env.example","action":"allow"},{"permission":"question","action":"allow","pattern":"*"},{"permission":"plan_enter","action":"allow","pattern":"*"},{"permission":"question","action":"deny","pattern":"*"},{"permission":"external_directory","pattern":"/root/.local/share/opencode/tool-output/*","action":"allow"}] evaluate
INFO  2026-07-15T02:44:13 +0ms service=permission permission=task pattern=general ruleset=[{"permission":"*","action":"allow","pattern":"*"},{"permission":"doom_loop","action":"ask","pattern":"*"},{"permission":"external_directory","pattern":"*","action":"ask"},{"permission":"external_directory","pattern":"/root/.local/share/opencode/tool-output/*","action":"allow"},{"permission":"external_directory","pattern":"/home/sourcecraft-ci-runner/sourcecraft/workspace/.opencode/skills/asset-workflow/*","action":"allow"},{"permission":"external_directory","pattern":"/home/sourcecraft-ci-runner/sourcecraft/workspace/.opencode/skills/dynamodb-crud-resource/*","action":"allow"},{"permission":"external_directory","pattern":"/home/sourcecraft-ci-runner/sourcecraft/workspace/.opencode/skills/playwright-cli/*","action":"allow"},{"permission":"external_directory","pattern":"/home/sourcecraft-ci-runner/sourcecraft/workspace/.opencode/skills/shadcn/*","action":"allow"},{"permission":"external_directory","pattern":"/root/.config/sourcecraft/opencode/skills/src-cli/*","action":"allow"},{"permission":"external_directory","pattern":"/root/.config/sourcecraft/opencode/skills/pr-description/*","action":"allow"},{"permission":"external_directory","pattern":"/root/.config/sourcecraft/opencode/skills/codereview/*","action":"allow"},{"permission":"question","action":"deny","pattern":"*"},{"permission":"plan_enter","action":"deny","pattern":"*"},{"permission":"plan_exit","action":"deny","pattern":"*"},{"permission":"read","pattern":"*","action":"allow"},{"permission":"read","pattern":"*.env","action":"ask"},{"permission":"read","pattern":"*.env.*","action":"ask"},{"permission":"read","pattern":"*.env.example","action":"allow"},{"permission":"question","action":"allow","pattern":"*"},{"permission":"plan_enter","action":"allow","pattern":"*"},{"permission":"question","action":"deny","pattern":"*"},{"permission":"external_directory","pattern":"/root/.local/share/opencode/tool-output/*","action":"allow"}] evaluate
INFO  2026-07-15T02:44:13 +0ms service=tool.registry status=completed duration=2 task
INFO  2026-07-15T02:44:13 +2ms service=session.prompt status=completed duration=4 resolveTools
INFO  2026-07-15T02:44:13 +0ms service=permission permission=skill pattern=asset-workflow ruleset=[{"permission":"*","action":"allow","pattern":"*"},{"permission":"doom_loop","action":"ask","pattern":"*"},{"permission":"external_directory","pattern":"*","action":"ask"},{"permission":"external_directory","pattern":"/root/.local/share/opencode/tool-output/*","action":"allow"},{"permission":"external_directory","pattern":"/home/sourcecraft-ci-runner/sourcecraft/workspace/.opencode/skills/asset-workflow/*","action":"allow"},{"permission":"external_directory","pattern":"/home/sourcecraft-ci-runner/sourcecraft/workspace/.opencode/skills/dynamodb-crud-resource/*","action":"allow"},{"permission":"external_directory","pattern":"/home/sourcecraft-ci-runner/sourcecraft/workspace/.opencode/skills/playwright-cli/*","action":"allow"},{"permission":"external_directory","pattern":"/home/sourcecraft-ci-runner/sourcecraft/workspace/.opencode/skills/shadcn/*","action":"allow"},{"permission":"external_directory","pattern":"/root/.config/sourcecraft/opencode/skills/src-cli/*","action":"allow"},{"permission":"external_directory","pattern":"/root/.config/sourcecraft/opencode/skills/pr-description/*","action":"allow"},{"permission":"external_directory","pattern":"/root/.config/sourcecraft/opencode/skills/codereview/*","action":"allow"},{"permission":"question","action":"deny","pattern":"*"},{"permission":"plan_enter","action":"deny","pattern":"*"},{"permission":"plan_exit","action":"deny","pattern":"*"},{"permission":"read","pattern":"*","action":"allow"},{"permission":"read","pattern":"*.env","action":"ask"},{"permission":"read","pattern":"*.env.*","action":"ask"},{"permission":"read","pattern":"*.env.example","action":"allow"},{"permission":"question","action":"allow","pattern":"*"},{"permission":"plan_enter","action":"allow","pattern":"*"},{"permission":"question","action":"deny","pattern":"*"},{"permission":"external_directory","pattern":"/root/.local/share/opencode/tool-output/*","action":"allow"}] evaluate
INFO  2026-07-15T02:44:13 +0ms service=permission permission=skill pattern=codereview ruleset=[{"permission":"*","action":"allow","pattern":"*"},{"permission":"doom_loop","action":"ask","pattern":"*"},{"permission":"external_directory","pattern":"*","action":"ask"},{"permission":"external_directory","pattern":"/root/.local/share/opencode/tool-output/*","action":"allow"},{"permission":"external_directory","pattern":"/home/sourcecraft-ci-runner/sourcecraft/workspace/.opencode/skills/asset-workflow/*","action":"allow"},{"permission":"external_directory","pattern":"/home/sourcecraft-ci-runner/sourcecraft/workspace/.opencode/skills/dynamodb-crud-resource/*","action":"allow"},{"permission":"external_directory","pattern":"/home/sourcecraft-ci-runner/sourcecraft/workspace/.opencode/skills/playwright-cli/*","action":"allow"},{"permission":"external_directory","pattern":"/home/sourcecraft-ci-runner/sourcecraft/workspace/.opencode/skills/shadcn/*","action":"allow"},{"permission":"external_directory","pattern":"/root/.config/sourcecraft/opencode/skills/src-cli/*","action":"allow"},{"permission":"external_directory","pattern":"/root/.config/sourcecraft/opencode/skills/pr-description/*","action":"allow"},{"permission":"external_directory","pattern":"/root/.config/sourcecraft/opencode/skills/codereview/*","action":"allow"},{"permission":"question","action":"deny","pattern":"*"},{"permission":"plan_enter","action":"deny","pattern":"*"},{"permission":"plan_exit","action":"deny","pattern":"*"},{"permission":"read","pattern":"*","action":"allow"},{"permission":"read","pattern":"*.env","action":"ask"},{"permission":"read","pattern":"*.env.*","action":"ask"},{"permission":"read","pattern":"*.env.example","action":"allow"},{"permission":"question","action":"allow","pattern":"*"},{"permission":"plan_enter","action":"allow","pattern":"*"},{"permission":"question","action":"deny","pattern":"*"},{"permission":"external_directory","pattern":"/root/.local/share/opencode/tool-output/*","action":"allow"}] evaluate
INFO  2026-07-15T02:44:13 +0ms service=permission permission=skill pattern=dynamodb-crud-resource ruleset=[{"permission":"*","action":"allow","pattern":"*"},{"permission":"doom_loop","action":"ask","pattern":"*"},{"permission":"external_directory","pattern":"*","action":"ask"},{"permission":"external_directory","pattern":"/root/.local/share/opencode/tool-output/*","action":"allow"},{"permission":"external_directory","pattern":"/home/sourcecraft-ci-runner/sourcecraft/workspace/.opencode/skills/asset-workflow/*","action":"allow"},{"permission":"external_directory","pattern":"/home/sourcecraft-ci-runner/sourcecraft/workspace/.opencode/skills/dynamodb-crud-resource/*","action":"allow"},{"permission":"external_directory","pattern":"/home/sourcecraft-ci-runner/sourcecraft/workspace/.opencode/skills/playwright-cli/*","action":"allow"},{"permission":"external_directory","pattern":"/home/sourcecraft-ci-runner/sourcecraft/workspace/.opencode/skills/shadcn/*","action":"allow"},{"permission":"external_directory","pattern":"/root/.config/sourcecraft/opencode/skills/src-cli/*","action":"allow"},{"permission":"external_directory","pattern":"/root/.config/sourcecraft/opencode/skills/pr-description/*","action":"allow"},{"permission":"external_directory","pattern":"/root/.config/sourcecraft/opencode/skills/codereview/*","action":"allow"},{"permission":"question","action":"deny","pattern":"*"},{"permission":"plan_enter","action":"deny","pattern":"*"},{"permission":"plan_exit","action":"deny","pattern":"*"},{"permission":"read","pattern":"*","action":"allow"},{"permission":"read","pattern":"*.env","action":"ask"},{"permission":"read","pattern":"*.env.*","action":"ask"},{"permission":"read","pattern":"*.env.example","action":"allow"},{"permission":"question","action":"allow","pattern":"*"},{"permission":"plan_enter","action":"allow","pattern":"*"},{"permission":"question","action":"deny","pattern":"*"},{"permission":"external_directory","pattern":"/root/.local/share/opencode/tool-output/*","action":"allow"}] evaluate
INFO  2026-07-15T02:44:13 +0ms service=permission permission=skill pattern=playwright-cli ruleset=[{"permission":"*","action":"allow","pattern":"*"},{"permission":"doom_loop","action":"ask","pattern":"*"},{"permission":"external_directory","pattern":"*","action":"ask"},{"permission":"external_directory","pattern":"/root/.local/share/opencode/tool-output/*","action":"allow"},{"permission":"external_directory","pattern":"/home/sourcecraft-ci-runner/sourcecraft/workspace/.opencode/skills/asset-workflow/*","action":"allow"},{"permission":"external_directory","pattern":"/home/sourcecraft-ci-runner/sourcecraft/workspace/.opencode/skills/dynamodb-crud-resource/*","action":"allow"},{"permission":"external_directory","pattern":"/home/sourcecraft-ci-runner/sourcecraft/workspace/.opencode/skills/playwright-cli/*","action":"allow"},{"permission":"external_directory","pattern":"/home/sourcecraft-ci-runner/sourcecraft/workspace/.opencode/skills/shadcn/*","action":"allow"},{"permission":"external_directory","pattern":"/root/.config/sourcecraft/opencode/skills/src-cli/*","action":"allow"},{"permission":"external_directory","pattern":"/root/.config/sourcecraft/opencode/skills/pr-description/*","action":"allow"},{"permission":"external_directory","pattern":"/root/.config/sourcecraft/opencode/skills/codereview/*","action":"allow"},{"permission":"question","action":"deny","pattern":"*"},{"permission":"plan_enter","action":"deny","pattern":"*"},{"permission":"plan_exit","action":"deny","pattern":"*"},{"permission":"read","pattern":"*","action":"allow"},{"permission":"read","pattern":"*.env","action":"ask"},{"permission":"read","pattern":"*.env.*","action":"ask"},{"permission":"read","pattern":"*.env.example","action":"allow"},{"permission":"question","action":"allow","pattern":"*"},{"permission":"plan_enter","action":"allow","pattern":"*"},{"permission":"question","action":"deny","pattern":"*"},{"permission":"external_directory","pattern":"/root/.local/share/opencode/tool-output/*","action":"allow"}] evaluate
INFO  2026-07-15T02:44:13 +0ms service=permission permission=skill pattern=pr-description ruleset=[{"permission":"*","action":"allow","pattern":"*"},{"permission":"doom_loop","action":"ask","pattern":"*"},{"permission":"external_directory","pattern":"*","action":"ask"},{"permission":"external_directory","pattern":"/root/.local/share/opencode/tool-output/*","action":"allow"},{"permission":"external_directory","pattern":"/home/sourcecraft-ci-runner/sourcecraft/workspace/.opencode/skills/asset-workflow/*","action":"allow"},{"permission":"external_directory","pattern":"/home/sourcecraft-ci-runner/sourcecraft/workspace/.opencode/skills/dynamodb-crud-resource/*","action":"allow"},{"permission":"external_directory","pattern":"/home/sourcecraft-ci-runner/sourcecraft/workspace/.opencode/skills/playwright-cli/*","action":"allow"},{"permission":"external_directory","pattern":"/home/sourcecraft-ci-runner/sourcecraft/workspace/.opencode/skills/shadcn/*","action":"allow"},{"permission":"external_directory","pattern":"/root/.config/sourcecraft/opencode/skills/src-cli/*","action":"allow"},{"permission":"external_directory","pattern":"/root/.config/sourcecraft/opencode/skills/pr-description/*","action":"allow"},{"permission":"external_directory","pattern":"/root/.config/sourcecraft/opencode/skills/codereview/*","action":"allow"},{"permission":"question","action":"deny","pattern":"*"},{"permission":"plan_enter","action":"deny","pattern":"*"},{"permission":"plan_exit","action":"deny","pattern":"*"},{"permission":"read","pattern":"*","action":"allow"},{"permission":"read","pattern":"*.env","action":"ask"},{"permission":"read","pattern":"*.env.*","action":"ask"},{"permission":"read","pattern":"*.env.example","action":"allow"},{"permission":"question","action":"allow","pattern":"*"},{"permission":"plan_enter","action":"allow","pattern":"*"},{"permission":"question","action":"deny","pattern":"*"},{"permission":"external_directory","pattern":"/root/.local/share/opencode/tool-output/*","action":"allow"}] evaluate
INFO  2026-07-15T02:44:13 +0ms service=permission permission=skill pattern=shadcn ruleset=[{"permission":"*","action":"allow","pattern":"*"},{"permission":"doom_loop","action":"ask","pattern":"*"},{"permission":"external_directory","pattern":"*","action":"ask"},{"permission":"external_directory","pattern":"/root/.local/share/opencode/tool-output/*","action":"allow"},{"permission":"external_directory","pattern":"/home/sourcecraft-ci-runner/sourcecraft/workspace/.opencode/skills/asset-workflow/*","action":"allow"},{"permission":"external_directory","pattern":"/home/sourcecraft-ci-runner/sourcecraft/workspace/.opencode/skills/dynamodb-crud-resource/*","action":"allow"},{"permission":"external_directory","pattern":"/home/sourcecraft-ci-runner/sourcecraft/workspace/.opencode/skills/playwright-cli/*","action":"allow"},{"permission":"external_directory","pattern":"/home/sourcecraft-ci-runner/sourcecraft/workspace/.opencode/skills/shadcn/*","action":"allow"},{"permission":"external_directory","pattern":"/root/.config/sourcecraft/opencode/skills/src-cli/*","action":"allow"},{"permission":"external_directory","pattern":"/root/.config/sourcecraft/opencode/skills/pr-description/*","action":"allow"},{"permission":"external_directory","pattern":"/root/.config/sourcecraft/opencode/skills/codereview/*","action":"allow"},{"permission":"question","action":"deny","pattern":"*"},{"permission":"plan_enter","action":"deny","pattern":"*"},{"permission":"plan_exit","action":"deny","pattern":"*"},{"permission":"read","pattern":"*","action":"allow"},{"permission":"read","pattern":"*.env","action":"ask"},{"permission":"read","pattern":"*.env.*","action":"ask"},{"permission":"read","pattern":"*.env.example","action":"allow"},{"permission":"question","action":"allow","pattern":"*"},{"permission":"plan_enter","action":"allow","pattern":"*"},{"permission":"question","action":"deny","pattern":"*"},{"permission":"external_directory","pattern":"/root/.local/share/opencode/tool-output/*","action":"allow"}] evaluate
INFO  2026-07-15T02:44:13 +0ms service=permission permission=skill pattern=src-cli ruleset=[{"permission":"*","action":"allow","pattern":"*"},{"permission":"doom_loop","action":"ask","pattern":"*"},{"permission":"external_directory","pattern":"*","action":"ask"},{"permission":"external_directory","pattern":"/root/.local/share/opencode/tool-output/*","action":"allow"},{"permission":"external_directory","pattern":"/home/sourcecraft-ci-runner/sourcecraft/workspace/.opencode/skills/asset-workflow/*","action":"allow"},{"permission":"external_directory","pattern":"/home/sourcecraft-ci-runner/sourcecraft/workspace/.opencode/skills/dynamodb-crud-resource/*","action":"allow"},{"permission":"external_directory","pattern":"/home/sourcecraft-ci-runner/sourcecraft/workspace/.opencode/skills/playwright-cli/*","action":"allow"},{"permission":"external_directory","pattern":"/home/sourcecraft-ci-runner/sourcecraft/workspace/.opencode/skills/shadcn/*","action":"allow"},{"permission":"external_directory","pattern":"/root/.config/sourcecraft/opencode/skills/src-cli/*","action":"allow"},{"permission":"external_directory","pattern":"/root/.config/sourcecraft/opencode/skills/pr-description/*","action":"allow"},{"permission":"external_directory","pattern":"/root/.config/sourcecraft/opencode/skills/codereview/*","action":"allow"},{"permission":"question","action":"deny","pattern":"*"},{"permission":"plan_enter","action":"deny","pattern":"*"},{"permission":"plan_exit","action":"deny","pattern":"*"},{"permission":"read","pattern":"*","action":"allow"},{"permission":"read","pattern":"*.env","action":"ask"},{"permission":"read","pattern":"*.env.*","action":"ask"},{"permission":"read","pattern":"*.env.example","action":"allow"},{"permission":"question","action":"allow","pattern":"*"},{"permission":"plan_enter","action":"allow","pattern":"*"},{"permission":"question","action":"deny","pattern":"*"},{"permission":"external_directory","pattern":"/root/.local/share/opencode/tool-output/*","action":"allow"}] evaluate
INFO  2026-07-15T02:44:13 +6ms service=session.processor process
INFO  2026-07-15T02:44:13 +1ms service=llm providerID=sourcecraft modelID=default sessionID=ses_09c5880aeffe7gUJBWRjvSwHuh small=false agent=build mode=primary stream
INFO  2026-07-15T02:44:13 +4ms service=bus type=context.usage.updated publishing
INFO  2026-07-15T02:44:13 +5ms service=bus type=session.status publishing
INFO  2026-07-15T02:44:13 +745ms service=bus type=message.part.updated publishing
INFO  2026-07-15T02:44:13 +1ms service=bus type=message.part.updated publishing
INFO  2026-07-15T02:44:13 +1ms service=bus type=message.part.delta publishing
INFO  2026-07-15T02:44:14 +767ms service=bus type=message.part.updated publishing
INFO  2026-07-15T02:44:14 +6ms service=permission permission=bash pattern=npm run check:backlog 2>&1 ruleset=[{"permission":"*","action":"allow","pattern":"*"},{"permission":"doom_loop","action":"ask","pattern":"*"},{"permission":"external_directory","pattern":"*","action":"ask"},{"permission":"external_directory","pattern":"/root/.local/share/opencode/tool-output/*","action":"allow"},{"permission":"external_directory","pattern":"/home/sourcecraft-ci-runner/sourcecraft/workspace/.opencode/skills/asset-workflow/*","action":"allow"},{"permission":"external_directory","pattern":"/home/sourcecraft-ci-runner/sourcecraft/workspace/.opencode/skills/dynamodb-crud-resource/*","action":"allow"},{"permission":"external_directory","pattern":"/home/sourcecraft-ci-runner/sourcecraft/workspace/.opencode/skills/playwright-cli/*","action":"allow"},{"permission":"external_directory","pattern":"/home/sourcecraft-ci-runner/sourcecraft/workspace/.opencode/skills/shadcn/*","action":"allow"},{"permission":"external_directory","pattern":"/root/.config/sourcecraft/opencode/skills/src-cli/*","action":"allow"},{"permission":"external_directory","pattern":"/root/.config/sourcecraft/opencode/skills/pr-description/*","action":"allow"},{"permission":"external_directory","pattern":"/root/.config/sourcecraft/opencode/skills/codereview/*","action":"allow"},{"permission":"question","action":"deny","pattern":"*"},{"permission":"plan_enter","action":"deny","pattern":"*"},{"permission":"plan_exit","action":"deny","pattern":"*"},{"permission":"read","pattern":"*","action":"allow"},{"permission":"read","pattern":"*.env","action":"ask"},{"permission":"read","pattern":"*.env.*","action":"ask"},{"permission":"read","pattern":"*.env.example","action":"allow"},{"permission":"question","action":"allow","pattern":"*"},{"permission":"plan_enter","action":"allow","pattern":"*"},{"permission":"question","action":"deny","pattern":"*"},{"permission":"external_directory","pattern":"/root/.local/share/opencode/tool-output/*","action":"allow"}] evaluate
INFO  2026-07-15T02:44:14 +0ms service=permission permission=bash pattern=npm run check:backlog 2>&1 action={"permission":"*","action":"allow","pattern":"*"} evaluated
INFO  2026-07-15T02:44:14 +2ms service=bus type=message.part.updated publishing
INFO  2026-07-15T02:44:14 +2ms service=bus type=message.part.updated publishing
INFO  2026-07-15T02:44:14 +101ms service=bus type=message.part.updated publishing
INFO  2026-07-15T02:44:15 +327ms service=bus type=message.part.updated publishing
INFO  2026-07-15T02:44:16 +1091ms service=bus type=message.part.updated publishing
INFO  2026-07-15T02:44:16 +32ms service=snapshot hash=d728321012ccdac13e8499bd6e2ec39829fb852a cwd=/home/sourcecraft-ci-runner/sourcecraft/workspace git=/root/.local/share/opencode/snapshot/d5f82bf4c15299500c398fd016ff6068cdd7781b/e180c03326a9b59cd97a62a55fc9e715cbda7426 tracking
INFO  2026-07-15T02:44:16 +1ms service=bus type=message.part.updated publishing
INFO  2026-07-15T02:44:16 +1ms service=bus type=message.updated publishing
INFO  2026-07-15T02:44:16 +53ms service=bus type=message.updated publishing
INFO  2026-07-15T02:44:16 +0ms service=bus type=session.status publishing
INFO  2026-07-15T02:44:16 +0ms service=session.prompt step=8 sessionID=ses_09c5880aeffe7gUJBWRjvSwHuh loop
INFO  2026-07-15T02:44:16 +4ms service=bus type=message.updated publishing
INFO  2026-07-15T02:44:16 +56ms service=bus type=session.updated publishing
INFO  2026-07-15T02:44:16 +9ms service=bus type=session.diff publishing
INFO  2026-07-15T02:44:16 +23ms service=snapshot hash=d728321012ccdac13e8499bd6e2ec39829fb852a cwd=/home/sourcecraft-ci-runner/sourcecraft/workspace git=/root/.local/share/opencode/snapshot/d5f82bf4c15299500c398fd016ff6068cdd7781b/e180c03326a9b59cd97a62a55fc9e715cbda7426 tracking
INFO  2026-07-15T02:44:16 +0ms service=session.prompt status=started resolveTools
INFO  2026-07-15T02:44:16 +1ms service=tool.registry status=started invalid
INFO  2026-07-15T02:44:16 +0ms service=tool.registry status=completed duration=0 invalid
INFO  2026-07-15T02:44:16 +0ms service=tool.registry status=started question
INFO  2026-07-15T02:44:16 +0ms service=tool.registry status=completed duration=0 question
INFO  2026-07-15T02:44:16 +0ms service=tool.registry status=started bash
INFO  2026-07-15T02:44:16 +0ms service=tool.registry status=completed duration=0 bash
INFO  2026-07-15T02:44:16 +0ms service=tool.registry status=started read
INFO  2026-07-15T02:44:16 +0ms service=tool.registry status=completed duration=0 read
INFO  2026-07-15T02:44:16 +0ms service=tool.registry status=started glob
INFO  2026-07-15T02:44:16 +0ms service=tool.registry status=completed duration=0 glob
INFO  2026-07-15T02:44:16 +0ms service=tool.registry status=started grep
INFO  2026-07-15T02:44:16 +0ms service=tool.registry status=completed duration=0 grep
INFO  2026-07-15T02:44:16 +0ms service=tool.registry status=started edit
INFO  2026-07-15T02:44:16 +0ms service=tool.registry status=completed duration=0 edit
INFO  2026-07-15T02:44:16 +0ms service=tool.registry status=started write
INFO  2026-07-15T02:44:16 +0ms service=tool.registry status=completed duration=0 write
INFO  2026-07-15T02:44:16 +0ms service=tool.registry status=started task
INFO  2026-07-15T02:44:16 +1ms service=tool.registry status=started webfetch
INFO  2026-07-15T02:44:16 +0ms service=tool.registry status=completed duration=0 webfetch
INFO  2026-07-15T02:44:16 +0ms service=tool.registry status=started todowrite
INFO  2026-07-15T02:44:16 +0ms service=tool.registry status=completed duration=0 todowrite
INFO  2026-07-15T02:44:16 +0ms service=tool.registry status=started skill
INFO  2026-07-15T02:44:16 +0ms service=permission permission=skill pattern=asset-workflow ruleset=[{"permission":"*","action":"allow","pattern":"*"},{"permission":"doom_loop","action":"ask","pattern":"*"},{"permission":"external_directory","pattern":"*","action":"ask"},{"permission":"external_directory","pattern":"/root/.local/share/opencode/tool-output/*","action":"allow"},{"permission":"external_directory","pattern":"/home/sourcecraft-ci-runner/sourcecraft/workspace/.opencode/skills/asset-workflow/*","action":"allow"},{"permission":"external_directory","pattern":"/home/sourcecraft-ci-runner/sourcecraft/workspace/.opencode/skills/dynamodb-crud-resource/*","action":"allow"},{"permission":"external_directory","pattern":"/home/sourcecraft-ci-runner/sourcecraft/workspace/.opencode/skills/playwright-cli/*","action":"allow"},{"permission":"external_directory","pattern":"/home/sourcecraft-ci-runner/sourcecraft/workspace/.opencode/skills/shadcn/*","action":"allow"},{"permission":"external_directory","pattern":"/root/.config/sourcecraft/opencode/skills/src-cli/*","action":"allow"},{"permission":"external_directory","pattern":"/root/.config/sourcecraft/opencode/skills/pr-description/*","action":"allow"},{"permission":"external_directory","pattern":"/root/.config/sourcecraft/opencode/skills/codereview/*","action":"allow"},{"permission":"question","action":"deny","pattern":"*"},{"permission":"plan_enter","action":"deny","pattern":"*"},{"permission":"plan_exit","action":"deny","pattern":"*"},{"permission":"read","pattern":"*","action":"allow"},{"permission":"read","pattern":"*.env","action":"ask"},{"permission":"read","pattern":"*.env.*","action":"ask"},{"permission":"read","pattern":"*.env.example","action":"allow"},{"permission":"question","action":"allow","pattern":"*"},{"permission":"plan_enter","action":"allow","pattern":"*"},{"permission":"question","action":"deny","pattern":"*"},{"permission":"external_directory","pattern":"/root/.local/share/opencode/tool-output/*","action":"allow"}] evaluate
INFO  2026-07-15T02:44:16 +0ms service=permission permission=skill pattern=codereview ruleset=[{"permission":"*","action":"allow","pattern":"*"},{"permission":"doom_loop","action":"ask","pattern":"*"},{"permission":"external_directory","pattern":"*","action":"ask"},{"permission":"external_directory","pattern":"/root/.local/share/opencode/tool-output/*","action":"allow"},{"permission":"external_directory","pattern":"/home/sourcecraft-ci-runner/sourcecraft/workspace/.opencode/skills/asset-workflow/*","action":"allow"},{"permission":"external_directory","pattern":"/home/sourcecraft-ci-runner/sourcecraft/workspace/.opencode/skills/dynamodb-crud-resource/*","action":"allow"},{"permission":"external_directory","pattern":"/home/sourcecraft-ci-runner/sourcecraft/workspace/.opencode/skills/playwright-cli/*","action":"allow"},{"permission":"external_directory","pattern":"/home/sourcecraft-ci-runner/sourcecraft/workspace/.opencode/skills/shadcn/*","action":"allow"},{"permission":"external_directory","pattern":"/root/.config/sourcecraft/opencode/skills/src-cli/*","action":"allow"},{"permission":"external_directory","pattern":"/root/.config/sourcecraft/opencode/skills/pr-description/*","action":"allow"},{"permission":"external_directory","pattern":"/root/.config/sourcecraft/opencode/skills/codereview/*","action":"allow"},{"permission":"question","action":"deny","pattern":"*"},{"permission":"plan_enter","action":"deny","pattern":"*"},{"permission":"plan_exit","action":"deny","pattern":"*"},{"permission":"read","pattern":"*","action":"allow"},{"permission":"read","pattern":"*.env","action":"ask"},{"permission":"read","pattern":"*.env.*","action":"ask"},{"permission":"read","pattern":"*.env.example","action":"allow"},{"permission":"question","action":"allow","pattern":"*"},{"permission":"plan_enter","action":"allow","pattern":"*"},{"permission":"question","action":"deny","pattern":"*"},{"permission":"external_directory","pattern":"/root/.local/share/opencode/tool-output/*","action":"allow"}] evaluate
INFO  2026-07-15T02:44:16 +0ms service=permission permission=skill pattern=dynamodb-crud-resource ruleset=[{"permission":"*","action":"allow","pattern":"*"},{"permission":"doom_loop","action":"ask","pattern":"*"},{"permission":"external_directory","pattern":"*","action":"ask"},{"permission":"external_directory","pattern":"/root/.local/share/opencode/tool-output/*","action":"allow"},{"permission":"external_directory","pattern":"/home/sourcecraft-ci-runner/sourcecraft/workspace/.opencode/skills/asset-workflow/*","action":"allow"},{"permission":"external_directory","pattern":"/home/sourcecraft-ci-runner/sourcecraft/workspace/.opencode/skills/dynamodb-crud-resource/*","action":"allow"},{"permission":"external_directory","pattern":"/home/sourcecraft-ci-runner/sourcecraft/workspace/.opencode/skills/playwright-cli/*","action":"allow"},{"permission":"external_directory","pattern":"/home/sourcecraft-ci-runner/sourcecraft/workspace/.opencode/skills/shadcn/*","action":"allow"},{"permission":"external_directory","pattern":"/root/.config/sourcecraft/opencode/skills/src-cli/*","action":"allow"},{"permission":"external_directory","pattern":"/root/.config/sourcecraft/opencode/skills/pr-description/*","action":"allow"},{"permission":"external_directory","pattern":"/root/.config/sourcecraft/opencode/skills/codereview/*","action":"allow"},{"permission":"question","action":"deny","pattern":"*"},{"permission":"plan_enter","action":"deny","pattern":"*"},{"permission":"plan_exit","action":"deny","pattern":"*"},{"permission":"read","pattern":"*","action":"allow"},{"permission":"read","pattern":"*.env","action":"ask"},{"permission":"read","pattern":"*.env.*","action":"ask"},{"permission":"read","pattern":"*.env.example","action":"allow"},{"permission":"question","action":"allow","pattern":"*"},{"permission":"plan_enter","action":"allow","pattern":"*"},{"permission":"question","action":"deny","pattern":"*"},{"permission":"external_directory","pattern":"/root/.local/share/opencode/tool-output/*","action":"allow"}] evaluate
INFO  2026-07-15T02:44:16 +0ms service=permission permission=skill pattern=playwright-cli ruleset=[{"permission":"*","action":"allow","pattern":"*"},{"permission":"doom_loop","action":"ask","pattern":"*"},{"permission":"external_directory","pattern":"*","action":"ask"},{"permission":"external_directory","pattern":"/root/.local/share/opencode/tool-output/*","action":"allow"},{"permission":"external_directory","pattern":"/home/sourcecraft-ci-runner/sourcecraft/workspace/.opencode/skills/asset-workflow/*","action":"allow"},{"permission":"external_directory","pattern":"/home/sourcecraft-ci-runner/sourcecraft/workspace/.opencode/skills/dynamodb-crud-resource/*","action":"allow"},{"permission":"external_directory","pattern":"/home/sourcecraft-ci-runner/sourcecraft/workspace/.opencode/skills/playwright-cli/*","action":"allow"},{"permission":"external_directory","pattern":"/home/sourcecraft-ci-runner/sourcecraft/workspace/.opencode/skills/shadcn/*","action":"allow"},{"permission":"external_directory","pattern":"/root/.config/sourcecraft/opencode/skills/src-cli/*","action":"allow"},{"permission":"external_directory","pattern":"/root/.config/sourcecraft/opencode/skills/pr-description/*","action":"allow"},{"permission":"external_directory","pattern":"/root/.config/sourcecraft/opencode/skills/codereview/*","action":"allow"},{"permission":"question","action":"deny","pattern":"*"},{"permission":"plan_enter","action":"deny","pattern":"*"},{"permission":"plan_exit","action":"deny","pattern":"*"},{"permission":"read","pattern":"*","action":"allow"},{"permission":"read","pattern":"*.env","action":"ask"},{"permission":"read","pattern":"*.env.*","action":"ask"},{"permission":"read","pattern":"*.env.example","action":"allow"},{"permission":"question","action":"allow","pattern":"*"},{"permission":"plan_enter","action":"allow","pattern":"*"},{"permission":"question","action":"deny","pattern":"*"},{"permission":"external_directory","pattern":"/root/.local/share/opencode/tool-output/*","action":"allow"}] evaluate
INFO  2026-07-15T02:44:16 +0ms service=permission permission=skill pattern=pr-description ruleset=[{"permission":"*","action":"allow","pattern":"*"},{"permission":"doom_loop","action":"ask","pattern":"*"},{"permission":"external_directory","pattern":"*","action":"ask"},{"permission":"external_directory","pattern":"/root/.local/share/opencode/tool-output/*","action":"allow"},{"permission":"external_directory","pattern":"/home/sourcecraft-ci-runner/sourcecraft/workspace/.opencode/skills/asset-workflow/*","action":"allow"},{"permission":"external_directory","pattern":"/home/sourcecraft-ci-runner/sourcecraft/workspace/.opencode/skills/dynamodb-crud-resource/*","action":"allow"},{"permission":"external_directory","pattern":"/home/sourcecraft-ci-runner/sourcecraft/workspace/.opencode/skills/playwright-cli/*","action":"allow"},{"permission":"external_directory","pattern":"/home/sourcecraft-ci-runner/sourcecraft/workspace/.opencode/skills/shadcn/*","action":"allow"},{"permission":"external_directory","pattern":"/root/.config/sourcecraft/opencode/skills/src-cli/*","action":"allow"},{"permission":"external_directory","pattern":"/root/.config/sourcecraft/opencode/skills/pr-description/*","action":"allow"},{"permission":"external_directory","pattern":"/root/.config/sourcecraft/opencode/skills/codereview/*","action":"allow"},{"permission":"question","action":"deny","pattern":"*"},{"permission":"plan_enter","action":"deny","pattern":"*"},{"permission":"plan_exit","action":"deny","pattern":"*"},{"permission":"read","pattern":"*","action":"allow"},{"permission":"read","pattern":"*.env","action":"ask"},{"permission":"read","pattern":"*.env.*","action":"ask"},{"permission":"read","pattern":"*.env.example","action":"allow"},{"permission":"question","action":"allow","pattern":"*"},{"permission":"plan_enter","action":"allow","pattern":"*"},{"permission":"question","action":"deny","pattern":"*"},{"permission":"external_directory","pattern":"/root/.local/share/opencode/tool-output/*","action":"allow"}] evaluate
INFO  2026-07-15T02:44:16 +0ms service=permission permission=skill pattern=shadcn ruleset=[{"permission":"*","action":"allow","pattern":"*"},{"permission":"doom_loop","action":"ask","pattern":"*"},{"permission":"external_directory","pattern":"*","action":"ask"},{"permission":"external_directory","pattern":"/root/.local/share/opencode/tool-output/*","action":"allow"},{"permission":"external_directory","pattern":"/home/sourcecraft-ci-runner/sourcecraft/workspace/.opencode/skills/asset-workflow/*","action":"allow"},{"permission":"external_directory","pattern":"/home/sourcecraft-ci-runner/sourcecraft/workspace/.opencode/skills/dynamodb-crud-resource/*","action":"allow"},{"permission":"external_directory","pattern":"/home/sourcecraft-ci-runner/sourcecraft/workspace/.opencode/skills/playwright-cli/*","action":"allow"},{"permission":"external_directory","pattern":"/home/sourcecraft-ci-runner/sourcecraft/workspace/.opencode/skills/shadcn/*","action":"allow"},{"permission":"external_directory","pattern":"/root/.config/sourcecraft/opencode/skills/src-cli/*","action":"allow"},{"permission":"external_directory","pattern":"/root/.config/sourcecraft/opencode/skills/pr-description/*","action":"allow"},{"permission":"external_directory","pattern":"/root/.config/sourcecraft/opencode/skills/codereview/*","action":"allow"},{"permission":"question","action":"deny","pattern":"*"},{"permission":"plan_enter","action":"deny","pattern":"*"},{"permission":"plan_exit","action":"deny","pattern":"*"},{"permission":"read","pattern":"*","action":"allow"},{"permission":"read","pattern":"*.env","action":"ask"},{"permission":"read","pattern":"*.env.*","action":"ask"},{"permission":"read","pattern":"*.env.example","action":"allow"},{"permission":"question","action":"allow","pattern":"*"},{"permission":"plan_enter","action":"allow","pattern":"*"},{"permission":"question","action":"deny","pattern":"*"},{"permission":"external_directory","pattern":"/root/.local/share/opencode/tool-output/*","action":"allow"}] evaluate
INFO  2026-07-15T02:44:16 +0ms service=permission permission=skill pattern=src-cli ruleset=[{"permission":"*","action":"allow","pattern":"*"},{"permission":"doom_loop","action":"ask","pattern":"*"},{"permission":"external_directory","pattern":"*","action":"ask"},{"permission":"external_directory","pattern":"/root/.local/share/opencode/tool-output/*","action":"allow"},{"permission":"external_directory","pattern":"/home/sourcecraft-ci-runner/sourcecraft/workspace/.opencode/skills/asset-workflow/*","action":"allow"},{"permission":"external_directory","pattern":"/home/sourcecraft-ci-runner/sourcecraft/workspace/.opencode/skills/dynamodb-crud-resource/*","action":"allow"},{"permission":"external_directory","pattern":"/home/sourcecraft-ci-runner/sourcecraft/workspace/.opencode/skills/playwright-cli/*","action":"allow"},{"permission":"external_directory","pattern":"/home/sourcecraft-ci-runner/sourcecraft/workspace/.opencode/skills/shadcn/*","action":"allow"},{"permission":"external_directory","pattern":"/root/.config/sourcecraft/opencode/skills/src-cli/*","action":"allow"},{"permission":"external_directory","pattern":"/root/.config/sourcecraft/opencode/skills/pr-description/*","action":"allow"},{"permission":"external_directory","pattern":"/root/.config/sourcecraft/opencode/skills/codereview/*","action":"allow"},{"permission":"question","action":"deny","pattern":"*"},{"permission":"plan_enter","action":"deny","pattern":"*"},{"permission":"plan_exit","action":"deny","pattern":"*"},{"permission":"read","pattern":"*","action":"allow"},{"permission":"read","pattern":"*.env","action":"ask"},{"permission":"read","pattern":"*.env.*","action":"ask"},{"permission":"read","pattern":"*.env.example","action":"allow"},{"permission":"question","action":"allow","pattern":"*"},{"permission":"plan_enter","action":"allow","pattern":"*"},{"permission":"question","action":"deny","pattern":"*"},{"permission":"external_directory","pattern":"/root/.local/share/opencode/tool-output/*","action":"allow"}] evaluate
INFO  2026-07-15T02:44:16 +0ms service=tool.registry status=completed duration=0 skill
INFO  2026-07-15T02:44:16 +0ms service=permission permission=task pattern=explore ruleset=[{"permission":"*","action":"allow","pattern":"*"},{"permission":"doom_loop","action":"ask","pattern":"*"},{"permission":"external_directory","pattern":"*","action":"ask"},{"permission":"external_directory","pattern":"/root/.local/share/opencode/tool-output/*","action":"allow"},{"permission":"external_directory","pattern":"/home/sourcecraft-ci-runner/sourcecraft/workspace/.opencode/skills/asset-workflow/*","action":"allow"},{"permission":"external_directory","pattern":"/home/sourcecraft-ci-runner/sourcecraft/workspace/.opencode/skills/dynamodb-crud-resource/*","action":"allow"},{"permission":"external_directory","pattern":"/home/sourcecraft-ci-runner/sourcecraft/workspace/.opencode/skills/playwright-cli/*","action":"allow"},{"permission":"external_directory","pattern":"/home/sourcecraft-ci-runner/sourcecraft/workspace/.opencode/skills/shadcn/*","action":"allow"},{"permission":"external_directory","pattern":"/root/.config/sourcecraft/opencode/skills/src-cli/*","action":"allow"},{"permission":"external_directory","pattern":"/root/.config/sourcecraft/opencode/skills/pr-description/*","action":"allow"},{"permission":"external_directory","pattern":"/root/.config/sourcecraft/opencode/skills/codereview/*","action":"allow"},{"permission":"question","action":"deny","pattern":"*"},{"permission":"plan_enter","action":"deny","pattern":"*"},{"permission":"plan_exit","action":"deny","pattern":"*"},{"permission":"read","pattern":"*","action":"allow"},{"permission":"read","pattern":"*.env","action":"ask"},{"permission":"read","pattern":"*.env.*","action":"ask"},{"permission":"read","pattern":"*.env.example","action":"allow"},{"permission":"question","action":"allow","pattern":"*"},{"permission":"plan_enter","action":"allow","pattern":"*"},{"permission":"question","action":"deny","pattern":"*"},{"permission":"external_directory","pattern":"/root/.local/share/opencode/tool-output/*","action":"allow"}] evaluate
INFO  2026-07-15T02:44:16 +0ms service=permission permission=task pattern=general ruleset=[{"permission":"*","action":"allow","pattern":"*"},{"permission":"doom_loop","action":"ask","pattern":"*"},{"permission":"external_directory","pattern":"*","action":"ask"},{"permission":"external_directory","pattern":"/root/.local/share/opencode/tool-output/*","action":"allow"},{"permission":"external_directory","pattern":"/home/sourcecraft-ci-runner/sourcecraft/workspace/.opencode/skills/asset-workflow/*","action":"allow"},{"permission":"external_directory","pattern":"/home/sourcecraft-ci-runner/sourcecraft/workspace/.opencode/skills/dynamodb-crud-resource/*","action":"allow"},{"permission":"external_directory","pattern":"/home/sourcecraft-ci-runner/sourcecraft/workspace/.opencode/skills/playwright-cli/*","action":"allow"},{"permission":"external_directory","pattern":"/home/sourcecraft-ci-runner/sourcecraft/workspace/.opencode/skills/shadcn/*","action":"allow"},{"permission":"external_directory","pattern":"/root/.config/sourcecraft/opencode/skills/src-cli/*","action":"allow"},{"permission":"external_directory","pattern":"/root/.config/sourcecraft/opencode/skills/pr-description/*","action":"allow"},{"permission":"external_directory","pattern":"/root/.config/sourcecraft/opencode/skills/codereview/*","action":"allow"},{"permission":"question","action":"deny","pattern":"*"},{"permission":"plan_enter","action":"deny","pattern":"*"},{"permission":"plan_exit","action":"deny","pattern":"*"},{"permission":"read","pattern":"*","action":"allow"},{"permission":"read","pattern":"*.env","action":"ask"},{"permission":"read","pattern":"*.env.*","action":"ask"},{"permission":"read","pattern":"*.env.example","action":"allow"},{"permission":"question","action":"allow","pattern":"*"},{"permission":"plan_enter","action":"allow","pattern":"*"},{"permission":"question","action":"deny","pattern":"*"},{"permission":"external_directory","pattern":"/root/.local/share/opencode/tool-output/*","action":"allow"}] evaluate
INFO  2026-07-15T02:44:16 +0ms service=tool.registry status=completed duration=1 task
INFO  2026-07-15T02:44:16 +1ms service=session.prompt status=completed duration=3 resolveTools
INFO  2026-07-15T02:44:16 +1ms service=permission permission=skill pattern=asset-workflow ruleset=[{"permission":"*","action":"allow","pattern":"*"},{"permission":"doom_loop","action":"ask","pattern":"*"},{"permission":"external_directory","pattern":"*","action":"ask"},{"permission":"external_directory","pattern":"/root/.local/share/opencode/tool-output/*","action":"allow"},{"permission":"external_directory","pattern":"/home/sourcecraft-ci-runner/sourcecraft/workspace/.opencode/skills/asset-workflow/*","action":"allow"},{"permission":"external_directory","pattern":"/home/sourcecraft-ci-runner/sourcecraft/workspace/.opencode/skills/dynamodb-crud-resource/*","action":"allow"},{"permission":"external_directory","pattern":"/home/sourcecraft-ci-runner/sourcecraft/workspace/.opencode/skills/playwright-cli/*","action":"allow"},{"permission":"external_directory","pattern":"/home/sourcecraft-ci-runner/sourcecraft/workspace/.opencode/skills/shadcn/*","action":"allow"},{"permission":"external_directory","pattern":"/root/.config/sourcecraft/opencode/skills/src-cli/*","action":"allow"},{"permission":"external_directory","pattern":"/root/.config/sourcecraft/opencode/skills/pr-description/*","action":"allow"},{"permission":"external_directory","pattern":"/root/.config/sourcecraft/opencode/skills/codereview/*","action":"allow"},{"permission":"question","action":"deny","pattern":"*"},{"permission":"plan_enter","action":"deny","pattern":"*"},{"permission":"plan_exit","action":"deny","pattern":"*"},{"permission":"read","pattern":"*","action":"allow"},{"permission":"read","pattern":"*.env","action":"ask"},{"permission":"read","pattern":"*.env.*","action":"ask"},{"permission":"read","pattern":"*.env.example","action":"allow"},{"permission":"question","action":"allow","pattern":"*"},{"permission":"plan_enter","action":"allow","pattern":"*"},{"permission":"question","action":"deny","pattern":"*"},{"permission":"external_directory","pattern":"/root/.local/share/opencode/tool-output/*","action":"allow"}] evaluate
INFO  2026-07-15T02:44:16 +0ms service=permission permission=skill pattern=codereview ruleset=[{"permission":"*","action":"allow","pattern":"*"},{"permission":"doom_loop","action":"ask","pattern":"*"},{"permission":"external_directory","pattern":"*","action":"ask"},{"permission":"external_directory","pattern":"/root/.local/share/opencode/tool-output/*","action":"allow"},{"permission":"external_directory","pattern":"/home/sourcecraft-ci-runner/sourcecraft/workspace/.opencode/skills/asset-workflow/*","action":"allow"},{"permission":"external_directory","pattern":"/home/sourcecraft-ci-runner/sourcecraft/workspace/.opencode/skills/dynamodb-crud-resource/*","action":"allow"},{"permission":"external_directory","pattern":"/home/sourcecraft-ci-runner/sourcecraft/workspace/.opencode/skills/playwright-cli/*","action":"allow"},{"permission":"external_directory","pattern":"/home/sourcecraft-ci-runner/sourcecraft/workspace/.opencode/skills/shadcn/*","action":"allow"},{"permission":"external_directory","pattern":"/root/.config/sourcecraft/opencode/skills/src-cli/*","action":"allow"},{"permission":"external_directory","pattern":"/root/.config/sourcecraft/opencode/skills/pr-description/*","action":"allow"},{"permission":"external_directory","pattern":"/root/.config/sourcecraft/opencode/skills/codereview/*","action":"allow"},{"permission":"question","action":"deny","pattern":"*"},{"permission":"plan_enter","action":"deny","pattern":"*"},{"permission":"plan_exit","action":"deny","pattern":"*"},{"permission":"read","pattern":"*","action":"allow"},{"permission":"read","pattern":"*.env","action":"ask"},{"permission":"read","pattern":"*.env.*","action":"ask"},{"permission":"read","pattern":"*.env.example","action":"allow"},{"permission":"question","action":"allow","pattern":"*"},{"permission":"plan_enter","action":"allow","pattern":"*"},{"permission":"question","action":"deny","pattern":"*"},{"permission":"external_directory","pattern":"/root/.local/share/opencode/tool-output/*","action":"allow"}] evaluate
INFO  2026-07-15T02:44:16 +0ms service=permission permission=skill pattern=dynamodb-crud-resource ruleset=[{"permission":"*","action":"allow","pattern":"*"},{"permission":"doom_loop","action":"ask","pattern":"*"},{"permission":"external_directory","pattern":"*","action":"ask"},{"permission":"external_directory","pattern":"/root/.local/share/opencode/tool-output/*","action":"allow"},{"permission":"external_directory","pattern":"/home/sourcecraft-ci-runner/sourcecraft/workspace/.opencode/skills/asset-workflow/*","action":"allow"},{"permission":"external_directory","pattern":"/home/sourcecraft-ci-runner/sourcecraft/workspace/.opencode/skills/dynamodb-crud-resource/*","action":"allow"},{"permission":"external_directory","pattern":"/home/sourcecraft-ci-runner/sourcecraft/workspace/.opencode/skills/playwright-cli/*","action":"allow"},{"permission":"external_directory","pattern":"/home/sourcecraft-ci-runner/sourcecraft/workspace/.opencode/skills/shadcn/*","action":"allow"},{"permission":"external_directory","pattern":"/root/.config/sourcecraft/opencode/skills/src-cli/*","action":"allow"},{"permission":"external_directory","pattern":"/root/.config/sourcecraft/opencode/skills/pr-description/*","action":"allow"},{"permission":"external_directory","pattern":"/root/.config/sourcecraft/opencode/skills/codereview/*","action":"allow"},{"permission":"question","action":"deny","pattern":"*"},{"permission":"plan_enter","action":"deny","pattern":"*"},{"permission":"plan_exit","action":"deny","pattern":"*"},{"permission":"read","pattern":"*","action":"allow"},{"permission":"read","pattern":"*.env","action":"ask"},{"permission":"read","pattern":"*.env.*","action":"ask"},{"permission":"read","pattern":"*.env.example","action":"allow"},{"permission":"question","action":"allow","pattern":"*"},{"permission":"plan_enter","action":"allow","pattern":"*"},{"permission":"question","action":"deny","pattern":"*"},{"permission":"external_directory","pattern":"/root/.local/share/opencode/tool-output/*","action":"allow"}] evaluate
INFO  2026-07-15T02:44:16 +0ms service=permission permission=skill pattern=playwright-cli ruleset=[{"permission":"*","action":"allow","pattern":"*"},{"permission":"doom_loop","action":"ask","pattern":"*"},{"permission":"external_directory","pattern":"*","action":"ask"},{"permission":"external_directory","pattern":"/root/.local/share/opencode/tool-output/*","action":"allow"},{"permission":"external_directory","pattern":"/home/sourcecraft-ci-runner/sourcecraft/workspace/.opencode/skills/asset-workflow/*","action":"allow"},{"permission":"external_directory","pattern":"/home/sourcecraft-ci-runner/sourcecraft/workspace/.opencode/skills/dynamodb-crud-resource/*","action":"allow"},{"permission":"external_directory","pattern":"/home/sourcecraft-ci-runner/sourcecraft/workspace/.opencode/skills/playwright-cli/*","action":"allow"},{"permission":"external_directory","pattern":"/home/sourcecraft-ci-runner/sourcecraft/workspace/.opencode/skills/shadcn/*","action":"allow"},{"permission":"external_directory","pattern":"/root/.config/sourcecraft/opencode/skills/src-cli/*","action":"allow"},{"permission":"external_directory","pattern":"/root/.config/sourcecraft/opencode/skills/pr-description/*","action":"allow"},{"permission":"external_directory","pattern":"/root/.config/sourcecraft/opencode/skills/codereview/*","action":"allow"},{"permission":"question","action":"deny","pattern":"*"},{"permission":"plan_enter","action":"deny","pattern":"*"},{"permission":"plan_exit","action":"deny","pattern":"*"},{"permission":"read","pattern":"*","action":"allow"},{"permission":"read","pattern":"*.env","action":"ask"},{"permission":"read","pattern":"*.env.*","action":"ask"},{"permission":"read","pattern":"*.env.example","action":"allow"},{"permission":"question","action":"allow","pattern":"*"},{"permission":"plan_enter","action":"allow","pattern":"*"},{"permission":"question","action":"deny","pattern":"*"},{"permission":"external_directory","pattern":"/root/.local/share/opencode/tool-output/*","action":"allow"}] evaluate
INFO  2026-07-15T02:44:16 +0ms service=permission permission=skill pattern=pr-description ruleset=[{"permission":"*","action":"allow","pattern":"*"},{"permission":"doom_loop","action":"ask","pattern":"*"},{"permission":"external_directory","pattern":"*","action":"ask"},{"permission":"external_directory","pattern":"/root/.local/share/opencode/tool-output/*","action":"allow"},{"permission":"external_directory","pattern":"/home/sourcecraft-ci-runner/sourcecraft/workspace/.opencode/skills/asset-workflow/*","action":"allow"},{"permission":"external_directory","pattern":"/home/sourcecraft-ci-runner/sourcecraft/workspace/.opencode/skills/dynamodb-crud-resource/*","action":"allow"},{"permission":"external_directory","pattern":"/home/sourcecraft-ci-runner/sourcecraft/workspace/.opencode/skills/playwright-cli/*","action":"allow"},{"permission":"external_directory","pattern":"/home/sourcecraft-ci-runner/sourcecraft/workspace/.opencode/skills/shadcn/*","action":"allow"},{"permission":"external_directory","pattern":"/root/.config/sourcecraft/opencode/skills/src-cli/*","action":"allow"},{"permission":"external_directory","pattern":"/root/.config/sourcecraft/opencode/skills/pr-description/*","action":"allow"},{"permission":"external_directory","pattern":"/root/.config/sourcecraft/opencode/skills/codereview/*","action":"allow"},{"permission":"question","action":"deny","pattern":"*"},{"permission":"plan_enter","action":"deny","pattern":"*"},{"permission":"plan_exit","action":"deny","pattern":"*"},{"permission":"read","pattern":"*","action":"allow"},{"permission":"read","pattern":"*.env","action":"ask"},{"permission":"read","pattern":"*.env.*","action":"ask"},{"permission":"read","pattern":"*.env.example","action":"allow"},{"permission":"question","action":"allow","pattern":"*"},{"permission":"plan_enter","action":"allow","pattern":"*"},{"permission":"question","action":"deny","pattern":"*"},{"permission":"external_directory","pattern":"/root/.local/share/opencode/tool-output/*","action":"allow"}] evaluate
INFO  2026-07-15T02:44:16 +0ms service=permission permission=skill pattern=shadcn ruleset=[{"permission":"*","action":"allow","pattern":"*"},{"permission":"doom_loop","action":"ask","pattern":"*"},{"permission":"external_directory","pattern":"*","action":"ask"},{"permission":"external_directory","pattern":"/root/.local/share/opencode/tool-output/*","action":"allow"},{"permission":"external_directory","pattern":"/home/sourcecraft-ci-runner/sourcecraft/workspace/.opencode/skills/asset-workflow/*","action":"allow"},{"permission":"external_directory","pattern":"/home/sourcecraft-ci-runner/sourcecraft/workspace/.opencode/skills/dynamodb-crud-resource/*","action":"allow"},{"permission":"external_directory","pattern":"/home/sourcecraft-ci-runner/sourcecraft/workspace/.opencode/skills/playwright-cli/*","action":"allow"},{"permission":"external_directory","pattern":"/home/sourcecraft-ci-runner/sourcecraft/workspace/.opencode/skills/shadcn/*","action":"allow"},{"permission":"external_directory","pattern":"/root/.config/sourcecraft/opencode/skills/src-cli/*","action":"allow"},{"permission":"external_directory","pattern":"/root/.config/sourcecraft/opencode/skills/pr-description/*","action":"allow"},{"permission":"external_directory","pattern":"/root/.config/sourcecraft/opencode/skills/codereview/*","action":"allow"},{"permission":"question","action":"deny","pattern":"*"},{"permission":"plan_enter","action":"deny","pattern":"*"},{"permission":"plan_exit","action":"deny","pattern":"*"},{"permission":"read","pattern":"*","action":"allow"},{"permission":"read","pattern":"*.env","action":"ask"},{"permission":"read","pattern":"*.env.*","action":"ask"},{"permission":"read","pattern":"*.env.example","action":"allow"},{"permission":"question","action":"allow","pattern":"*"},{"permission":"plan_enter","action":"allow","pattern":"*"},{"permission":"question","action":"deny","pattern":"*"},{"permission":"external_directory","pattern":"/root/.local/share/opencode/tool-output/*","action":"allow"}] evaluate
INFO  2026-07-15T02:44:16 +0ms service=permission permission=skill pattern=src-cli ruleset=[{"permission":"*","action":"allow","pattern":"*"},{"permission":"doom_loop","action":"ask","pattern":"*"},{"permission":"external_directory","pattern":"*","action":"ask"},{"permission":"external_directory","pattern":"/root/.local/share/opencode/tool-output/*","action":"allow"},{"permission":"external_directory","pattern":"/home/sourcecraft-ci-runner/sourcecraft/workspace/.opencode/skills/asset-workflow/*","action":"allow"},{"permission":"external_directory","pattern":"/home/sourcecraft-ci-runner/sourcecraft/workspace/.opencode/skills/dynamodb-crud-resource/*","action":"allow"},{"permission":"external_directory","pattern":"/home/sourcecraft-ci-runner/sourcecraft/workspace/.opencode/skills/playwright-cli/*","action":"allow"},{"permission":"external_directory","pattern":"/home/sourcecraft-ci-runner/sourcecraft/workspace/.opencode/skills/shadcn/*","action":"allow"},{"permission":"external_directory","pattern":"/root/.config/sourcecraft/opencode/skills/src-cli/*","action":"allow"},{"permission":"external_directory","pattern":"/root/.config/sourcecraft/opencode/skills/pr-description/*","action":"allow"},{"permission":"external_directory","pattern":"/root/.config/sourcecraft/opencode/skills/codereview/*","action":"allow"},{"permission":"question","action":"deny","pattern":"*"},{"permission":"plan_enter","action":"deny","pattern":"*"},{"permission":"plan_exit","action":"deny","pattern":"*"},{"permission":"read","pattern":"*","action":"allow"},{"permission":"read","pattern":"*.env","action":"ask"},{"permission":"read","pattern":"*.env.*","action":"ask"},{"permission":"read","pattern":"*.env.example","action":"allow"},{"permission":"question","action":"allow","pattern":"*"},{"permission":"plan_enter","action":"allow","pattern":"*"},{"permission":"question","action":"deny","pattern":"*"},{"permission":"external_directory","pattern":"/root/.local/share/opencode/tool-output/*","action":"allow"}] evaluate
INFO  2026-07-15T02:44:16 +12ms service=session.processor process
INFO  2026-07-15T02:44:16 +1ms service=llm providerID=sourcecraft modelID=default sessionID=ses_09c5880aeffe7gUJBWRjvSwHuh small=false agent=build mode=primary stream
INFO  2026-07-15T02:44:16 +2ms service=bus type=context.usage.updated publishing
INFO  2026-07-15T02:44:16 +7ms service=bus type=session.status publishing
INFO  2026-07-15T02:44:16 +26ms service=bus type=message.updated publishing
INFO  2026-07-15T02:44:17 +768ms service=bus type=message.part.updated publishing
INFO  2026-07-15T02:44:17 +1ms service=bus type=message.part.updated publishing
INFO  2026-07-15T02:44:17 +1ms service=bus type=message.part.delta publishing
INFO  2026-07-15T02:44:17 +2ms service=bus type=message.part.delta publishing
INFO  2026-07-15T02:44:17 +16ms service=bus type=message.part.delta publishing
INFO  2026-07-15T02:44:17 +4ms service=bus type=message.part.delta publishing
INFO  2026-07-15T02:44:17 +14ms service=bus type=message.part.delta publishing
INFO  2026-07-15T02:44:17 +6ms service=bus type=message.part.delta publishing
INFO  2026-07-15T02:44:17 +9ms service=bus type=message.part.delta publishing
INFO  2026-07-15T02:44:17 +23ms service=bus type=message.part.delta publishing
INFO  2026-07-15T02:44:17 +1ms service=bus type=message.part.delta publishing
INFO  2026-07-15T02:44:17 +7ms service=bus type=message.part.delta publishing
INFO  2026-07-15T02:44:17 +9ms service=bus type=message.part.delta publishing
INFO  2026-07-15T02:44:17 +9ms service=bus type=message.part.delta publishing
INFO  2026-07-15T02:44:17 +14ms service=bus type=message.part.delta publishing
INFO  2026-07-15T02:44:17 +6ms service=bus type=message.part.delta publishing
INFO  2026-07-15T02:44:17 +11ms service=bus type=message.part.delta publishing
INFO  2026-07-15T02:44:17 +9ms service=bus type=message.part.delta publishing
INFO  2026-07-15T02:44:17 +10ms service=bus type=message.part.delta publishing
INFO  2026-07-15T02:44:17 +12ms service=bus type=message.part.delta publishing
INFO  2026-07-15T02:44:17 +8ms service=bus type=message.part.delta publishing
INFO  2026-07-15T02:44:17 +9ms service=bus type=message.part.delta publishing
INFO  2026-07-15T02:44:17 +10ms service=bus type=message.part.delta publishing
INFO  2026-07-15T02:44:17 +10ms service=bus type=message.part.delta publishing
INFO  2026-07-15T02:44:17 +12ms service=bus type=message.part.delta publishing
INFO  2026-07-15T02:44:17 +7ms service=bus type=message.part.delta publishing
INFO  2026-07-15T02:44:17 +11ms service=bus type=message.part.delta publishing
INFO  2026-07-15T02:44:17 +9ms service=bus type=message.part.delta publishing
INFO  2026-07-15T02:44:17 +10ms service=bus type=message.part.delta publishing
INFO  2026-07-15T02:44:17 +12ms service=bus type=message.part.delta publishing
INFO  2026-07-15T02:44:17 +8ms service=bus type=message.part.delta publishing
INFO  2026-07-15T02:44:17 +11ms service=bus type=message.part.delta publishing
INFO  2026-07-15T02:44:17 +13ms service=bus type=message.part.delta publishing
INFO  2026-07-15T02:44:17 +6ms service=bus type=message.part.delta publishing
INFO  2026-07-15T02:44:17 +10ms service=bus type=message.part.delta publishing
INFO  2026-07-15T02:44:17 +9ms service=bus type=message.part.delta publishing
INFO  2026-07-15T02:44:17 +12ms service=bus type=message.part.delta publishing
INFO  2026-07-15T02:44:17 +11ms service=bus type=message.part.delta publishing
INFO  2026-07-15T02:44:17 +7ms service=bus type=message.part.delta publishing
INFO  2026-07-15T02:44:17 +10ms service=bus type=message.part.delta publishing
INFO  2026-07-15T02:44:17 +10ms service=bus type=message.part.delta publishing
INFO  2026-07-15T02:44:17 +10ms service=bus type=message.part.delta publishing
INFO  2026-07-15T02:44:17 +12ms service=bus type=message.part.delta publishing
INFO  2026-07-15T02:44:17 +9ms service=bus type=message.part.delta publishing
INFO  2026-07-15T02:44:17 +8ms service=bus type=message.part.delta publishing
INFO  2026-07-15T02:44:17 +15ms service=bus type=message.part.delta publishing
INFO  2026-07-15T02:44:17 +6ms service=bus type=message.part.delta publishing
INFO  2026-07-15T02:44:17 +10ms service=bus type=message.part.delta publishing
INFO  2026-07-15T02:44:17 +9ms service=bus type=message.part.delta publishing
INFO  2026-07-15T02:44:17 +10ms service=bus type=message.part.delta publishing
INFO  2026-07-15T02:44:17 +13ms service=bus type=message.part.delta publishing
INFO  2026-07-15T02:44:17 +7ms service=bus type=message.part.delta publishing
INFO  2026-07-15T02:44:17 +9ms service=bus type=message.part.delta publishing
INFO  2026-07-15T02:44:17 +10ms service=bus type=message.part.delta publishing
INFO  2026-07-15T02:44:17 +11ms service=bus type=message.part.delta publishing
INFO  2026-07-15T02:44:17 +12ms service=bus type=message.part.delta publishing
INFO  2026-07-15T02:44:17 +6ms service=bus type=message.part.delta publishing
INFO  2026-07-15T02:44:17 +13ms service=bus type=message.part.delta publishing
INFO  2026-07-15T02:44:17 +13ms service=bus type=message.part.delta publishing
INFO  2026-07-15T02:44:17 +4ms service=bus type=message.part.delta publishing
INFO  2026-07-15T02:44:17 +128ms service=bus type=message.part.updated publishing
INFO  2026-07-15T02:44:17 +50ms service=snapshot hash=d728321012ccdac13e8499bd6e2ec39829fb852a cwd=/home/sourcecraft-ci-runner/sourcecraft/workspace git=/root/.local/share/opencode/snapshot/d5f82bf4c15299500c398fd016ff6068cdd7781b/e180c03326a9b59cd97a62a55fc9e715cbda7426 tracking
INFO  2026-07-15T02:44:17 +4ms service=bus type=message.part.updated publishing
INFO  2026-07-15T02:44:17 +2ms service=bus type=message.updated publishing
INFO  2026-07-15T02:44:17 +35ms service=bus type=message.updated publishing
INFO  2026-07-15T02:44:17 +0ms service=bus type=session.status publishing
INFO  2026-07-15T02:44:17 +0ms service=session.prompt step=9 sessionID=ses_09c5880aeffe7gUJBWRjvSwHuh loop
INFO  2026-07-15T02:44:17 +3ms service=session.prompt sessionID=ses_09c5880aeffe7gUJBWRjvSwHuh exiting loop
INFO  2026-07-15T02:44:17 +5ms service=bus type=session.status publishing
INFO  2026-07-15T02:44:17 +0ms service=bus type=session.idle publishing
INFO  2026-07-15T02:44:17 +6ms service=session.compaction pruning
INFO  2026-07-15T02:44:17 +3ms service=session.compaction pruned=0 total=0 found
INFO  2026-07-15T02:44:18 +45ms service=bus type=session.updated publishing
INFO  2026-07-15T02:44:18 +5ms service=bus type=session.diff publishing
INFO  2026-07-15T02:44:18 +23ms service=bus type=message.updated publishing
